source_name	source_dtype	source_shape	transformation	destination_name	destination_dtype	destination_shape	component	role
model.diffusion_model.adaln_single.emb.timestep_embedder.linear_1.bias	BF16	[2048]	identity_bytes	denoiser.adaln_single.emb.timestep_embedder.linear_1.bias	BF16	[2048]	denoiser	weight
model.diffusion_model.adaln_single.emb.timestep_embedder.linear_1.weight	BF16	[2048,256]	identity_bytes	denoiser.adaln_single.emb.timestep_embedder.linear_1.weight	BF16	[2048,256]	denoiser	weight
model.diffusion_model.adaln_single.emb.timestep_embedder.linear_2.bias	BF16	[2048]	identity_bytes	denoiser.adaln_single.emb.timestep_embedder.linear_2.bias	BF16	[2048]	denoiser	weight
model.diffusion_model.adaln_single.emb.timestep_embedder.linear_2.weight	BF16	[2048,2048]	identity_bytes	denoiser.adaln_single.emb.timestep_embedder.linear_2.weight	BF16	[2048,2048]	denoiser	weight
model.diffusion_model.adaln_single.linear.bias	BF16	[12288]	identity_bytes	denoiser.adaln_single.linear.bias	BF16	[12288]	denoiser	weight
model.diffusion_model.adaln_single.linear.weight	BF16	[12288,2048]	identity_bytes	denoiser.adaln_single.linear.weight	BF16	[12288,2048]	denoiser	weight
model.diffusion_model.caption_projection.linear_1.bias	BF16	[2048]	identity_bytes	denoiser.caption_projection.linear_1.bias	BF16	[2048]	denoiser	weight
model.diffusion_model.caption_projection.linear_1.weight	BF16	[2048,4096]	identity_bytes	denoiser.caption_projection.linear_1.weight	BF16	[2048,4096]	denoiser	weight
model.diffusion_model.caption_projection.linear_2.bias	BF16	[2048]	identity_bytes	denoiser.caption_projection.linear_2.bias	BF16	[2048]	denoiser	weight
model.diffusion_model.caption_projection.linear_2.weight	BF16	[2048,2048]	identity_bytes	denoiser.caption_projection.linear_2.weight	BF16	[2048,2048]	denoiser	weight
model.diffusion_model.patchify_proj.bias	BF16	[2048]	identity_bytes	denoiser.patchify_proj.bias	BF16	[2048]	denoiser	weight
model.diffusion_model.patchify_proj.weight	BF16	[2048,128]	identity_bytes	denoiser.patchify_proj.weight	BF16	[2048,128]	denoiser	weight
model.diffusion_model.proj_out.bias	BF16	[128]	identity_bytes	denoiser.proj_out.bias	BF16	[128]	denoiser	weight
model.diffusion_model.proj_out.weight	BF16	[128,2048]	identity_bytes	denoiser.proj_out.weight	BF16	[128,2048]	denoiser	weight
model.diffusion_model.scale_shift_table	BF16	[2,2048]	identity_bytes	denoiser.scale_shift_table	BF16	[2,2048]	denoiser	weight
model.diffusion_model.transformer_blocks.0.attn1.k_norm.weight	BF16	[2048]	identity_bytes	denoiser.transformer_blocks.0.attn1.k_norm.weight	BF16	[2048]	denoiser	weight
model.diffusion_model.transformer_blocks.0.attn1.q_norm.weight	BF16	[2048]	identity_bytes	denoiser.transformer_blocks.0.attn1.q_norm.weight	BF16	[2048]	denoiser	weight
model.diffusion_model.transformer_blocks.0.attn1.to_k.bias	BF16	[2048]	identity_bytes	denoiser.transformer_blocks.0.attn1.to_k.bias	BF16	[2048]	denoiser	weight
model.diffusion_model.transformer_blocks.0.attn1.to_k.weight	BF16	[2048,2048]	identity_bytes	denoiser.transformer_blocks.0.attn1.to_k.weight	BF16	[2048,2048]	denoiser	weight
model.diffusion_model.transformer_blocks.0.attn1.to_out.0.bias	BF16	[2048]	identity_bytes	denoiser.transformer_blocks.0.attn1.to_out.0.bias	BF16	[2048]	denoiser	weight
model.diffusion_model.transformer_blocks.0.attn1.to_out.0.weight	BF16	[2048,2048]	identity_bytes	denoiser.transformer_blocks.0.attn1.to_out.0.weight	BF16	[2048,2048]	denoiser	weight
model.diffusion_model.transformer_blocks.0.attn1.to_q.bias	BF16	[2048]	identity_bytes	denoiser.transformer_blocks.0.attn1.to_q.bias	BF16	[2048]	denoiser	weight
model.diffusion_model.transformer_blocks.0.attn1.to_q.weight	BF16	[2048,2048]	identity_bytes	denoiser.transformer_blocks.0.attn1.to_q.weight	BF16	[2048,2048]	denoiser	weight
model.diffusion_model.transformer_blocks.0.attn1.to_v.bias	BF16	[2048]	identity_bytes	denoiser.transformer_blocks.0.attn1.to_v.bias	BF16	[2048]	denoiser	weight
model.diffusion_model.transformer_blocks.0.attn1.to_v.weight	BF16	[2048,2048]	identity_bytes	denoiser.transformer_blocks.0.attn1.to_v.weight	BF16	[2048,2048]	denoiser	weight
model.diffusion_model.transformer_blocks.0.attn2.k_norm.weight	BF16	[2048]	identity_bytes	denoiser.transformer_blocks.0.attn2.k_norm.weight	BF16	[2048]	denoiser	weight
model.diffusion_model.transformer_blocks.0.attn2.q_norm.weight	BF16	[2048]	identity_bytes	denoiser.transformer_blocks.0.attn2.q_norm.weight	BF16	[2048]	denoiser	weight
model.diffusion_model.transformer_blocks.0.attn2.to_k.bias	BF16	[2048]	identity_bytes	denoiser.transformer_blocks.0.attn2.to_k.bias	BF16	[2048]	denoiser	weight
model.diffusion_model.transformer_blocks.0.attn2.to_k.weight	BF16	[2048,2048]	identity_bytes	denoiser.transformer_blocks.0.attn2.to_k.weight	BF16	[2048,2048]	denoiser	weight
model.diffusion_model.transformer_blocks.0.attn2.to_out.0.bias	BF16	[2048]	identity_bytes	denoiser.transformer_blocks.0.attn2.to_out.0.bias	BF16	[2048]	denoiser	weight
model.diffusion_model.transformer_blocks.0.attn2.to_out.0.weight	BF16	[2048,2048]	identity_bytes	denoiser.transformer_blocks.0.attn2.to_out.0.weight	BF16	[2048,2048]	denoiser	weight
model.diffusion_model.transformer_blocks.0.attn2.to_q.bias	BF16	[2048]	identity_bytes	denoiser.transformer_blocks.0.attn2.to_q.bias	BF16	[2048]	denoiser	weight
model.diffusion_model.transformer_blocks.0.attn2.to_q.weight	BF16	[2048,2048]	identity_bytes	denoiser.transformer_blocks.0.attn2.to_q.weight	BF16	[2048,2048]	denoiser	weight
model.diffusion_model.transformer_blocks.0.attn2.to_v.bias	BF16	[2048]	identity_bytes	denoiser.transformer_blocks.0.attn2.to_v.bias	BF16	[2048]	denoiser	weight
model.diffusion_model.transformer_blocks.0.attn2.to_v.weight	BF16	[2048,2048]	identity_bytes	denoiser.transformer_blocks.0.attn2.to_v.weight	BF16	[2048,2048]	denoiser	weight
model.diffusion_model.transformer_blocks.0.ff.net.0.proj.bias	BF16	[8192]	identity_bytes	denoiser.transformer_blocks.0.ff.net.0.proj.bias	BF16	[8192]	denoiser	weight
model.diffusion_model.transformer_blocks.0.ff.net.0.proj.weight	BF16	[8192,2048]	identity_bytes	denoiser.transformer_blocks.0.ff.net.0.proj.weight	BF16	[8192,2048]	denoiser	weight
model.diffusion_model.transformer_blocks.0.ff.net.2.bias	BF16	[2048]	identity_bytes	denoiser.transformer_blocks.0.ff.net.2.bias	BF16	[2048]	denoiser	weight
model.diffusion_model.transformer_blocks.0.ff.net.2.weight	BF16	[2048,8192]	identity_bytes	denoiser.transformer_blocks.0.ff.net.2.weight	BF16	[2048,8192]	denoiser	weight
model.diffusion_model.transformer_blocks.0.scale_shift_table	BF16	[6,2048]	identity_bytes	denoiser.transformer_blocks.0.scale_shift_table	BF16	[6,2048]	denoiser	weight
model.diffusion_model.transformer_blocks.1.attn1.k_norm.weight	BF16	[2048]	identity_bytes	denoiser.transformer_blocks.1.attn1.k_norm.weight	BF16	[2048]	denoiser	weight
model.diffusion_model.transformer_blocks.1.attn1.q_norm.weight	BF16	[2048]	identity_bytes	denoiser.transformer_blocks.1.attn1.q_norm.weight	BF16	[2048]	denoiser	weight
model.diffusion_model.transformer_blocks.1.attn1.to_k.bias	BF16	[2048]	identity_bytes	denoiser.transformer_blocks.1.attn1.to_k.bias	BF16	[2048]	denoiser	weight
model.diffusion_model.transformer_blocks.1.attn1.to_k.weight	BF16	[2048,2048]	identity_bytes	denoiser.transformer_blocks.1.attn1.to_k.weight	BF16	[2048,2048]	denoiser	weight
model.diffusion_model.transformer_blocks.1.attn1.to_out.0.bias	BF16	[2048]	identity_bytes	denoiser.transformer_blocks.1.attn1.to_out.0.bias	BF16	[2048]	denoiser	weight
model.diffusion_model.transformer_blocks.1.attn1.to_out.0.weight	BF16	[2048,2048]	identity_bytes	denoiser.transformer_blocks.1.attn1.to_out.0.weight	BF16	[2048,2048]	denoiser	weight
model.diffusion_model.transformer_blocks.1.attn1.to_q.bias	BF16	[2048]	identity_bytes	denoiser.transformer_blocks.1.attn1.to_q.bias	BF16	[2048]	denoiser	weight
model.diffusion_model.transformer_blocks.1.attn1.to_q.weight	BF16	[2048,2048]	identity_bytes	denoiser.transformer_blocks.1.attn1.to_q.weight	BF16	[2048,2048]	denoiser	weight
model.diffusion_model.transformer_blocks.1.attn1.to_v.bias	BF16	[2048]	identity_bytes	denoiser.transformer_blocks.1.attn1.to_v.bias	BF16	[2048]	denoiser	weight
model.diffusion_model.transformer_blocks.1.attn1.to_v.weight	BF16	[2048,2048]	identity_bytes	denoiser.transformer_blocks.1.attn1.to_v.weight	BF16	[2048,2048]	denoiser	weight
model.diffusion_model.transformer_blocks.1.attn2.k_norm.weight	BF16	[2048]	identity_bytes	denoiser.transformer_blocks.1.attn2.k_norm.weight	BF16	[2048]	denoiser	weight
model.diffusion_model.transformer_blocks.1.attn2.q_norm.weight	BF16	[2048]	identity_bytes	denoiser.transformer_blocks.1.attn2.q_norm.weight	BF16	[2048]	denoiser	weight
model.diffusion_model.transformer_blocks.1.attn2.to_k.bias	BF16	[2048]	identity_bytes	denoiser.transformer_blocks.1.attn2.to_k.bias	BF16	[2048]	denoiser	weight
model.diffusion_model.transformer_blocks.1.attn2.to_k.weight	BF16	[2048,2048]	identity_bytes	denoiser.transformer_blocks.1.attn2.to_k.weight	BF16	[2048,2048]	denoiser	weight
model.diffusion_model.transformer_blocks.1.attn2.to_out.0.bias	BF16	[2048]	identity_bytes	denoiser.transformer_blocks.1.attn2.to_out.0.bias	BF16	[2048]	denoiser	weight
model.diffusion_model.transformer_blocks.1.attn2.to_out.0.weight	BF16	[2048,2048]	identity_bytes	denoiser.transformer_blocks.1.attn2.to_out.0.weight	BF16	[2048,2048]	denoiser	weight
model.diffusion_model.transformer_blocks.1.attn2.to_q.bias	BF16	[2048]	identity_bytes	denoiser.transformer_blocks.1.attn2.to_q.bias	BF16	[2048]	denoiser	weight
model.diffusion_model.transformer_blocks.1.attn2.to_q.weight	BF16	[2048,2048]	identity_bytes	denoiser.transformer_blocks.1.attn2.to_q.weight	BF16	[2048,2048]	denoiser	weight
model.diffusion_model.transformer_blocks.1.attn2.to_v.bias	BF16	[2048]	identity_bytes	denoiser.transformer_blocks.1.attn2.to_v.bias	BF16	[2048]	denoiser	weight
model.diffusion_model.transformer_blocks.1.attn2.to_v.weight	BF16	[2048,2048]	identity_bytes	denoiser.transformer_blocks.1.attn2.to_v.weight	BF16	[2048,2048]	denoiser	weight
model.diffusion_model.transformer_blocks.1.ff.net.0.proj.bias	BF16	[8192]	identity_bytes	denoiser.transformer_blocks.1.ff.net.0.proj.bias	BF16	[8192]	denoiser	weight
model.diffusion_model.transformer_blocks.1.ff.net.0.proj.weight	BF16	[8192,2048]	identity_bytes	denoiser.transformer_blocks.1.ff.net.0.proj.weight	BF16	[8192,2048]	denoiser	weight
model.diffusion_model.transformer_blocks.1.ff.net.2.bias	BF16	[2048]	identity_bytes	denoiser.transformer_blocks.1.ff.net.2.bias	BF16	[2048]	denoiser	weight
model.diffusion_model.transformer_blocks.1.ff.net.2.weight	BF16	[2048,8192]	identity_bytes	denoiser.transformer_blocks.1.ff.net.2.weight	BF16	[2048,8192]	denoiser	weight
model.diffusion_model.transformer_blocks.1.scale_shift_table	BF16	[6,2048]	identity_bytes	denoiser.transformer_blocks.1.scale_shift_table	BF16	[6,2048]	denoiser	weight
model.diffusion_model.transformer_blocks.10.attn1.k_norm.weight	BF16	[2048]	identity_bytes	denoiser.transformer_blocks.10.attn1.k_norm.weight	BF16	[2048]	denoiser	weight
model.diffusion_model.transformer_blocks.10.attn1.q_norm.weight	BF16	[2048]	identity_bytes	denoiser.transformer_blocks.10.attn1.q_norm.weight	BF16	[2048]	denoiser	weight
model.diffusion_model.transformer_blocks.10.attn1.to_k.bias	BF16	[2048]	identity_bytes	denoiser.transformer_blocks.10.attn1.to_k.bias	BF16	[2048]	denoiser	weight
model.diffusion_model.transformer_blocks.10.attn1.to_k.weight	BF16	[2048,2048]	identity_bytes	denoiser.transformer_blocks.10.attn1.to_k.weight	BF16	[2048,2048]	denoiser	weight
model.diffusion_model.transformer_blocks.10.attn1.to_out.0.bias	BF16	[2048]	identity_bytes	denoiser.transformer_blocks.10.attn1.to_out.0.bias	BF16	[2048]	denoiser	weight
model.diffusion_model.transformer_blocks.10.attn1.to_out.0.weight	BF16	[2048,2048]	identity_bytes	denoiser.transformer_blocks.10.attn1.to_out.0.weight	BF16	[2048,2048]	denoiser	weight
model.diffusion_model.transformer_blocks.10.attn1.to_q.bias	BF16	[2048]	identity_bytes	denoiser.transformer_blocks.10.attn1.to_q.bias	BF16	[2048]	denoiser	weight
model.diffusion_model.transformer_blocks.10.attn1.to_q.weight	BF16	[2048,2048]	identity_bytes	denoiser.transformer_blocks.10.attn1.to_q.weight	BF16	[2048,2048]	denoiser	weight
model.diffusion_model.transformer_blocks.10.attn1.to_v.bias	BF16	[2048]	identity_bytes	denoiser.transformer_blocks.10.attn1.to_v.bias	BF16	[2048]	denoiser	weight
model.diffusion_model.transformer_blocks.10.attn1.to_v.weight	BF16	[2048,2048]	identity_bytes	denoiser.transformer_blocks.10.attn1.to_v.weight	BF16	[2048,2048]	denoiser	weight
model.diffusion_model.transformer_blocks.10.attn2.k_norm.weight	BF16	[2048]	identity_bytes	denoiser.transformer_blocks.10.attn2.k_norm.weight	BF16	[2048]	denoiser	weight
model.diffusion_model.transformer_blocks.10.attn2.q_norm.weight	BF16	[2048]	identity_bytes	denoiser.transformer_blocks.10.attn2.q_norm.weight	BF16	[2048]	denoiser	weight
model.diffusion_model.transformer_blocks.10.attn2.to_k.bias	BF16	[2048]	identity_bytes	denoiser.transformer_blocks.10.attn2.to_k.bias	BF16	[2048]	denoiser	weight
model.diffusion_model.transformer_blocks.10.attn2.to_k.weight	BF16	[2048,2048]	identity_bytes	denoiser.transformer_blocks.10.attn2.to_k.weight	BF16	[2048,2048]	denoiser	weight
model.diffusion_model.transformer_blocks.10.attn2.to_out.0.bias	BF16	[2048]	identity_bytes	denoiser.transformer_blocks.10.attn2.to_out.0.bias	BF16	[2048]	denoiser	weight
model.diffusion_model.transformer_blocks.10.attn2.to_out.0.weight	BF16	[2048,2048]	identity_bytes	denoiser.transformer_blocks.10.attn2.to_out.0.weight	BF16	[2048,2048]	denoiser	weight
model.diffusion_model.transformer_blocks.10.attn2.to_q.bias	BF16	[2048]	identity_bytes	denoiser.transformer_blocks.10.attn2.to_q.bias	BF16	[2048]	denoiser	weight
model.diffusion_model.transformer_blocks.10.attn2.to_q.weight	BF16	[2048,2048]	identity_bytes	denoiser.transformer_blocks.10.attn2.to_q.weight	BF16	[2048,2048]	denoiser	weight
model.diffusion_model.transformer_blocks.10.attn2.to_v.bias	BF16	[2048]	identity_bytes	denoiser.transformer_blocks.10.attn2.to_v.bias	BF16	[2048]	denoiser	weight
model.diffusion_model.transformer_blocks.10.attn2.to_v.weight	BF16	[2048,2048]	identity_bytes	denoiser.transformer_blocks.10.attn2.to_v.weight	BF16	[2048,2048]	denoiser	weight
model.diffusion_model.transformer_blocks.10.ff.net.0.proj.bias	BF16	[8192]	identity_bytes	denoiser.transformer_blocks.10.ff.net.0.proj.bias	BF16	[8192]	denoiser	weight
model.diffusion_model.transformer_blocks.10.ff.net.0.proj.weight	BF16	[8192,2048]	identity_bytes	denoiser.transformer_blocks.10.ff.net.0.proj.weight	BF16	[8192,2048]	denoiser	weight
model.diffusion_model.transformer_blocks.10.ff.net.2.bias	BF16	[2048]	identity_bytes	denoiser.transformer_blocks.10.ff.net.2.bias	BF16	[2048]	denoiser	weight
model.diffusion_model.transformer_blocks.10.ff.net.2.weight	BF16	[2048,8192]	identity_bytes	denoiser.transformer_blocks.10.ff.net.2.weight	BF16	[2048,8192]	denoiser	weight
model.diffusion_model.transformer_blocks.10.scale_shift_table	BF16	[6,2048]	identity_bytes	denoiser.transformer_blocks.10.scale_shift_table	BF16	[6,2048]	denoiser	weight
model.diffusion_model.transformer_blocks.11.attn1.k_norm.weight	BF16	[2048]	identity_bytes	denoiser.transformer_blocks.11.attn1.k_norm.weight	BF16	[2048]	denoiser	weight
model.diffusion_model.transformer_blocks.11.attn1.q_norm.weight	BF16	[2048]	identity_bytes	denoiser.transformer_blocks.11.attn1.q_norm.weight	BF16	[2048]	denoiser	weight
model.diffusion_model.transformer_blocks.11.attn1.to_k.bias	BF16	[2048]	identity_bytes	denoiser.transformer_blocks.11.attn1.to_k.bias	BF16	[2048]	denoiser	weight
model.diffusion_model.transformer_blocks.11.attn1.to_k.weight	BF16	[2048,2048]	identity_bytes	denoiser.transformer_blocks.11.attn1.to_k.weight	BF16	[2048,2048]	denoiser	weight
model.diffusion_model.transformer_blocks.11.attn1.to_out.0.bias	BF16	[2048]	identity_bytes	denoiser.transformer_blocks.11.attn1.to_out.0.bias	BF16	[2048]	denoiser	weight
model.diffusion_model.transformer_blocks.11.attn1.to_out.0.weight	BF16	[2048,2048]	identity_bytes	denoiser.transformer_blocks.11.attn1.to_out.0.weight	BF16	[2048,2048]	denoiser	weight
model.diffusion_model.transformer_blocks.11.attn1.to_q.bias	BF16	[2048]	identity_bytes	denoiser.transformer_blocks.11.attn1.to_q.bias	BF16	[2048]	denoiser	weight
model.diffusion_model.transformer_blocks.11.attn1.to_q.weight	BF16	[2048,2048]	identity_bytes	denoiser.transformer_blocks.11.attn1.to_q.weight	BF16	[2048,2048]	denoiser	weight
model.diffusion_model.transformer_blocks.11.attn1.to_v.bias	BF16	[2048]	identity_bytes	denoiser.transformer_blocks.11.attn1.to_v.bias	BF16	[2048]	denoiser	weight
model.diffusion_model.transformer_blocks.11.attn1.to_v.weight	BF16	[2048,2048]	identity_bytes	denoiser.transformer_blocks.11.attn1.to_v.weight	BF16	[2048,2048]	denoiser	weight
model.diffusion_model.transformer_blocks.11.attn2.k_norm.weight	BF16	[2048]	identity_bytes	denoiser.transformer_blocks.11.attn2.k_norm.weight	BF16	[2048]	denoiser	weight
model.diffusion_model.transformer_blocks.11.attn2.q_norm.weight	BF16	[2048]	identity_bytes	denoiser.transformer_blocks.11.attn2.q_norm.weight	BF16	[2048]	denoiser	weight
model.diffusion_model.transformer_blocks.11.attn2.to_k.bias	BF16	[2048]	identity_bytes	denoiser.transformer_blocks.11.attn2.to_k.bias	BF16	[2048]	denoiser	weight
model.diffusion_model.transformer_blocks.11.attn2.to_k.weight	BF16	[2048,2048]	identity_bytes	denoiser.transformer_blocks.11.attn2.to_k.weight	BF16	[2048,2048]	denoiser	weight
model.diffusion_model.transformer_blocks.11.attn2.to_out.0.bias	BF16	[2048]	identity_bytes	denoiser.transformer_blocks.11.attn2.to_out.0.bias	BF16	[2048]	denoiser	weight
model.diffusion_model.transformer_blocks.11.attn2.to_out.0.weight	BF16	[2048,2048]	identity_bytes	denoiser.transformer_blocks.11.attn2.to_out.0.weight	BF16	[2048,2048]	denoiser	weight
model.diffusion_model.transformer_blocks.11.attn2.to_q.bias	BF16	[2048]	identity_bytes	denoiser.transformer_blocks.11.attn2.to_q.bias	BF16	[2048]	denoiser	weight
model.diffusion_model.transformer_blocks.11.attn2.to_q.weight	BF16	[2048,2048]	identity_bytes	denoiser.transformer_blocks.11.attn2.to_q.weight	BF16	[2048,2048]	denoiser	weight
model.diffusion_model.transformer_blocks.11.attn2.to_v.bias	BF16	[2048]	identity_bytes	denoiser.transformer_blocks.11.attn2.to_v.bias	BF16	[2048]	denoiser	weight
model.diffusion_model.transformer_blocks.11.attn2.to_v.weight	BF16	[2048,2048]	identity_bytes	denoiser.transformer_blocks.11.attn2.to_v.weight	BF16	[2048,2048]	denoiser	weight
model.diffusion_model.transformer_blocks.11.ff.net.0.proj.bias	BF16	[8192]	identity_bytes	denoiser.transformer_blocks.11.ff.net.0.proj.bias	BF16	[8192]	denoiser	weight
model.diffusion_model.transformer_blocks.11.ff.net.0.proj.weight	BF16	[8192,2048]	identity_bytes	denoiser.transformer_blocks.11.ff.net.0.proj.weight	BF16	[8192,2048]	denoiser	weight
model.diffusion_model.transformer_blocks.11.ff.net.2.bias	BF16	[2048]	identity_bytes	denoiser.transformer_blocks.11.ff.net.2.bias	BF16	[2048]	denoiser	weight
model.diffusion_model.transformer_blocks.11.ff.net.2.weight	BF16	[2048,8192]	identity_bytes	denoiser.transformer_blocks.11.ff.net.2.weight	BF16	[2048,8192]	denoiser	weight
model.diffusion_model.transformer_blocks.11.scale_shift_table	BF16	[6,2048]	identity_bytes	denoiser.transformer_blocks.11.scale_shift_table	BF16	[6,2048]	denoiser	weight
model.diffusion_model.transformer_blocks.12.attn1.k_norm.weight	BF16	[2048]	identity_bytes	denoiser.transformer_blocks.12.attn1.k_norm.weight	BF16	[2048]	denoiser	weight
model.diffusion_model.transformer_blocks.12.attn1.q_norm.weight	BF16	[2048]	identity_bytes	denoiser.transformer_blocks.12.attn1.q_norm.weight	BF16	[2048]	denoiser	weight
model.diffusion_model.transformer_blocks.12.attn1.to_k.bias	BF16	[2048]	identity_bytes	denoiser.transformer_blocks.12.attn1.to_k.bias	BF16	[2048]	denoiser	weight
model.diffusion_model.transformer_blocks.12.attn1.to_k.weight	BF16	[2048,2048]	identity_bytes	denoiser.transformer_blocks.12.attn1.to_k.weight	BF16	[2048,2048]	denoiser	weight
model.diffusion_model.transformer_blocks.12.attn1.to_out.0.bias	BF16	[2048]	identity_bytes	denoiser.transformer_blocks.12.attn1.to_out.0.bias	BF16	[2048]	denoiser	weight
model.diffusion_model.transformer_blocks.12.attn1.to_out.0.weight	BF16	[2048,2048]	identity_bytes	denoiser.transformer_blocks.12.attn1.to_out.0.weight	BF16	[2048,2048]	denoiser	weight
model.diffusion_model.transformer_blocks.12.attn1.to_q.bias	BF16	[2048]	identity_bytes	denoiser.transformer_blocks.12.attn1.to_q.bias	BF16	[2048]	denoiser	weight
model.diffusion_model.transformer_blocks.12.attn1.to_q.weight	BF16	[2048,2048]	identity_bytes	denoiser.transformer_blocks.12.attn1.to_q.weight	BF16	[2048,2048]	denoiser	weight
model.diffusion_model.transformer_blocks.12.attn1.to_v.bias	BF16	[2048]	identity_bytes	denoiser.transformer_blocks.12.attn1.to_v.bias	BF16	[2048]	denoiser	weight
model.diffusion_model.transformer_blocks.12.attn1.to_v.weight	BF16	[2048,2048]	identity_bytes	denoiser.transformer_blocks.12.attn1.to_v.weight	BF16	[2048,2048]	denoiser	weight
model.diffusion_model.transformer_blocks.12.attn2.k_norm.weight	BF16	[2048]	identity_bytes	denoiser.transformer_blocks.12.attn2.k_norm.weight	BF16	[2048]	denoiser	weight
model.diffusion_model.transformer_blocks.12.attn2.q_norm.weight	BF16	[2048]	identity_bytes	denoiser.transformer_blocks.12.attn2.q_norm.weight	BF16	[2048]	denoiser	weight
model.diffusion_model.transformer_blocks.12.attn2.to_k.bias	BF16	[2048]	identity_bytes	denoiser.transformer_blocks.12.attn2.to_k.bias	BF16	[2048]	denoiser	weight
model.diffusion_model.transformer_blocks.12.attn2.to_k.weight	BF16	[2048,2048]	identity_bytes	denoiser.transformer_blocks.12.attn2.to_k.weight	BF16	[2048,2048]	denoiser	weight
model.diffusion_model.transformer_blocks.12.attn2.to_out.0.bias	BF16	[2048]	identity_bytes	denoiser.transformer_blocks.12.attn2.to_out.0.bias	BF16	[2048]	denoiser	weight
model.diffusion_model.transformer_blocks.12.attn2.to_out.0.weight	BF16	[2048,2048]	identity_bytes	denoiser.transformer_blocks.12.attn2.to_out.0.weight	BF16	[2048,2048]	denoiser	weight
model.diffusion_model.transformer_blocks.12.attn2.to_q.bias	BF16	[2048]	identity_bytes	denoiser.transformer_blocks.12.attn2.to_q.bias	BF16	[2048]	denoiser	weight
model.diffusion_model.transformer_blocks.12.attn2.to_q.weight	BF16	[2048,2048]	identity_bytes	denoiser.transformer_blocks.12.attn2.to_q.weight	BF16	[2048,2048]	denoiser	weight
model.diffusion_model.transformer_blocks.12.attn2.to_v.bias	BF16	[2048]	identity_bytes	denoiser.transformer_blocks.12.attn2.to_v.bias	BF16	[2048]	denoiser	weight
model.diffusion_model.transformer_blocks.12.attn2.to_v.weight	BF16	[2048,2048]	identity_bytes	denoiser.transformer_blocks.12.attn2.to_v.weight	BF16	[2048,2048]	denoiser	weight
model.diffusion_model.transformer_blocks.12.ff.net.0.proj.bias	BF16	[8192]	identity_bytes	denoiser.transformer_blocks.12.ff.net.0.proj.bias	BF16	[8192]	denoiser	weight
model.diffusion_model.transformer_blocks.12.ff.net.0.proj.weight	BF16	[8192,2048]	identity_bytes	denoiser.transformer_blocks.12.ff.net.0.proj.weight	BF16	[8192,2048]	denoiser	weight
model.diffusion_model.transformer_blocks.12.ff.net.2.bias	BF16	[2048]	identity_bytes	denoiser.transformer_blocks.12.ff.net.2.bias	BF16	[2048]	denoiser	weight
model.diffusion_model.transformer_blocks.12.ff.net.2.weight	BF16	[2048,8192]	identity_bytes	denoiser.transformer_blocks.12.ff.net.2.weight	BF16	[2048,8192]	denoiser	weight
model.diffusion_model.transformer_blocks.12.scale_shift_table	BF16	[6,2048]	identity_bytes	denoiser.transformer_blocks.12.scale_shift_table	BF16	[6,2048]	denoiser	weight
model.diffusion_model.transformer_blocks.13.attn1.k_norm.weight	BF16	[2048]	identity_bytes	denoiser.transformer_blocks.13.attn1.k_norm.weight	BF16	[2048]	denoiser	weight
model.diffusion_model.transformer_blocks.13.attn1.q_norm.weight	BF16	[2048]	identity_bytes	denoiser.transformer_blocks.13.attn1.q_norm.weight	BF16	[2048]	denoiser	weight
model.diffusion_model.transformer_blocks.13.attn1.to_k.bias	BF16	[2048]	identity_bytes	denoiser.transformer_blocks.13.attn1.to_k.bias	BF16	[2048]	denoiser	weight
model.diffusion_model.transformer_blocks.13.attn1.to_k.weight	BF16	[2048,2048]	identity_bytes	denoiser.transformer_blocks.13.attn1.to_k.weight	BF16	[2048,2048]	denoiser	weight
model.diffusion_model.transformer_blocks.13.attn1.to_out.0.bias	BF16	[2048]	identity_bytes	denoiser.transformer_blocks.13.attn1.to_out.0.bias	BF16	[2048]	denoiser	weight
model.diffusion_model.transformer_blocks.13.attn1.to_out.0.weight	BF16	[2048,2048]	identity_bytes	denoiser.transformer_blocks.13.attn1.to_out.0.weight	BF16	[2048,2048]	denoiser	weight
model.diffusion_model.transformer_blocks.13.attn1.to_q.bias	BF16	[2048]	identity_bytes	denoiser.transformer_blocks.13.attn1.to_q.bias	BF16	[2048]	denoiser	weight
model.diffusion_model.transformer_blocks.13.attn1.to_q.weight	BF16	[2048,2048]	identity_bytes	denoiser.transformer_blocks.13.attn1.to_q.weight	BF16	[2048,2048]	denoiser	weight
model.diffusion_model.transformer_blocks.13.attn1.to_v.bias	BF16	[2048]	identity_bytes	denoiser.transformer_blocks.13.attn1.to_v.bias	BF16	[2048]	denoiser	weight
model.diffusion_model.transformer_blocks.13.attn1.to_v.weight	BF16	[2048,2048]	identity_bytes	denoiser.transformer_blocks.13.attn1.to_v.weight	BF16	[2048,2048]	denoiser	weight
model.diffusion_model.transformer_blocks.13.attn2.k_norm.weight	BF16	[2048]	identity_bytes	denoiser.transformer_blocks.13.attn2.k_norm.weight	BF16	[2048]	denoiser	weight
model.diffusion_model.transformer_blocks.13.attn2.q_norm.weight	BF16	[2048]	identity_bytes	denoiser.transformer_blocks.13.attn2.q_norm.weight	BF16	[2048]	denoiser	weight
model.diffusion_model.transformer_blocks.13.attn2.to_k.bias	BF16	[2048]	identity_bytes	denoiser.transformer_blocks.13.attn2.to_k.bias	BF16	[2048]	denoiser	weight
model.diffusion_model.transformer_blocks.13.attn2.to_k.weight	BF16	[2048,2048]	identity_bytes	denoiser.transformer_blocks.13.attn2.to_k.weight	BF16	[2048,2048]	denoiser	weight
model.diffusion_model.transformer_blocks.13.attn2.to_out.0.bias	BF16	[2048]	identity_bytes	denoiser.transformer_blocks.13.attn2.to_out.0.bias	BF16	[2048]	denoiser	weight
model.diffusion_model.transformer_blocks.13.attn2.to_out.0.weight	BF16	[2048,2048]	identity_bytes	denoiser.transformer_blocks.13.attn2.to_out.0.weight	BF16	[2048,2048]	denoiser	weight
model.diffusion_model.transformer_blocks.13.attn2.to_q.bias	BF16	[2048]	identity_bytes	denoiser.transformer_blocks.13.attn2.to_q.bias	BF16	[2048]	denoiser	weight
model.diffusion_model.transformer_blocks.13.attn2.to_q.weight	BF16	[2048,2048]	identity_bytes	denoiser.transformer_blocks.13.attn2.to_q.weight	BF16	[2048,2048]	denoiser	weight
model.diffusion_model.transformer_blocks.13.attn2.to_v.bias	BF16	[2048]	identity_bytes	denoiser.transformer_blocks.13.attn2.to_v.bias	BF16	[2048]	denoiser	weight
model.diffusion_model.transformer_blocks.13.attn2.to_v.weight	BF16	[2048,2048]	identity_bytes	denoiser.transformer_blocks.13.attn2.to_v.weight	BF16	[2048,2048]	denoiser	weight
model.diffusion_model.transformer_blocks.13.ff.net.0.proj.bias	BF16	[8192]	identity_bytes	denoiser.transformer_blocks.13.ff.net.0.proj.bias	BF16	[8192]	denoiser	weight
model.diffusion_model.transformer_blocks.13.ff.net.0.proj.weight	BF16	[8192,2048]	identity_bytes	denoiser.transformer_blocks.13.ff.net.0.proj.weight	BF16	[8192,2048]	denoiser	weight
model.diffusion_model.transformer_blocks.13.ff.net.2.bias	BF16	[2048]	identity_bytes	denoiser.transformer_blocks.13.ff.net.2.bias	BF16	[2048]	denoiser	weight
model.diffusion_model.transformer_blocks.13.ff.net.2.weight	BF16	[2048,8192]	identity_bytes	denoiser.transformer_blocks.13.ff.net.2.weight	BF16	[2048,8192]	denoiser	weight
model.diffusion_model.transformer_blocks.13.scale_shift_table	BF16	[6,2048]	identity_bytes	denoiser.transformer_blocks.13.scale_shift_table	BF16	[6,2048]	denoiser	weight
model.diffusion_model.transformer_blocks.14.attn1.k_norm.weight	BF16	[2048]	identity_bytes	denoiser.transformer_blocks.14.attn1.k_norm.weight	BF16	[2048]	denoiser	weight
model.diffusion_model.transformer_blocks.14.attn1.q_norm.weight	BF16	[2048]	identity_bytes	denoiser.transformer_blocks.14.attn1.q_norm.weight	BF16	[2048]	denoiser	weight
model.diffusion_model.transformer_blocks.14.attn1.to_k.bias	BF16	[2048]	identity_bytes	denoiser.transformer_blocks.14.attn1.to_k.bias	BF16	[2048]	denoiser	weight
model.diffusion_model.transformer_blocks.14.attn1.to_k.weight	BF16	[2048,2048]	identity_bytes	denoiser.transformer_blocks.14.attn1.to_k.weight	BF16	[2048,2048]	denoiser	weight
model.diffusion_model.transformer_blocks.14.attn1.to_out.0.bias	BF16	[2048]	identity_bytes	denoiser.transformer_blocks.14.attn1.to_out.0.bias	BF16	[2048]	denoiser	weight
model.diffusion_model.transformer_blocks.14.attn1.to_out.0.weight	BF16	[2048,2048]	identity_bytes	denoiser.transformer_blocks.14.attn1.to_out.0.weight	BF16	[2048,2048]	denoiser	weight
model.diffusion_model.transformer_blocks.14.attn1.to_q.bias	BF16	[2048]	identity_bytes	denoiser.transformer_blocks.14.attn1.to_q.bias	BF16	[2048]	denoiser	weight
model.diffusion_model.transformer_blocks.14.attn1.to_q.weight	BF16	[2048,2048]	identity_bytes	denoiser.transformer_blocks.14.attn1.to_q.weight	BF16	[2048,2048]	denoiser	weight
model.diffusion_model.transformer_blocks.14.attn1.to_v.bias	BF16	[2048]	identity_bytes	denoiser.transformer_blocks.14.attn1.to_v.bias	BF16	[2048]	denoiser	weight
model.diffusion_model.transformer_blocks.14.attn1.to_v.weight	BF16	[2048,2048]	identity_bytes	denoiser.transformer_blocks.14.attn1.to_v.weight	BF16	[2048,2048]	denoiser	weight
model.diffusion_model.transformer_blocks.14.attn2.k_norm.weight	BF16	[2048]	identity_bytes	denoiser.transformer_blocks.14.attn2.k_norm.weight	BF16	[2048]	denoiser	weight
model.diffusion_model.transformer_blocks.14.attn2.q_norm.weight	BF16	[2048]	identity_bytes	denoiser.transformer_blocks.14.attn2.q_norm.weight	BF16	[2048]	denoiser	weight
model.diffusion_model.transformer_blocks.14.attn2.to_k.bias	BF16	[2048]	identity_bytes	denoiser.transformer_blocks.14.attn2.to_k.bias	BF16	[2048]	denoiser	weight
model.diffusion_model.transformer_blocks.14.attn2.to_k.weight	BF16	[2048,2048]	identity_bytes	denoiser.transformer_blocks.14.attn2.to_k.weight	BF16	[2048,2048]	denoiser	weight
model.diffusion_model.transformer_blocks.14.attn2.to_out.0.bias	BF16	[2048]	identity_bytes	denoiser.transformer_blocks.14.attn2.to_out.0.bias	BF16	[2048]	denoiser	weight
model.diffusion_model.transformer_blocks.14.attn2.to_out.0.weight	BF16	[2048,2048]	identity_bytes	denoiser.transformer_blocks.14.attn2.to_out.0.weight	BF16	[2048,2048]	denoiser	weight
model.diffusion_model.transformer_blocks.14.attn2.to_q.bias	BF16	[2048]	identity_bytes	denoiser.transformer_blocks.14.attn2.to_q.bias	BF16	[2048]	denoiser	weight
model.diffusion_model.transformer_blocks.14.attn2.to_q.weight	BF16	[2048,2048]	identity_bytes	denoiser.transformer_blocks.14.attn2.to_q.weight	BF16	[2048,2048]	denoiser	weight
model.diffusion_model.transformer_blocks.14.attn2.to_v.bias	BF16	[2048]	identity_bytes	denoiser.transformer_blocks.14.attn2.to_v.bias	BF16	[2048]	denoiser	weight
model.diffusion_model.transformer_blocks.14.attn2.to_v.weight	BF16	[2048,2048]	identity_bytes	denoiser.transformer_blocks.14.attn2.to_v.weight	BF16	[2048,2048]	denoiser	weight
model.diffusion_model.transformer_blocks.14.ff.net.0.proj.bias	BF16	[8192]	identity_bytes	denoiser.transformer_blocks.14.ff.net.0.proj.bias	BF16	[8192]	denoiser	weight
model.diffusion_model.transformer_blocks.14.ff.net.0.proj.weight	BF16	[8192,2048]	identity_bytes	denoiser.transformer_blocks.14.ff.net.0.proj.weight	BF16	[8192,2048]	denoiser	weight
model.diffusion_model.transformer_blocks.14.ff.net.2.bias	BF16	[2048]	identity_bytes	denoiser.transformer_blocks.14.ff.net.2.bias	BF16	[2048]	denoiser	weight
model.diffusion_model.transformer_blocks.14.ff.net.2.weight	BF16	[2048,8192]	identity_bytes	denoiser.transformer_blocks.14.ff.net.2.weight	BF16	[2048,8192]	denoiser	weight
model.diffusion_model.transformer_blocks.14.scale_shift_table	BF16	[6,2048]	identity_bytes	denoiser.transformer_blocks.14.scale_shift_table	BF16	[6,2048]	denoiser	weight
model.diffusion_model.transformer_blocks.15.attn1.k_norm.weight	BF16	[2048]	identity_bytes	denoiser.transformer_blocks.15.attn1.k_norm.weight	BF16	[2048]	denoiser	weight
model.diffusion_model.transformer_blocks.15.attn1.q_norm.weight	BF16	[2048]	identity_bytes	denoiser.transformer_blocks.15.attn1.q_norm.weight	BF16	[2048]	denoiser	weight
model.diffusion_model.transformer_blocks.15.attn1.to_k.bias	BF16	[2048]	identity_bytes	denoiser.transformer_blocks.15.attn1.to_k.bias	BF16	[2048]	denoiser	weight
model.diffusion_model.transformer_blocks.15.attn1.to_k.weight	BF16	[2048,2048]	identity_bytes	denoiser.transformer_blocks.15.attn1.to_k.weight	BF16	[2048,2048]	denoiser	weight
model.diffusion_model.transformer_blocks.15.attn1.to_out.0.bias	BF16	[2048]	identity_bytes	denoiser.transformer_blocks.15.attn1.to_out.0.bias	BF16	[2048]	denoiser	weight
model.diffusion_model.transformer_blocks.15.attn1.to_out.0.weight	BF16	[2048,2048]	identity_bytes	denoiser.transformer_blocks.15.attn1.to_out.0.weight	BF16	[2048,2048]	denoiser	weight
model.diffusion_model.transformer_blocks.15.attn1.to_q.bias	BF16	[2048]	identity_bytes	denoiser.transformer_blocks.15.attn1.to_q.bias	BF16	[2048]	denoiser	weight
model.diffusion_model.transformer_blocks.15.attn1.to_q.weight	BF16	[2048,2048]	identity_bytes	denoiser.transformer_blocks.15.attn1.to_q.weight	BF16	[2048,2048]	denoiser	weight
model.diffusion_model.transformer_blocks.15.attn1.to_v.bias	BF16	[2048]	identity_bytes	denoiser.transformer_blocks.15.attn1.to_v.bias	BF16	[2048]	denoiser	weight
model.diffusion_model.transformer_blocks.15.attn1.to_v.weight	BF16	[2048,2048]	identity_bytes	denoiser.transformer_blocks.15.attn1.to_v.weight	BF16	[2048,2048]	denoiser	weight
model.diffusion_model.transformer_blocks.15.attn2.k_norm.weight	BF16	[2048]	identity_bytes	denoiser.transformer_blocks.15.attn2.k_norm.weight	BF16	[2048]	denoiser	weight
model.diffusion_model.transformer_blocks.15.attn2.q_norm.weight	BF16	[2048]	identity_bytes	denoiser.transformer_blocks.15.attn2.q_norm.weight	BF16	[2048]	denoiser	weight
model.diffusion_model.transformer_blocks.15.attn2.to_k.bias	BF16	[2048]	identity_bytes	denoiser.transformer_blocks.15.attn2.to_k.bias	BF16	[2048]	denoiser	weight
model.diffusion_model.transformer_blocks.15.attn2.to_k.weight	BF16	[2048,2048]	identity_bytes	denoiser.transformer_blocks.15.attn2.to_k.weight	BF16	[2048,2048]	denoiser	weight
model.diffusion_model.transformer_blocks.15.attn2.to_out.0.bias	BF16	[2048]	identity_bytes	denoiser.transformer_blocks.15.attn2.to_out.0.bias	BF16	[2048]	denoiser	weight
model.diffusion_model.transformer_blocks.15.attn2.to_out.0.weight	BF16	[2048,2048]	identity_bytes	denoiser.transformer_blocks.15.attn2.to_out.0.weight	BF16	[2048,2048]	denoiser	weight
model.diffusion_model.transformer_blocks.15.attn2.to_q.bias	BF16	[2048]	identity_bytes	denoiser.transformer_blocks.15.attn2.to_q.bias	BF16	[2048]	denoiser	weight
model.diffusion_model.transformer_blocks.15.attn2.to_q.weight	BF16	[2048,2048]	identity_bytes	denoiser.transformer_blocks.15.attn2.to_q.weight	BF16	[2048,2048]	denoiser	weight
model.diffusion_model.transformer_blocks.15.attn2.to_v.bias	BF16	[2048]	identity_bytes	denoiser.transformer_blocks.15.attn2.to_v.bias	BF16	[2048]	denoiser	weight
model.diffusion_model.transformer_blocks.15.attn2.to_v.weight	BF16	[2048,2048]	identity_bytes	denoiser.transformer_blocks.15.attn2.to_v.weight	BF16	[2048,2048]	denoiser	weight
model.diffusion_model.transformer_blocks.15.ff.net.0.proj.bias	BF16	[8192]	identity_bytes	denoiser.transformer_blocks.15.ff.net.0.proj.bias	BF16	[8192]	denoiser	weight
model.diffusion_model.transformer_blocks.15.ff.net.0.proj.weight	BF16	[8192,2048]	identity_bytes	denoiser.transformer_blocks.15.ff.net.0.proj.weight	BF16	[8192,2048]	denoiser	weight
model.diffusion_model.transformer_blocks.15.ff.net.2.bias	BF16	[2048]	identity_bytes	denoiser.transformer_blocks.15.ff.net.2.bias	BF16	[2048]	denoiser	weight
model.diffusion_model.transformer_blocks.15.ff.net.2.weight	BF16	[2048,8192]	identity_bytes	denoiser.transformer_blocks.15.ff.net.2.weight	BF16	[2048,8192]	denoiser	weight
model.diffusion_model.transformer_blocks.15.scale_shift_table	BF16	[6,2048]	identity_bytes	denoiser.transformer_blocks.15.scale_shift_table	BF16	[6,2048]	denoiser	weight
model.diffusion_model.transformer_blocks.16.attn1.k_norm.weight	BF16	[2048]	identity_bytes	denoiser.transformer_blocks.16.attn1.k_norm.weight	BF16	[2048]	denoiser	weight
model.diffusion_model.transformer_blocks.16.attn1.q_norm.weight	BF16	[2048]	identity_bytes	denoiser.transformer_blocks.16.attn1.q_norm.weight	BF16	[2048]	denoiser	weight
model.diffusion_model.transformer_blocks.16.attn1.to_k.bias	BF16	[2048]	identity_bytes	denoiser.transformer_blocks.16.attn1.to_k.bias	BF16	[2048]	denoiser	weight
model.diffusion_model.transformer_blocks.16.attn1.to_k.weight	BF16	[2048,2048]	identity_bytes	denoiser.transformer_blocks.16.attn1.to_k.weight	BF16	[2048,2048]	denoiser	weight
model.diffusion_model.transformer_blocks.16.attn1.to_out.0.bias	BF16	[2048]	identity_bytes	denoiser.transformer_blocks.16.attn1.to_out.0.bias	BF16	[2048]	denoiser	weight
model.diffusion_model.transformer_blocks.16.attn1.to_out.0.weight	BF16	[2048,2048]	identity_bytes	denoiser.transformer_blocks.16.attn1.to_out.0.weight	BF16	[2048,2048]	denoiser	weight
model.diffusion_model.transformer_blocks.16.attn1.to_q.bias	BF16	[2048]	identity_bytes	denoiser.transformer_blocks.16.attn1.to_q.bias	BF16	[2048]	denoiser	weight
model.diffusion_model.transformer_blocks.16.attn1.to_q.weight	BF16	[2048,2048]	identity_bytes	denoiser.transformer_blocks.16.attn1.to_q.weight	BF16	[2048,2048]	denoiser	weight
model.diffusion_model.transformer_blocks.16.attn1.to_v.bias	BF16	[2048]	identity_bytes	denoiser.transformer_blocks.16.attn1.to_v.bias	BF16	[2048]	denoiser	weight
model.diffusion_model.transformer_blocks.16.attn1.to_v.weight	BF16	[2048,2048]	identity_bytes	denoiser.transformer_blocks.16.attn1.to_v.weight	BF16	[2048,2048]	denoiser	weight
model.diffusion_model.transformer_blocks.16.attn2.k_norm.weight	BF16	[2048]	identity_bytes	denoiser.transformer_blocks.16.attn2.k_norm.weight	BF16	[2048]	denoiser	weight
model.diffusion_model.transformer_blocks.16.attn2.q_norm.weight	BF16	[2048]	identity_bytes	denoiser.transformer_blocks.16.attn2.q_norm.weight	BF16	[2048]	denoiser	weight
model.diffusion_model.transformer_blocks.16.attn2.to_k.bias	BF16	[2048]	identity_bytes	denoiser.transformer_blocks.16.attn2.to_k.bias	BF16	[2048]	denoiser	weight
model.diffusion_model.transformer_blocks.16.attn2.to_k.weight	BF16	[2048,2048]	identity_bytes	denoiser.transformer_blocks.16.attn2.to_k.weight	BF16	[2048,2048]	denoiser	weight
model.diffusion_model.transformer_blocks.16.attn2.to_out.0.bias	BF16	[2048]	identity_bytes	denoiser.transformer_blocks.16.attn2.to_out.0.bias	BF16	[2048]	denoiser	weight
model.diffusion_model.transformer_blocks.16.attn2.to_out.0.weight	BF16	[2048,2048]	identity_bytes	denoiser.transformer_blocks.16.attn2.to_out.0.weight	BF16	[2048,2048]	denoiser	weight
model.diffusion_model.transformer_blocks.16.attn2.to_q.bias	BF16	[2048]	identity_bytes	denoiser.transformer_blocks.16.attn2.to_q.bias	BF16	[2048]	denoiser	weight
model.diffusion_model.transformer_blocks.16.attn2.to_q.weight	BF16	[2048,2048]	identity_bytes	denoiser.transformer_blocks.16.attn2.to_q.weight	BF16	[2048,2048]	denoiser	weight
model.diffusion_model.transformer_blocks.16.attn2.to_v.bias	BF16	[2048]	identity_bytes	denoiser.transformer_blocks.16.attn2.to_v.bias	BF16	[2048]	denoiser	weight
model.diffusion_model.transformer_blocks.16.attn2.to_v.weight	BF16	[2048,2048]	identity_bytes	denoiser.transformer_blocks.16.attn2.to_v.weight	BF16	[2048,2048]	denoiser	weight
model.diffusion_model.transformer_blocks.16.ff.net.0.proj.bias	BF16	[8192]	identity_bytes	denoiser.transformer_blocks.16.ff.net.0.proj.bias	BF16	[8192]	denoiser	weight
model.diffusion_model.transformer_blocks.16.ff.net.0.proj.weight	BF16	[8192,2048]	identity_bytes	denoiser.transformer_blocks.16.ff.net.0.proj.weight	BF16	[8192,2048]	denoiser	weight
model.diffusion_model.transformer_blocks.16.ff.net.2.bias	BF16	[2048]	identity_bytes	denoiser.transformer_blocks.16.ff.net.2.bias	BF16	[2048]	denoiser	weight
model.diffusion_model.transformer_blocks.16.ff.net.2.weight	BF16	[2048,8192]	identity_bytes	denoiser.transformer_blocks.16.ff.net.2.weight	BF16	[2048,8192]	denoiser	weight
model.diffusion_model.transformer_blocks.16.scale_shift_table	BF16	[6,2048]	identity_bytes	denoiser.transformer_blocks.16.scale_shift_table	BF16	[6,2048]	denoiser	weight
model.diffusion_model.transformer_blocks.17.attn1.k_norm.weight	BF16	[2048]	identity_bytes	denoiser.transformer_blocks.17.attn1.k_norm.weight	BF16	[2048]	denoiser	weight
model.diffusion_model.transformer_blocks.17.attn1.q_norm.weight	BF16	[2048]	identity_bytes	denoiser.transformer_blocks.17.attn1.q_norm.weight	BF16	[2048]	denoiser	weight
model.diffusion_model.transformer_blocks.17.attn1.to_k.bias	BF16	[2048]	identity_bytes	denoiser.transformer_blocks.17.attn1.to_k.bias	BF16	[2048]	denoiser	weight
model.diffusion_model.transformer_blocks.17.attn1.to_k.weight	BF16	[2048,2048]	identity_bytes	denoiser.transformer_blocks.17.attn1.to_k.weight	BF16	[2048,2048]	denoiser	weight
model.diffusion_model.transformer_blocks.17.attn1.to_out.0.bias	BF16	[2048]	identity_bytes	denoiser.transformer_blocks.17.attn1.to_out.0.bias	BF16	[2048]	denoiser	weight
model.diffusion_model.transformer_blocks.17.attn1.to_out.0.weight	BF16	[2048,2048]	identity_bytes	denoiser.transformer_blocks.17.attn1.to_out.0.weight	BF16	[2048,2048]	denoiser	weight
model.diffusion_model.transformer_blocks.17.attn1.to_q.bias	BF16	[2048]	identity_bytes	denoiser.transformer_blocks.17.attn1.to_q.bias	BF16	[2048]	denoiser	weight
model.diffusion_model.transformer_blocks.17.attn1.to_q.weight	BF16	[2048,2048]	identity_bytes	denoiser.transformer_blocks.17.attn1.to_q.weight	BF16	[2048,2048]	denoiser	weight
model.diffusion_model.transformer_blocks.17.attn1.to_v.bias	BF16	[2048]	identity_bytes	denoiser.transformer_blocks.17.attn1.to_v.bias	BF16	[2048]	denoiser	weight
model.diffusion_model.transformer_blocks.17.attn1.to_v.weight	BF16	[2048,2048]	identity_bytes	denoiser.transformer_blocks.17.attn1.to_v.weight	BF16	[2048,2048]	denoiser	weight
model.diffusion_model.transformer_blocks.17.attn2.k_norm.weight	BF16	[2048]	identity_bytes	denoiser.transformer_blocks.17.attn2.k_norm.weight	BF16	[2048]	denoiser	weight
model.diffusion_model.transformer_blocks.17.attn2.q_norm.weight	BF16	[2048]	identity_bytes	denoiser.transformer_blocks.17.attn2.q_norm.weight	BF16	[2048]	denoiser	weight
model.diffusion_model.transformer_blocks.17.attn2.to_k.bias	BF16	[2048]	identity_bytes	denoiser.transformer_blocks.17.attn2.to_k.bias	BF16	[2048]	denoiser	weight
model.diffusion_model.transformer_blocks.17.attn2.to_k.weight	BF16	[2048,2048]	identity_bytes	denoiser.transformer_blocks.17.attn2.to_k.weight	BF16	[2048,2048]	denoiser	weight
model.diffusion_model.transformer_blocks.17.attn2.to_out.0.bias	BF16	[2048]	identity_bytes	denoiser.transformer_blocks.17.attn2.to_out.0.bias	BF16	[2048]	denoiser	weight
model.diffusion_model.transformer_blocks.17.attn2.to_out.0.weight	BF16	[2048,2048]	identity_bytes	denoiser.transformer_blocks.17.attn2.to_out.0.weight	BF16	[2048,2048]	denoiser	weight
model.diffusion_model.transformer_blocks.17.attn2.to_q.bias	BF16	[2048]	identity_bytes	denoiser.transformer_blocks.17.attn2.to_q.bias	BF16	[2048]	denoiser	weight
model.diffusion_model.transformer_blocks.17.attn2.to_q.weight	BF16	[2048,2048]	identity_bytes	denoiser.transformer_blocks.17.attn2.to_q.weight	BF16	[2048,2048]	denoiser	weight
model.diffusion_model.transformer_blocks.17.attn2.to_v.bias	BF16	[2048]	identity_bytes	denoiser.transformer_blocks.17.attn2.to_v.bias	BF16	[2048]	denoiser	weight
model.diffusion_model.transformer_blocks.17.attn2.to_v.weight	BF16	[2048,2048]	identity_bytes	denoiser.transformer_blocks.17.attn2.to_v.weight	BF16	[2048,2048]	denoiser	weight
model.diffusion_model.transformer_blocks.17.ff.net.0.proj.bias	BF16	[8192]	identity_bytes	denoiser.transformer_blocks.17.ff.net.0.proj.bias	BF16	[8192]	denoiser	weight
model.diffusion_model.transformer_blocks.17.ff.net.0.proj.weight	BF16	[8192,2048]	identity_bytes	denoiser.transformer_blocks.17.ff.net.0.proj.weight	BF16	[8192,2048]	denoiser	weight
model.diffusion_model.transformer_blocks.17.ff.net.2.bias	BF16	[2048]	identity_bytes	denoiser.transformer_blocks.17.ff.net.2.bias	BF16	[2048]	denoiser	weight
model.diffusion_model.transformer_blocks.17.ff.net.2.weight	BF16	[2048,8192]	identity_bytes	denoiser.transformer_blocks.17.ff.net.2.weight	BF16	[2048,8192]	denoiser	weight
model.diffusion_model.transformer_blocks.17.scale_shift_table	BF16	[6,2048]	identity_bytes	denoiser.transformer_blocks.17.scale_shift_table	BF16	[6,2048]	denoiser	weight
model.diffusion_model.transformer_blocks.18.attn1.k_norm.weight	BF16	[2048]	identity_bytes	denoiser.transformer_blocks.18.attn1.k_norm.weight	BF16	[2048]	denoiser	weight
model.diffusion_model.transformer_blocks.18.attn1.q_norm.weight	BF16	[2048]	identity_bytes	denoiser.transformer_blocks.18.attn1.q_norm.weight	BF16	[2048]	denoiser	weight
model.diffusion_model.transformer_blocks.18.attn1.to_k.bias	BF16	[2048]	identity_bytes	denoiser.transformer_blocks.18.attn1.to_k.bias	BF16	[2048]	denoiser	weight
model.diffusion_model.transformer_blocks.18.attn1.to_k.weight	BF16	[2048,2048]	identity_bytes	denoiser.transformer_blocks.18.attn1.to_k.weight	BF16	[2048,2048]	denoiser	weight
model.diffusion_model.transformer_blocks.18.attn1.to_out.0.bias	BF16	[2048]	identity_bytes	denoiser.transformer_blocks.18.attn1.to_out.0.bias	BF16	[2048]	denoiser	weight
model.diffusion_model.transformer_blocks.18.attn1.to_out.0.weight	BF16	[2048,2048]	identity_bytes	denoiser.transformer_blocks.18.attn1.to_out.0.weight	BF16	[2048,2048]	denoiser	weight
model.diffusion_model.transformer_blocks.18.attn1.to_q.bias	BF16	[2048]	identity_bytes	denoiser.transformer_blocks.18.attn1.to_q.bias	BF16	[2048]	denoiser	weight
model.diffusion_model.transformer_blocks.18.attn1.to_q.weight	BF16	[2048,2048]	identity_bytes	denoiser.transformer_blocks.18.attn1.to_q.weight	BF16	[2048,2048]	denoiser	weight
model.diffusion_model.transformer_blocks.18.attn1.to_v.bias	BF16	[2048]	identity_bytes	denoiser.transformer_blocks.18.attn1.to_v.bias	BF16	[2048]	denoiser	weight
model.diffusion_model.transformer_blocks.18.attn1.to_v.weight	BF16	[2048,2048]	identity_bytes	denoiser.transformer_blocks.18.attn1.to_v.weight	BF16	[2048,2048]	denoiser	weight
model.diffusion_model.transformer_blocks.18.attn2.k_norm.weight	BF16	[2048]	identity_bytes	denoiser.transformer_blocks.18.attn2.k_norm.weight	BF16	[2048]	denoiser	weight
model.diffusion_model.transformer_blocks.18.attn2.q_norm.weight	BF16	[2048]	identity_bytes	denoiser.transformer_blocks.18.attn2.q_norm.weight	BF16	[2048]	denoiser	weight
model.diffusion_model.transformer_blocks.18.attn2.to_k.bias	BF16	[2048]	identity_bytes	denoiser.transformer_blocks.18.attn2.to_k.bias	BF16	[2048]	denoiser	weight
model.diffusion_model.transformer_blocks.18.attn2.to_k.weight	BF16	[2048,2048]	identity_bytes	denoiser.transformer_blocks.18.attn2.to_k.weight	BF16	[2048,2048]	denoiser	weight
model.diffusion_model.transformer_blocks.18.attn2.to_out.0.bias	BF16	[2048]	identity_bytes	denoiser.transformer_blocks.18.attn2.to_out.0.bias	BF16	[2048]	denoiser	weight
model.diffusion_model.transformer_blocks.18.attn2.to_out.0.weight	BF16	[2048,2048]	identity_bytes	denoiser.transformer_blocks.18.attn2.to_out.0.weight	BF16	[2048,2048]	denoiser	weight
model.diffusion_model.transformer_blocks.18.attn2.to_q.bias	BF16	[2048]	identity_bytes	denoiser.transformer_blocks.18.attn2.to_q.bias	BF16	[2048]	denoiser	weight
model.diffusion_model.transformer_blocks.18.attn2.to_q.weight	BF16	[2048,2048]	identity_bytes	denoiser.transformer_blocks.18.attn2.to_q.weight	BF16	[2048,2048]	denoiser	weight
model.diffusion_model.transformer_blocks.18.attn2.to_v.bias	BF16	[2048]	identity_bytes	denoiser.transformer_blocks.18.attn2.to_v.bias	BF16	[2048]	denoiser	weight
model.diffusion_model.transformer_blocks.18.attn2.to_v.weight	BF16	[2048,2048]	identity_bytes	denoiser.transformer_blocks.18.attn2.to_v.weight	BF16	[2048,2048]	denoiser	weight
model.diffusion_model.transformer_blocks.18.ff.net.0.proj.bias	BF16	[8192]	identity_bytes	denoiser.transformer_blocks.18.ff.net.0.proj.bias	BF16	[8192]	denoiser	weight
model.diffusion_model.transformer_blocks.18.ff.net.0.proj.weight	BF16	[8192,2048]	identity_bytes	denoiser.transformer_blocks.18.ff.net.0.proj.weight	BF16	[8192,2048]	denoiser	weight
model.diffusion_model.transformer_blocks.18.ff.net.2.bias	BF16	[2048]	identity_bytes	denoiser.transformer_blocks.18.ff.net.2.bias	BF16	[2048]	denoiser	weight
model.diffusion_model.transformer_blocks.18.ff.net.2.weight	BF16	[2048,8192]	identity_bytes	denoiser.transformer_blocks.18.ff.net.2.weight	BF16	[2048,8192]	denoiser	weight
model.diffusion_model.transformer_blocks.18.scale_shift_table	BF16	[6,2048]	identity_bytes	denoiser.transformer_blocks.18.scale_shift_table	BF16	[6,2048]	denoiser	weight
model.diffusion_model.transformer_blocks.19.attn1.k_norm.weight	BF16	[2048]	identity_bytes	denoiser.transformer_blocks.19.attn1.k_norm.weight	BF16	[2048]	denoiser	weight
model.diffusion_model.transformer_blocks.19.attn1.q_norm.weight	BF16	[2048]	identity_bytes	denoiser.transformer_blocks.19.attn1.q_norm.weight	BF16	[2048]	denoiser	weight
model.diffusion_model.transformer_blocks.19.attn1.to_k.bias	BF16	[2048]	identity_bytes	denoiser.transformer_blocks.19.attn1.to_k.bias	BF16	[2048]	denoiser	weight
model.diffusion_model.transformer_blocks.19.attn1.to_k.weight	BF16	[2048,2048]	identity_bytes	denoiser.transformer_blocks.19.attn1.to_k.weight	BF16	[2048,2048]	denoiser	weight
model.diffusion_model.transformer_blocks.19.attn1.to_out.0.bias	BF16	[2048]	identity_bytes	denoiser.transformer_blocks.19.attn1.to_out.0.bias	BF16	[2048]	denoiser	weight
model.diffusion_model.transformer_blocks.19.attn1.to_out.0.weight	BF16	[2048,2048]	identity_bytes	denoiser.transformer_blocks.19.attn1.to_out.0.weight	BF16	[2048,2048]	denoiser	weight
model.diffusion_model.transformer_blocks.19.attn1.to_q.bias	BF16	[2048]	identity_bytes	denoiser.transformer_blocks.19.attn1.to_q.bias	BF16	[2048]	denoiser	weight
model.diffusion_model.transformer_blocks.19.attn1.to_q.weight	BF16	[2048,2048]	identity_bytes	denoiser.transformer_blocks.19.attn1.to_q.weight	BF16	[2048,2048]	denoiser	weight
model.diffusion_model.transformer_blocks.19.attn1.to_v.bias	BF16	[2048]	identity_bytes	denoiser.transformer_blocks.19.attn1.to_v.bias	BF16	[2048]	denoiser	weight
model.diffusion_model.transformer_blocks.19.attn1.to_v.weight	BF16	[2048,2048]	identity_bytes	denoiser.transformer_blocks.19.attn1.to_v.weight	BF16	[2048,2048]	denoiser	weight
model.diffusion_model.transformer_blocks.19.attn2.k_norm.weight	BF16	[2048]	identity_bytes	denoiser.transformer_blocks.19.attn2.k_norm.weight	BF16	[2048]	denoiser	weight
model.diffusion_model.transformer_blocks.19.attn2.q_norm.weight	BF16	[2048]	identity_bytes	denoiser.transformer_blocks.19.attn2.q_norm.weight	BF16	[2048]	denoiser	weight
model.diffusion_model.transformer_blocks.19.attn2.to_k.bias	BF16	[2048]	identity_bytes	denoiser.transformer_blocks.19.attn2.to_k.bias	BF16	[2048]	denoiser	weight
model.diffusion_model.transformer_blocks.19.attn2.to_k.weight	BF16	[2048,2048]	identity_bytes	denoiser.transformer_blocks.19.attn2.to_k.weight	BF16	[2048,2048]	denoiser	weight
model.diffusion_model.transformer_blocks.19.attn2.to_out.0.bias	BF16	[2048]	identity_bytes	denoiser.transformer_blocks.19.attn2.to_out.0.bias	BF16	[2048]	denoiser	weight
model.diffusion_model.transformer_blocks.19.attn2.to_out.0.weight	BF16	[2048,2048]	identity_bytes	denoiser.transformer_blocks.19.attn2.to_out.0.weight	BF16	[2048,2048]	denoiser	weight
model.diffusion_model.transformer_blocks.19.attn2.to_q.bias	BF16	[2048]	identity_bytes	denoiser.transformer_blocks.19.attn2.to_q.bias	BF16	[2048]	denoiser	weight
model.diffusion_model.transformer_blocks.19.attn2.to_q.weight	BF16	[2048,2048]	identity_bytes	denoiser.transformer_blocks.19.attn2.to_q.weight	BF16	[2048,2048]	denoiser	weight
model.diffusion_model.transformer_blocks.19.attn2.to_v.bias	BF16	[2048]	identity_bytes	denoiser.transformer_blocks.19.attn2.to_v.bias	BF16	[2048]	denoiser	weight
model.diffusion_model.transformer_blocks.19.attn2.to_v.weight	BF16	[2048,2048]	identity_bytes	denoiser.transformer_blocks.19.attn2.to_v.weight	BF16	[2048,2048]	denoiser	weight
model.diffusion_model.transformer_blocks.19.ff.net.0.proj.bias	BF16	[8192]	identity_bytes	denoiser.transformer_blocks.19.ff.net.0.proj.bias	BF16	[8192]	denoiser	weight
model.diffusion_model.transformer_blocks.19.ff.net.0.proj.weight	BF16	[8192,2048]	identity_bytes	denoiser.transformer_blocks.19.ff.net.0.proj.weight	BF16	[8192,2048]	denoiser	weight
model.diffusion_model.transformer_blocks.19.ff.net.2.bias	BF16	[2048]	identity_bytes	denoiser.transformer_blocks.19.ff.net.2.bias	BF16	[2048]	denoiser	weight
model.diffusion_model.transformer_blocks.19.ff.net.2.weight	BF16	[2048,8192]	identity_bytes	denoiser.transformer_blocks.19.ff.net.2.weight	BF16	[2048,8192]	denoiser	weight
model.diffusion_model.transformer_blocks.19.scale_shift_table	BF16	[6,2048]	identity_bytes	denoiser.transformer_blocks.19.scale_shift_table	BF16	[6,2048]	denoiser	weight
model.diffusion_model.transformer_blocks.2.attn1.k_norm.weight	BF16	[2048]	identity_bytes	denoiser.transformer_blocks.2.attn1.k_norm.weight	BF16	[2048]	denoiser	weight
model.diffusion_model.transformer_blocks.2.attn1.q_norm.weight	BF16	[2048]	identity_bytes	denoiser.transformer_blocks.2.attn1.q_norm.weight	BF16	[2048]	denoiser	weight
model.diffusion_model.transformer_blocks.2.attn1.to_k.bias	BF16	[2048]	identity_bytes	denoiser.transformer_blocks.2.attn1.to_k.bias	BF16	[2048]	denoiser	weight
model.diffusion_model.transformer_blocks.2.attn1.to_k.weight	BF16	[2048,2048]	identity_bytes	denoiser.transformer_blocks.2.attn1.to_k.weight	BF16	[2048,2048]	denoiser	weight
model.diffusion_model.transformer_blocks.2.attn1.to_out.0.bias	BF16	[2048]	identity_bytes	denoiser.transformer_blocks.2.attn1.to_out.0.bias	BF16	[2048]	denoiser	weight
model.diffusion_model.transformer_blocks.2.attn1.to_out.0.weight	BF16	[2048,2048]	identity_bytes	denoiser.transformer_blocks.2.attn1.to_out.0.weight	BF16	[2048,2048]	denoiser	weight
model.diffusion_model.transformer_blocks.2.attn1.to_q.bias	BF16	[2048]	identity_bytes	denoiser.transformer_blocks.2.attn1.to_q.bias	BF16	[2048]	denoiser	weight
model.diffusion_model.transformer_blocks.2.attn1.to_q.weight	BF16	[2048,2048]	identity_bytes	denoiser.transformer_blocks.2.attn1.to_q.weight	BF16	[2048,2048]	denoiser	weight
model.diffusion_model.transformer_blocks.2.attn1.to_v.bias	BF16	[2048]	identity_bytes	denoiser.transformer_blocks.2.attn1.to_v.bias	BF16	[2048]	denoiser	weight
model.diffusion_model.transformer_blocks.2.attn1.to_v.weight	BF16	[2048,2048]	identity_bytes	denoiser.transformer_blocks.2.attn1.to_v.weight	BF16	[2048,2048]	denoiser	weight
model.diffusion_model.transformer_blocks.2.attn2.k_norm.weight	BF16	[2048]	identity_bytes	denoiser.transformer_blocks.2.attn2.k_norm.weight	BF16	[2048]	denoiser	weight
model.diffusion_model.transformer_blocks.2.attn2.q_norm.weight	BF16	[2048]	identity_bytes	denoiser.transformer_blocks.2.attn2.q_norm.weight	BF16	[2048]	denoiser	weight
model.diffusion_model.transformer_blocks.2.attn2.to_k.bias	BF16	[2048]	identity_bytes	denoiser.transformer_blocks.2.attn2.to_k.bias	BF16	[2048]	denoiser	weight
model.diffusion_model.transformer_blocks.2.attn2.to_k.weight	BF16	[2048,2048]	identity_bytes	denoiser.transformer_blocks.2.attn2.to_k.weight	BF16	[2048,2048]	denoiser	weight
model.diffusion_model.transformer_blocks.2.attn2.to_out.0.bias	BF16	[2048]	identity_bytes	denoiser.transformer_blocks.2.attn2.to_out.0.bias	BF16	[2048]	denoiser	weight
model.diffusion_model.transformer_blocks.2.attn2.to_out.0.weight	BF16	[2048,2048]	identity_bytes	denoiser.transformer_blocks.2.attn2.to_out.0.weight	BF16	[2048,2048]	denoiser	weight
model.diffusion_model.transformer_blocks.2.attn2.to_q.bias	BF16	[2048]	identity_bytes	denoiser.transformer_blocks.2.attn2.to_q.bias	BF16	[2048]	denoiser	weight
model.diffusion_model.transformer_blocks.2.attn2.to_q.weight	BF16	[2048,2048]	identity_bytes	denoiser.transformer_blocks.2.attn2.to_q.weight	BF16	[2048,2048]	denoiser	weight
model.diffusion_model.transformer_blocks.2.attn2.to_v.bias	BF16	[2048]	identity_bytes	denoiser.transformer_blocks.2.attn2.to_v.bias	BF16	[2048]	denoiser	weight
model.diffusion_model.transformer_blocks.2.attn2.to_v.weight	BF16	[2048,2048]	identity_bytes	denoiser.transformer_blocks.2.attn2.to_v.weight	BF16	[2048,2048]	denoiser	weight
model.diffusion_model.transformer_blocks.2.ff.net.0.proj.bias	BF16	[8192]	identity_bytes	denoiser.transformer_blocks.2.ff.net.0.proj.bias	BF16	[8192]	denoiser	weight
model.diffusion_model.transformer_blocks.2.ff.net.0.proj.weight	BF16	[8192,2048]	identity_bytes	denoiser.transformer_blocks.2.ff.net.0.proj.weight	BF16	[8192,2048]	denoiser	weight
model.diffusion_model.transformer_blocks.2.ff.net.2.bias	BF16	[2048]	identity_bytes	denoiser.transformer_blocks.2.ff.net.2.bias	BF16	[2048]	denoiser	weight
model.diffusion_model.transformer_blocks.2.ff.net.2.weight	BF16	[2048,8192]	identity_bytes	denoiser.transformer_blocks.2.ff.net.2.weight	BF16	[2048,8192]	denoiser	weight
model.diffusion_model.transformer_blocks.2.scale_shift_table	BF16	[6,2048]	identity_bytes	denoiser.transformer_blocks.2.scale_shift_table	BF16	[6,2048]	denoiser	weight
model.diffusion_model.transformer_blocks.20.attn1.k_norm.weight	BF16	[2048]	identity_bytes	denoiser.transformer_blocks.20.attn1.k_norm.weight	BF16	[2048]	denoiser	weight
model.diffusion_model.transformer_blocks.20.attn1.q_norm.weight	BF16	[2048]	identity_bytes	denoiser.transformer_blocks.20.attn1.q_norm.weight	BF16	[2048]	denoiser	weight
model.diffusion_model.transformer_blocks.20.attn1.to_k.bias	BF16	[2048]	identity_bytes	denoiser.transformer_blocks.20.attn1.to_k.bias	BF16	[2048]	denoiser	weight
model.diffusion_model.transformer_blocks.20.attn1.to_k.weight	BF16	[2048,2048]	identity_bytes	denoiser.transformer_blocks.20.attn1.to_k.weight	BF16	[2048,2048]	denoiser	weight
model.diffusion_model.transformer_blocks.20.attn1.to_out.0.bias	BF16	[2048]	identity_bytes	denoiser.transformer_blocks.20.attn1.to_out.0.bias	BF16	[2048]	denoiser	weight
model.diffusion_model.transformer_blocks.20.attn1.to_out.0.weight	BF16	[2048,2048]	identity_bytes	denoiser.transformer_blocks.20.attn1.to_out.0.weight	BF16	[2048,2048]	denoiser	weight
model.diffusion_model.transformer_blocks.20.attn1.to_q.bias	BF16	[2048]	identity_bytes	denoiser.transformer_blocks.20.attn1.to_q.bias	BF16	[2048]	denoiser	weight
model.diffusion_model.transformer_blocks.20.attn1.to_q.weight	BF16	[2048,2048]	identity_bytes	denoiser.transformer_blocks.20.attn1.to_q.weight	BF16	[2048,2048]	denoiser	weight
model.diffusion_model.transformer_blocks.20.attn1.to_v.bias	BF16	[2048]	identity_bytes	denoiser.transformer_blocks.20.attn1.to_v.bias	BF16	[2048]	denoiser	weight
model.diffusion_model.transformer_blocks.20.attn1.to_v.weight	BF16	[2048,2048]	identity_bytes	denoiser.transformer_blocks.20.attn1.to_v.weight	BF16	[2048,2048]	denoiser	weight
model.diffusion_model.transformer_blocks.20.attn2.k_norm.weight	BF16	[2048]	identity_bytes	denoiser.transformer_blocks.20.attn2.k_norm.weight	BF16	[2048]	denoiser	weight
model.diffusion_model.transformer_blocks.20.attn2.q_norm.weight	BF16	[2048]	identity_bytes	denoiser.transformer_blocks.20.attn2.q_norm.weight	BF16	[2048]	denoiser	weight
model.diffusion_model.transformer_blocks.20.attn2.to_k.bias	BF16	[2048]	identity_bytes	denoiser.transformer_blocks.20.attn2.to_k.bias	BF16	[2048]	denoiser	weight
model.diffusion_model.transformer_blocks.20.attn2.to_k.weight	BF16	[2048,2048]	identity_bytes	denoiser.transformer_blocks.20.attn2.to_k.weight	BF16	[2048,2048]	denoiser	weight
model.diffusion_model.transformer_blocks.20.attn2.to_out.0.bias	BF16	[2048]	identity_bytes	denoiser.transformer_blocks.20.attn2.to_out.0.bias	BF16	[2048]	denoiser	weight
model.diffusion_model.transformer_blocks.20.attn2.to_out.0.weight	BF16	[2048,2048]	identity_bytes	denoiser.transformer_blocks.20.attn2.to_out.0.weight	BF16	[2048,2048]	denoiser	weight
model.diffusion_model.transformer_blocks.20.attn2.to_q.bias	BF16	[2048]	identity_bytes	denoiser.transformer_blocks.20.attn2.to_q.bias	BF16	[2048]	denoiser	weight
model.diffusion_model.transformer_blocks.20.attn2.to_q.weight	BF16	[2048,2048]	identity_bytes	denoiser.transformer_blocks.20.attn2.to_q.weight	BF16	[2048,2048]	denoiser	weight
model.diffusion_model.transformer_blocks.20.attn2.to_v.bias	BF16	[2048]	identity_bytes	denoiser.transformer_blocks.20.attn2.to_v.bias	BF16	[2048]	denoiser	weight
model.diffusion_model.transformer_blocks.20.attn2.to_v.weight	BF16	[2048,2048]	identity_bytes	denoiser.transformer_blocks.20.attn2.to_v.weight	BF16	[2048,2048]	denoiser	weight
model.diffusion_model.transformer_blocks.20.ff.net.0.proj.bias	BF16	[8192]	identity_bytes	denoiser.transformer_blocks.20.ff.net.0.proj.bias	BF16	[8192]	denoiser	weight
model.diffusion_model.transformer_blocks.20.ff.net.0.proj.weight	BF16	[8192,2048]	identity_bytes	denoiser.transformer_blocks.20.ff.net.0.proj.weight	BF16	[8192,2048]	denoiser	weight
model.diffusion_model.transformer_blocks.20.ff.net.2.bias	BF16	[2048]	identity_bytes	denoiser.transformer_blocks.20.ff.net.2.bias	BF16	[2048]	denoiser	weight
model.diffusion_model.transformer_blocks.20.ff.net.2.weight	BF16	[2048,8192]	identity_bytes	denoiser.transformer_blocks.20.ff.net.2.weight	BF16	[2048,8192]	denoiser	weight
model.diffusion_model.transformer_blocks.20.scale_shift_table	BF16	[6,2048]	identity_bytes	denoiser.transformer_blocks.20.scale_shift_table	BF16	[6,2048]	denoiser	weight
model.diffusion_model.transformer_blocks.21.attn1.k_norm.weight	BF16	[2048]	identity_bytes	denoiser.transformer_blocks.21.attn1.k_norm.weight	BF16	[2048]	denoiser	weight
model.diffusion_model.transformer_blocks.21.attn1.q_norm.weight	BF16	[2048]	identity_bytes	denoiser.transformer_blocks.21.attn1.q_norm.weight	BF16	[2048]	denoiser	weight
model.diffusion_model.transformer_blocks.21.attn1.to_k.bias	BF16	[2048]	identity_bytes	denoiser.transformer_blocks.21.attn1.to_k.bias	BF16	[2048]	denoiser	weight
model.diffusion_model.transformer_blocks.21.attn1.to_k.weight	BF16	[2048,2048]	identity_bytes	denoiser.transformer_blocks.21.attn1.to_k.weight	BF16	[2048,2048]	denoiser	weight
model.diffusion_model.transformer_blocks.21.attn1.to_out.0.bias	BF16	[2048]	identity_bytes	denoiser.transformer_blocks.21.attn1.to_out.0.bias	BF16	[2048]	denoiser	weight
model.diffusion_model.transformer_blocks.21.attn1.to_out.0.weight	BF16	[2048,2048]	identity_bytes	denoiser.transformer_blocks.21.attn1.to_out.0.weight	BF16	[2048,2048]	denoiser	weight
model.diffusion_model.transformer_blocks.21.attn1.to_q.bias	BF16	[2048]	identity_bytes	denoiser.transformer_blocks.21.attn1.to_q.bias	BF16	[2048]	denoiser	weight
model.diffusion_model.transformer_blocks.21.attn1.to_q.weight	BF16	[2048,2048]	identity_bytes	denoiser.transformer_blocks.21.attn1.to_q.weight	BF16	[2048,2048]	denoiser	weight
model.diffusion_model.transformer_blocks.21.attn1.to_v.bias	BF16	[2048]	identity_bytes	denoiser.transformer_blocks.21.attn1.to_v.bias	BF16	[2048]	denoiser	weight
model.diffusion_model.transformer_blocks.21.attn1.to_v.weight	BF16	[2048,2048]	identity_bytes	denoiser.transformer_blocks.21.attn1.to_v.weight	BF16	[2048,2048]	denoiser	weight
model.diffusion_model.transformer_blocks.21.attn2.k_norm.weight	BF16	[2048]	identity_bytes	denoiser.transformer_blocks.21.attn2.k_norm.weight	BF16	[2048]	denoiser	weight
model.diffusion_model.transformer_blocks.21.attn2.q_norm.weight	BF16	[2048]	identity_bytes	denoiser.transformer_blocks.21.attn2.q_norm.weight	BF16	[2048]	denoiser	weight
model.diffusion_model.transformer_blocks.21.attn2.to_k.bias	BF16	[2048]	identity_bytes	denoiser.transformer_blocks.21.attn2.to_k.bias	BF16	[2048]	denoiser	weight
model.diffusion_model.transformer_blocks.21.attn2.to_k.weight	BF16	[2048,2048]	identity_bytes	denoiser.transformer_blocks.21.attn2.to_k.weight	BF16	[2048,2048]	denoiser	weight
model.diffusion_model.transformer_blocks.21.attn2.to_out.0.bias	BF16	[2048]	identity_bytes	denoiser.transformer_blocks.21.attn2.to_out.0.bias	BF16	[2048]	denoiser	weight
model.diffusion_model.transformer_blocks.21.attn2.to_out.0.weight	BF16	[2048,2048]	identity_bytes	denoiser.transformer_blocks.21.attn2.to_out.0.weight	BF16	[2048,2048]	denoiser	weight
model.diffusion_model.transformer_blocks.21.attn2.to_q.bias	BF16	[2048]	identity_bytes	denoiser.transformer_blocks.21.attn2.to_q.bias	BF16	[2048]	denoiser	weight
model.diffusion_model.transformer_blocks.21.attn2.to_q.weight	BF16	[2048,2048]	identity_bytes	denoiser.transformer_blocks.21.attn2.to_q.weight	BF16	[2048,2048]	denoiser	weight
model.diffusion_model.transformer_blocks.21.attn2.to_v.bias	BF16	[2048]	identity_bytes	denoiser.transformer_blocks.21.attn2.to_v.bias	BF16	[2048]	denoiser	weight
model.diffusion_model.transformer_blocks.21.attn2.to_v.weight	BF16	[2048,2048]	identity_bytes	denoiser.transformer_blocks.21.attn2.to_v.weight	BF16	[2048,2048]	denoiser	weight
model.diffusion_model.transformer_blocks.21.ff.net.0.proj.bias	BF16	[8192]	identity_bytes	denoiser.transformer_blocks.21.ff.net.0.proj.bias	BF16	[8192]	denoiser	weight
model.diffusion_model.transformer_blocks.21.ff.net.0.proj.weight	BF16	[8192,2048]	identity_bytes	denoiser.transformer_blocks.21.ff.net.0.proj.weight	BF16	[8192,2048]	denoiser	weight
model.diffusion_model.transformer_blocks.21.ff.net.2.bias	BF16	[2048]	identity_bytes	denoiser.transformer_blocks.21.ff.net.2.bias	BF16	[2048]	denoiser	weight
model.diffusion_model.transformer_blocks.21.ff.net.2.weight	BF16	[2048,8192]	identity_bytes	denoiser.transformer_blocks.21.ff.net.2.weight	BF16	[2048,8192]	denoiser	weight
model.diffusion_model.transformer_blocks.21.scale_shift_table	BF16	[6,2048]	identity_bytes	denoiser.transformer_blocks.21.scale_shift_table	BF16	[6,2048]	denoiser	weight
model.diffusion_model.transformer_blocks.22.attn1.k_norm.weight	BF16	[2048]	identity_bytes	denoiser.transformer_blocks.22.attn1.k_norm.weight	BF16	[2048]	denoiser	weight
model.diffusion_model.transformer_blocks.22.attn1.q_norm.weight	BF16	[2048]	identity_bytes	denoiser.transformer_blocks.22.attn1.q_norm.weight	BF16	[2048]	denoiser	weight
model.diffusion_model.transformer_blocks.22.attn1.to_k.bias	BF16	[2048]	identity_bytes	denoiser.transformer_blocks.22.attn1.to_k.bias	BF16	[2048]	denoiser	weight
model.diffusion_model.transformer_blocks.22.attn1.to_k.weight	BF16	[2048,2048]	identity_bytes	denoiser.transformer_blocks.22.attn1.to_k.weight	BF16	[2048,2048]	denoiser	weight
model.diffusion_model.transformer_blocks.22.attn1.to_out.0.bias	BF16	[2048]	identity_bytes	denoiser.transformer_blocks.22.attn1.to_out.0.bias	BF16	[2048]	denoiser	weight
model.diffusion_model.transformer_blocks.22.attn1.to_out.0.weight	BF16	[2048,2048]	identity_bytes	denoiser.transformer_blocks.22.attn1.to_out.0.weight	BF16	[2048,2048]	denoiser	weight
model.diffusion_model.transformer_blocks.22.attn1.to_q.bias	BF16	[2048]	identity_bytes	denoiser.transformer_blocks.22.attn1.to_q.bias	BF16	[2048]	denoiser	weight
model.diffusion_model.transformer_blocks.22.attn1.to_q.weight	BF16	[2048,2048]	identity_bytes	denoiser.transformer_blocks.22.attn1.to_q.weight	BF16	[2048,2048]	denoiser	weight
model.diffusion_model.transformer_blocks.22.attn1.to_v.bias	BF16	[2048]	identity_bytes	denoiser.transformer_blocks.22.attn1.to_v.bias	BF16	[2048]	denoiser	weight
model.diffusion_model.transformer_blocks.22.attn1.to_v.weight	BF16	[2048,2048]	identity_bytes	denoiser.transformer_blocks.22.attn1.to_v.weight	BF16	[2048,2048]	denoiser	weight
model.diffusion_model.transformer_blocks.22.attn2.k_norm.weight	BF16	[2048]	identity_bytes	denoiser.transformer_blocks.22.attn2.k_norm.weight	BF16	[2048]	denoiser	weight
model.diffusion_model.transformer_blocks.22.attn2.q_norm.weight	BF16	[2048]	identity_bytes	denoiser.transformer_blocks.22.attn2.q_norm.weight	BF16	[2048]	denoiser	weight
model.diffusion_model.transformer_blocks.22.attn2.to_k.bias	BF16	[2048]	identity_bytes	denoiser.transformer_blocks.22.attn2.to_k.bias	BF16	[2048]	denoiser	weight
model.diffusion_model.transformer_blocks.22.attn2.to_k.weight	BF16	[2048,2048]	identity_bytes	denoiser.transformer_blocks.22.attn2.to_k.weight	BF16	[2048,2048]	denoiser	weight
model.diffusion_model.transformer_blocks.22.attn2.to_out.0.bias	BF16	[2048]	identity_bytes	denoiser.transformer_blocks.22.attn2.to_out.0.bias	BF16	[2048]	denoiser	weight
model.diffusion_model.transformer_blocks.22.attn2.to_out.0.weight	BF16	[2048,2048]	identity_bytes	denoiser.transformer_blocks.22.attn2.to_out.0.weight	BF16	[2048,2048]	denoiser	weight
model.diffusion_model.transformer_blocks.22.attn2.to_q.bias	BF16	[2048]	identity_bytes	denoiser.transformer_blocks.22.attn2.to_q.bias	BF16	[2048]	denoiser	weight
model.diffusion_model.transformer_blocks.22.attn2.to_q.weight	BF16	[2048,2048]	identity_bytes	denoiser.transformer_blocks.22.attn2.to_q.weight	BF16	[2048,2048]	denoiser	weight
model.diffusion_model.transformer_blocks.22.attn2.to_v.bias	BF16	[2048]	identity_bytes	denoiser.transformer_blocks.22.attn2.to_v.bias	BF16	[2048]	denoiser	weight
model.diffusion_model.transformer_blocks.22.attn2.to_v.weight	BF16	[2048,2048]	identity_bytes	denoiser.transformer_blocks.22.attn2.to_v.weight	BF16	[2048,2048]	denoiser	weight
model.diffusion_model.transformer_blocks.22.ff.net.0.proj.bias	BF16	[8192]	identity_bytes	denoiser.transformer_blocks.22.ff.net.0.proj.bias	BF16	[8192]	denoiser	weight
model.diffusion_model.transformer_blocks.22.ff.net.0.proj.weight	BF16	[8192,2048]	identity_bytes	denoiser.transformer_blocks.22.ff.net.0.proj.weight	BF16	[8192,2048]	denoiser	weight
model.diffusion_model.transformer_blocks.22.ff.net.2.bias	BF16	[2048]	identity_bytes	denoiser.transformer_blocks.22.ff.net.2.bias	BF16	[2048]	denoiser	weight
model.diffusion_model.transformer_blocks.22.ff.net.2.weight	BF16	[2048,8192]	identity_bytes	denoiser.transformer_blocks.22.ff.net.2.weight	BF16	[2048,8192]	denoiser	weight
model.diffusion_model.transformer_blocks.22.scale_shift_table	BF16	[6,2048]	identity_bytes	denoiser.transformer_blocks.22.scale_shift_table	BF16	[6,2048]	denoiser	weight
model.diffusion_model.transformer_blocks.23.attn1.k_norm.weight	BF16	[2048]	identity_bytes	denoiser.transformer_blocks.23.attn1.k_norm.weight	BF16	[2048]	denoiser	weight
model.diffusion_model.transformer_blocks.23.attn1.q_norm.weight	BF16	[2048]	identity_bytes	denoiser.transformer_blocks.23.attn1.q_norm.weight	BF16	[2048]	denoiser	weight
model.diffusion_model.transformer_blocks.23.attn1.to_k.bias	BF16	[2048]	identity_bytes	denoiser.transformer_blocks.23.attn1.to_k.bias	BF16	[2048]	denoiser	weight
model.diffusion_model.transformer_blocks.23.attn1.to_k.weight	BF16	[2048,2048]	identity_bytes	denoiser.transformer_blocks.23.attn1.to_k.weight	BF16	[2048,2048]	denoiser	weight
model.diffusion_model.transformer_blocks.23.attn1.to_out.0.bias	BF16	[2048]	identity_bytes	denoiser.transformer_blocks.23.attn1.to_out.0.bias	BF16	[2048]	denoiser	weight
model.diffusion_model.transformer_blocks.23.attn1.to_out.0.weight	BF16	[2048,2048]	identity_bytes	denoiser.transformer_blocks.23.attn1.to_out.0.weight	BF16	[2048,2048]	denoiser	weight
model.diffusion_model.transformer_blocks.23.attn1.to_q.bias	BF16	[2048]	identity_bytes	denoiser.transformer_blocks.23.attn1.to_q.bias	BF16	[2048]	denoiser	weight
model.diffusion_model.transformer_blocks.23.attn1.to_q.weight	BF16	[2048,2048]	identity_bytes	denoiser.transformer_blocks.23.attn1.to_q.weight	BF16	[2048,2048]	denoiser	weight
model.diffusion_model.transformer_blocks.23.attn1.to_v.bias	BF16	[2048]	identity_bytes	denoiser.transformer_blocks.23.attn1.to_v.bias	BF16	[2048]	denoiser	weight
model.diffusion_model.transformer_blocks.23.attn1.to_v.weight	BF16	[2048,2048]	identity_bytes	denoiser.transformer_blocks.23.attn1.to_v.weight	BF16	[2048,2048]	denoiser	weight
model.diffusion_model.transformer_blocks.23.attn2.k_norm.weight	BF16	[2048]	identity_bytes	denoiser.transformer_blocks.23.attn2.k_norm.weight	BF16	[2048]	denoiser	weight
model.diffusion_model.transformer_blocks.23.attn2.q_norm.weight	BF16	[2048]	identity_bytes	denoiser.transformer_blocks.23.attn2.q_norm.weight	BF16	[2048]	denoiser	weight
model.diffusion_model.transformer_blocks.23.attn2.to_k.bias	BF16	[2048]	identity_bytes	denoiser.transformer_blocks.23.attn2.to_k.bias	BF16	[2048]	denoiser	weight
model.diffusion_model.transformer_blocks.23.attn2.to_k.weight	BF16	[2048,2048]	identity_bytes	denoiser.transformer_blocks.23.attn2.to_k.weight	BF16	[2048,2048]	denoiser	weight
model.diffusion_model.transformer_blocks.23.attn2.to_out.0.bias	BF16	[2048]	identity_bytes	denoiser.transformer_blocks.23.attn2.to_out.0.bias	BF16	[2048]	denoiser	weight
model.diffusion_model.transformer_blocks.23.attn2.to_out.0.weight	BF16	[2048,2048]	identity_bytes	denoiser.transformer_blocks.23.attn2.to_out.0.weight	BF16	[2048,2048]	denoiser	weight
model.diffusion_model.transformer_blocks.23.attn2.to_q.bias	BF16	[2048]	identity_bytes	denoiser.transformer_blocks.23.attn2.to_q.bias	BF16	[2048]	denoiser	weight
model.diffusion_model.transformer_blocks.23.attn2.to_q.weight	BF16	[2048,2048]	identity_bytes	denoiser.transformer_blocks.23.attn2.to_q.weight	BF16	[2048,2048]	denoiser	weight
model.diffusion_model.transformer_blocks.23.attn2.to_v.bias	BF16	[2048]	identity_bytes	denoiser.transformer_blocks.23.attn2.to_v.bias	BF16	[2048]	denoiser	weight
model.diffusion_model.transformer_blocks.23.attn2.to_v.weight	BF16	[2048,2048]	identity_bytes	denoiser.transformer_blocks.23.attn2.to_v.weight	BF16	[2048,2048]	denoiser	weight
model.diffusion_model.transformer_blocks.23.ff.net.0.proj.bias	BF16	[8192]	identity_bytes	denoiser.transformer_blocks.23.ff.net.0.proj.bias	BF16	[8192]	denoiser	weight
model.diffusion_model.transformer_blocks.23.ff.net.0.proj.weight	BF16	[8192,2048]	identity_bytes	denoiser.transformer_blocks.23.ff.net.0.proj.weight	BF16	[8192,2048]	denoiser	weight
model.diffusion_model.transformer_blocks.23.ff.net.2.bias	BF16	[2048]	identity_bytes	denoiser.transformer_blocks.23.ff.net.2.bias	BF16	[2048]	denoiser	weight
model.diffusion_model.transformer_blocks.23.ff.net.2.weight	BF16	[2048,8192]	identity_bytes	denoiser.transformer_blocks.23.ff.net.2.weight	BF16	[2048,8192]	denoiser	weight
model.diffusion_model.transformer_blocks.23.scale_shift_table	BF16	[6,2048]	identity_bytes	denoiser.transformer_blocks.23.scale_shift_table	BF16	[6,2048]	denoiser	weight
model.diffusion_model.transformer_blocks.24.attn1.k_norm.weight	BF16	[2048]	identity_bytes	denoiser.transformer_blocks.24.attn1.k_norm.weight	BF16	[2048]	denoiser	weight
model.diffusion_model.transformer_blocks.24.attn1.q_norm.weight	BF16	[2048]	identity_bytes	denoiser.transformer_blocks.24.attn1.q_norm.weight	BF16	[2048]	denoiser	weight
model.diffusion_model.transformer_blocks.24.attn1.to_k.bias	BF16	[2048]	identity_bytes	denoiser.transformer_blocks.24.attn1.to_k.bias	BF16	[2048]	denoiser	weight
model.diffusion_model.transformer_blocks.24.attn1.to_k.weight	BF16	[2048,2048]	identity_bytes	denoiser.transformer_blocks.24.attn1.to_k.weight	BF16	[2048,2048]	denoiser	weight
model.diffusion_model.transformer_blocks.24.attn1.to_out.0.bias	BF16	[2048]	identity_bytes	denoiser.transformer_blocks.24.attn1.to_out.0.bias	BF16	[2048]	denoiser	weight
model.diffusion_model.transformer_blocks.24.attn1.to_out.0.weight	BF16	[2048,2048]	identity_bytes	denoiser.transformer_blocks.24.attn1.to_out.0.weight	BF16	[2048,2048]	denoiser	weight
model.diffusion_model.transformer_blocks.24.attn1.to_q.bias	BF16	[2048]	identity_bytes	denoiser.transformer_blocks.24.attn1.to_q.bias	BF16	[2048]	denoiser	weight
model.diffusion_model.transformer_blocks.24.attn1.to_q.weight	BF16	[2048,2048]	identity_bytes	denoiser.transformer_blocks.24.attn1.to_q.weight	BF16	[2048,2048]	denoiser	weight
model.diffusion_model.transformer_blocks.24.attn1.to_v.bias	BF16	[2048]	identity_bytes	denoiser.transformer_blocks.24.attn1.to_v.bias	BF16	[2048]	denoiser	weight
model.diffusion_model.transformer_blocks.24.attn1.to_v.weight	BF16	[2048,2048]	identity_bytes	denoiser.transformer_blocks.24.attn1.to_v.weight	BF16	[2048,2048]	denoiser	weight
model.diffusion_model.transformer_blocks.24.attn2.k_norm.weight	BF16	[2048]	identity_bytes	denoiser.transformer_blocks.24.attn2.k_norm.weight	BF16	[2048]	denoiser	weight
model.diffusion_model.transformer_blocks.24.attn2.q_norm.weight	BF16	[2048]	identity_bytes	denoiser.transformer_blocks.24.attn2.q_norm.weight	BF16	[2048]	denoiser	weight
model.diffusion_model.transformer_blocks.24.attn2.to_k.bias	BF16	[2048]	identity_bytes	denoiser.transformer_blocks.24.attn2.to_k.bias	BF16	[2048]	denoiser	weight
model.diffusion_model.transformer_blocks.24.attn2.to_k.weight	BF16	[2048,2048]	identity_bytes	denoiser.transformer_blocks.24.attn2.to_k.weight	BF16	[2048,2048]	denoiser	weight
model.diffusion_model.transformer_blocks.24.attn2.to_out.0.bias	BF16	[2048]	identity_bytes	denoiser.transformer_blocks.24.attn2.to_out.0.bias	BF16	[2048]	denoiser	weight
model.diffusion_model.transformer_blocks.24.attn2.to_out.0.weight	BF16	[2048,2048]	identity_bytes	denoiser.transformer_blocks.24.attn2.to_out.0.weight	BF16	[2048,2048]	denoiser	weight
model.diffusion_model.transformer_blocks.24.attn2.to_q.bias	BF16	[2048]	identity_bytes	denoiser.transformer_blocks.24.attn2.to_q.bias	BF16	[2048]	denoiser	weight
model.diffusion_model.transformer_blocks.24.attn2.to_q.weight	BF16	[2048,2048]	identity_bytes	denoiser.transformer_blocks.24.attn2.to_q.weight	BF16	[2048,2048]	denoiser	weight
model.diffusion_model.transformer_blocks.24.attn2.to_v.bias	BF16	[2048]	identity_bytes	denoiser.transformer_blocks.24.attn2.to_v.bias	BF16	[2048]	denoiser	weight
model.diffusion_model.transformer_blocks.24.attn2.to_v.weight	BF16	[2048,2048]	identity_bytes	denoiser.transformer_blocks.24.attn2.to_v.weight	BF16	[2048,2048]	denoiser	weight
model.diffusion_model.transformer_blocks.24.ff.net.0.proj.bias	BF16	[8192]	identity_bytes	denoiser.transformer_blocks.24.ff.net.0.proj.bias	BF16	[8192]	denoiser	weight
model.diffusion_model.transformer_blocks.24.ff.net.0.proj.weight	BF16	[8192,2048]	identity_bytes	denoiser.transformer_blocks.24.ff.net.0.proj.weight	BF16	[8192,2048]	denoiser	weight
model.diffusion_model.transformer_blocks.24.ff.net.2.bias	BF16	[2048]	identity_bytes	denoiser.transformer_blocks.24.ff.net.2.bias	BF16	[2048]	denoiser	weight
model.diffusion_model.transformer_blocks.24.ff.net.2.weight	BF16	[2048,8192]	identity_bytes	denoiser.transformer_blocks.24.ff.net.2.weight	BF16	[2048,8192]	denoiser	weight
model.diffusion_model.transformer_blocks.24.scale_shift_table	BF16	[6,2048]	identity_bytes	denoiser.transformer_blocks.24.scale_shift_table	BF16	[6,2048]	denoiser	weight
model.diffusion_model.transformer_blocks.25.attn1.k_norm.weight	BF16	[2048]	identity_bytes	denoiser.transformer_blocks.25.attn1.k_norm.weight	BF16	[2048]	denoiser	weight
model.diffusion_model.transformer_blocks.25.attn1.q_norm.weight	BF16	[2048]	identity_bytes	denoiser.transformer_blocks.25.attn1.q_norm.weight	BF16	[2048]	denoiser	weight
model.diffusion_model.transformer_blocks.25.attn1.to_k.bias	BF16	[2048]	identity_bytes	denoiser.transformer_blocks.25.attn1.to_k.bias	BF16	[2048]	denoiser	weight
model.diffusion_model.transformer_blocks.25.attn1.to_k.weight	BF16	[2048,2048]	identity_bytes	denoiser.transformer_blocks.25.attn1.to_k.weight	BF16	[2048,2048]	denoiser	weight
model.diffusion_model.transformer_blocks.25.attn1.to_out.0.bias	BF16	[2048]	identity_bytes	denoiser.transformer_blocks.25.attn1.to_out.0.bias	BF16	[2048]	denoiser	weight
model.diffusion_model.transformer_blocks.25.attn1.to_out.0.weight	BF16	[2048,2048]	identity_bytes	denoiser.transformer_blocks.25.attn1.to_out.0.weight	BF16	[2048,2048]	denoiser	weight
model.diffusion_model.transformer_blocks.25.attn1.to_q.bias	BF16	[2048]	identity_bytes	denoiser.transformer_blocks.25.attn1.to_q.bias	BF16	[2048]	denoiser	weight
model.diffusion_model.transformer_blocks.25.attn1.to_q.weight	BF16	[2048,2048]	identity_bytes	denoiser.transformer_blocks.25.attn1.to_q.weight	BF16	[2048,2048]	denoiser	weight
model.diffusion_model.transformer_blocks.25.attn1.to_v.bias	BF16	[2048]	identity_bytes	denoiser.transformer_blocks.25.attn1.to_v.bias	BF16	[2048]	denoiser	weight
model.diffusion_model.transformer_blocks.25.attn1.to_v.weight	BF16	[2048,2048]	identity_bytes	denoiser.transformer_blocks.25.attn1.to_v.weight	BF16	[2048,2048]	denoiser	weight
model.diffusion_model.transformer_blocks.25.attn2.k_norm.weight	BF16	[2048]	identity_bytes	denoiser.transformer_blocks.25.attn2.k_norm.weight	BF16	[2048]	denoiser	weight
model.diffusion_model.transformer_blocks.25.attn2.q_norm.weight	BF16	[2048]	identity_bytes	denoiser.transformer_blocks.25.attn2.q_norm.weight	BF16	[2048]	denoiser	weight
model.diffusion_model.transformer_blocks.25.attn2.to_k.bias	BF16	[2048]	identity_bytes	denoiser.transformer_blocks.25.attn2.to_k.bias	BF16	[2048]	denoiser	weight
model.diffusion_model.transformer_blocks.25.attn2.to_k.weight	BF16	[2048,2048]	identity_bytes	denoiser.transformer_blocks.25.attn2.to_k.weight	BF16	[2048,2048]	denoiser	weight
model.diffusion_model.transformer_blocks.25.attn2.to_out.0.bias	BF16	[2048]	identity_bytes	denoiser.transformer_blocks.25.attn2.to_out.0.bias	BF16	[2048]	denoiser	weight
model.diffusion_model.transformer_blocks.25.attn2.to_out.0.weight	BF16	[2048,2048]	identity_bytes	denoiser.transformer_blocks.25.attn2.to_out.0.weight	BF16	[2048,2048]	denoiser	weight
model.diffusion_model.transformer_blocks.25.attn2.to_q.bias	BF16	[2048]	identity_bytes	denoiser.transformer_blocks.25.attn2.to_q.bias	BF16	[2048]	denoiser	weight
model.diffusion_model.transformer_blocks.25.attn2.to_q.weight	BF16	[2048,2048]	identity_bytes	denoiser.transformer_blocks.25.attn2.to_q.weight	BF16	[2048,2048]	denoiser	weight
model.diffusion_model.transformer_blocks.25.attn2.to_v.bias	BF16	[2048]	identity_bytes	denoiser.transformer_blocks.25.attn2.to_v.bias	BF16	[2048]	denoiser	weight
model.diffusion_model.transformer_blocks.25.attn2.to_v.weight	BF16	[2048,2048]	identity_bytes	denoiser.transformer_blocks.25.attn2.to_v.weight	BF16	[2048,2048]	denoiser	weight
model.diffusion_model.transformer_blocks.25.ff.net.0.proj.bias	BF16	[8192]	identity_bytes	denoiser.transformer_blocks.25.ff.net.0.proj.bias	BF16	[8192]	denoiser	weight
model.diffusion_model.transformer_blocks.25.ff.net.0.proj.weight	BF16	[8192,2048]	identity_bytes	denoiser.transformer_blocks.25.ff.net.0.proj.weight	BF16	[8192,2048]	denoiser	weight
model.diffusion_model.transformer_blocks.25.ff.net.2.bias	BF16	[2048]	identity_bytes	denoiser.transformer_blocks.25.ff.net.2.bias	BF16	[2048]	denoiser	weight
model.diffusion_model.transformer_blocks.25.ff.net.2.weight	BF16	[2048,8192]	identity_bytes	denoiser.transformer_blocks.25.ff.net.2.weight	BF16	[2048,8192]	denoiser	weight
model.diffusion_model.transformer_blocks.25.scale_shift_table	BF16	[6,2048]	identity_bytes	denoiser.transformer_blocks.25.scale_shift_table	BF16	[6,2048]	denoiser	weight
model.diffusion_model.transformer_blocks.26.attn1.k_norm.weight	BF16	[2048]	identity_bytes	denoiser.transformer_blocks.26.attn1.k_norm.weight	BF16	[2048]	denoiser	weight
model.diffusion_model.transformer_blocks.26.attn1.q_norm.weight	BF16	[2048]	identity_bytes	denoiser.transformer_blocks.26.attn1.q_norm.weight	BF16	[2048]	denoiser	weight
model.diffusion_model.transformer_blocks.26.attn1.to_k.bias	BF16	[2048]	identity_bytes	denoiser.transformer_blocks.26.attn1.to_k.bias	BF16	[2048]	denoiser	weight
model.diffusion_model.transformer_blocks.26.attn1.to_k.weight	BF16	[2048,2048]	identity_bytes	denoiser.transformer_blocks.26.attn1.to_k.weight	BF16	[2048,2048]	denoiser	weight
model.diffusion_model.transformer_blocks.26.attn1.to_out.0.bias	BF16	[2048]	identity_bytes	denoiser.transformer_blocks.26.attn1.to_out.0.bias	BF16	[2048]	denoiser	weight
model.diffusion_model.transformer_blocks.26.attn1.to_out.0.weight	BF16	[2048,2048]	identity_bytes	denoiser.transformer_blocks.26.attn1.to_out.0.weight	BF16	[2048,2048]	denoiser	weight
model.diffusion_model.transformer_blocks.26.attn1.to_q.bias	BF16	[2048]	identity_bytes	denoiser.transformer_blocks.26.attn1.to_q.bias	BF16	[2048]	denoiser	weight
model.diffusion_model.transformer_blocks.26.attn1.to_q.weight	BF16	[2048,2048]	identity_bytes	denoiser.transformer_blocks.26.attn1.to_q.weight	BF16	[2048,2048]	denoiser	weight
model.diffusion_model.transformer_blocks.26.attn1.to_v.bias	BF16	[2048]	identity_bytes	denoiser.transformer_blocks.26.attn1.to_v.bias	BF16	[2048]	denoiser	weight
model.diffusion_model.transformer_blocks.26.attn1.to_v.weight	BF16	[2048,2048]	identity_bytes	denoiser.transformer_blocks.26.attn1.to_v.weight	BF16	[2048,2048]	denoiser	weight
model.diffusion_model.transformer_blocks.26.attn2.k_norm.weight	BF16	[2048]	identity_bytes	denoiser.transformer_blocks.26.attn2.k_norm.weight	BF16	[2048]	denoiser	weight
model.diffusion_model.transformer_blocks.26.attn2.q_norm.weight	BF16	[2048]	identity_bytes	denoiser.transformer_blocks.26.attn2.q_norm.weight	BF16	[2048]	denoiser	weight
model.diffusion_model.transformer_blocks.26.attn2.to_k.bias	BF16	[2048]	identity_bytes	denoiser.transformer_blocks.26.attn2.to_k.bias	BF16	[2048]	denoiser	weight
model.diffusion_model.transformer_blocks.26.attn2.to_k.weight	BF16	[2048,2048]	identity_bytes	denoiser.transformer_blocks.26.attn2.to_k.weight	BF16	[2048,2048]	denoiser	weight
model.diffusion_model.transformer_blocks.26.attn2.to_out.0.bias	BF16	[2048]	identity_bytes	denoiser.transformer_blocks.26.attn2.to_out.0.bias	BF16	[2048]	denoiser	weight
model.diffusion_model.transformer_blocks.26.attn2.to_out.0.weight	BF16	[2048,2048]	identity_bytes	denoiser.transformer_blocks.26.attn2.to_out.0.weight	BF16	[2048,2048]	denoiser	weight
model.diffusion_model.transformer_blocks.26.attn2.to_q.bias	BF16	[2048]	identity_bytes	denoiser.transformer_blocks.26.attn2.to_q.bias	BF16	[2048]	denoiser	weight
model.diffusion_model.transformer_blocks.26.attn2.to_q.weight	BF16	[2048,2048]	identity_bytes	denoiser.transformer_blocks.26.attn2.to_q.weight	BF16	[2048,2048]	denoiser	weight
model.diffusion_model.transformer_blocks.26.attn2.to_v.bias	BF16	[2048]	identity_bytes	denoiser.transformer_blocks.26.attn2.to_v.bias	BF16	[2048]	denoiser	weight
model.diffusion_model.transformer_blocks.26.attn2.to_v.weight	BF16	[2048,2048]	identity_bytes	denoiser.transformer_blocks.26.attn2.to_v.weight	BF16	[2048,2048]	denoiser	weight
model.diffusion_model.transformer_blocks.26.ff.net.0.proj.bias	BF16	[8192]	identity_bytes	denoiser.transformer_blocks.26.ff.net.0.proj.bias	BF16	[8192]	denoiser	weight
model.diffusion_model.transformer_blocks.26.ff.net.0.proj.weight	BF16	[8192,2048]	identity_bytes	denoiser.transformer_blocks.26.ff.net.0.proj.weight	BF16	[8192,2048]	denoiser	weight
model.diffusion_model.transformer_blocks.26.ff.net.2.bias	BF16	[2048]	identity_bytes	denoiser.transformer_blocks.26.ff.net.2.bias	BF16	[2048]	denoiser	weight
model.diffusion_model.transformer_blocks.26.ff.net.2.weight	BF16	[2048,8192]	identity_bytes	denoiser.transformer_blocks.26.ff.net.2.weight	BF16	[2048,8192]	denoiser	weight
model.diffusion_model.transformer_blocks.26.scale_shift_table	BF16	[6,2048]	identity_bytes	denoiser.transformer_blocks.26.scale_shift_table	BF16	[6,2048]	denoiser	weight
model.diffusion_model.transformer_blocks.27.attn1.k_norm.weight	BF16	[2048]	identity_bytes	denoiser.transformer_blocks.27.attn1.k_norm.weight	BF16	[2048]	denoiser	weight
model.diffusion_model.transformer_blocks.27.attn1.q_norm.weight	BF16	[2048]	identity_bytes	denoiser.transformer_blocks.27.attn1.q_norm.weight	BF16	[2048]	denoiser	weight
model.diffusion_model.transformer_blocks.27.attn1.to_k.bias	BF16	[2048]	identity_bytes	denoiser.transformer_blocks.27.attn1.to_k.bias	BF16	[2048]	denoiser	weight
model.diffusion_model.transformer_blocks.27.attn1.to_k.weight	BF16	[2048,2048]	identity_bytes	denoiser.transformer_blocks.27.attn1.to_k.weight	BF16	[2048,2048]	denoiser	weight
model.diffusion_model.transformer_blocks.27.attn1.to_out.0.bias	BF16	[2048]	identity_bytes	denoiser.transformer_blocks.27.attn1.to_out.0.bias	BF16	[2048]	denoiser	weight
model.diffusion_model.transformer_blocks.27.attn1.to_out.0.weight	BF16	[2048,2048]	identity_bytes	denoiser.transformer_blocks.27.attn1.to_out.0.weight	BF16	[2048,2048]	denoiser	weight
model.diffusion_model.transformer_blocks.27.attn1.to_q.bias	BF16	[2048]	identity_bytes	denoiser.transformer_blocks.27.attn1.to_q.bias	BF16	[2048]	denoiser	weight
model.diffusion_model.transformer_blocks.27.attn1.to_q.weight	BF16	[2048,2048]	identity_bytes	denoiser.transformer_blocks.27.attn1.to_q.weight	BF16	[2048,2048]	denoiser	weight
model.diffusion_model.transformer_blocks.27.attn1.to_v.bias	BF16	[2048]	identity_bytes	denoiser.transformer_blocks.27.attn1.to_v.bias	BF16	[2048]	denoiser	weight
model.diffusion_model.transformer_blocks.27.attn1.to_v.weight	BF16	[2048,2048]	identity_bytes	denoiser.transformer_blocks.27.attn1.to_v.weight	BF16	[2048,2048]	denoiser	weight
model.diffusion_model.transformer_blocks.27.attn2.k_norm.weight	BF16	[2048]	identity_bytes	denoiser.transformer_blocks.27.attn2.k_norm.weight	BF16	[2048]	denoiser	weight
model.diffusion_model.transformer_blocks.27.attn2.q_norm.weight	BF16	[2048]	identity_bytes	denoiser.transformer_blocks.27.attn2.q_norm.weight	BF16	[2048]	denoiser	weight
model.diffusion_model.transformer_blocks.27.attn2.to_k.bias	BF16	[2048]	identity_bytes	denoiser.transformer_blocks.27.attn2.to_k.bias	BF16	[2048]	denoiser	weight
model.diffusion_model.transformer_blocks.27.attn2.to_k.weight	BF16	[2048,2048]	identity_bytes	denoiser.transformer_blocks.27.attn2.to_k.weight	BF16	[2048,2048]	denoiser	weight
model.diffusion_model.transformer_blocks.27.attn2.to_out.0.bias	BF16	[2048]	identity_bytes	denoiser.transformer_blocks.27.attn2.to_out.0.bias	BF16	[2048]	denoiser	weight
model.diffusion_model.transformer_blocks.27.attn2.to_out.0.weight	BF16	[2048,2048]	identity_bytes	denoiser.transformer_blocks.27.attn2.to_out.0.weight	BF16	[2048,2048]	denoiser	weight
model.diffusion_model.transformer_blocks.27.attn2.to_q.bias	BF16	[2048]	identity_bytes	denoiser.transformer_blocks.27.attn2.to_q.bias	BF16	[2048]	denoiser	weight
model.diffusion_model.transformer_blocks.27.attn2.to_q.weight	BF16	[2048,2048]	identity_bytes	denoiser.transformer_blocks.27.attn2.to_q.weight	BF16	[2048,2048]	denoiser	weight
model.diffusion_model.transformer_blocks.27.attn2.to_v.bias	BF16	[2048]	identity_bytes	denoiser.transformer_blocks.27.attn2.to_v.bias	BF16	[2048]	denoiser	weight
model.diffusion_model.transformer_blocks.27.attn2.to_v.weight	BF16	[2048,2048]	identity_bytes	denoiser.transformer_blocks.27.attn2.to_v.weight	BF16	[2048,2048]	denoiser	weight
model.diffusion_model.transformer_blocks.27.ff.net.0.proj.bias	BF16	[8192]	identity_bytes	denoiser.transformer_blocks.27.ff.net.0.proj.bias	BF16	[8192]	denoiser	weight
model.diffusion_model.transformer_blocks.27.ff.net.0.proj.weight	BF16	[8192,2048]	identity_bytes	denoiser.transformer_blocks.27.ff.net.0.proj.weight	BF16	[8192,2048]	denoiser	weight
model.diffusion_model.transformer_blocks.27.ff.net.2.bias	BF16	[2048]	identity_bytes	denoiser.transformer_blocks.27.ff.net.2.bias	BF16	[2048]	denoiser	weight
model.diffusion_model.transformer_blocks.27.ff.net.2.weight	BF16	[2048,8192]	identity_bytes	denoiser.transformer_blocks.27.ff.net.2.weight	BF16	[2048,8192]	denoiser	weight
model.diffusion_model.transformer_blocks.27.scale_shift_table	BF16	[6,2048]	identity_bytes	denoiser.transformer_blocks.27.scale_shift_table	BF16	[6,2048]	denoiser	weight
model.diffusion_model.transformer_blocks.3.attn1.k_norm.weight	BF16	[2048]	identity_bytes	denoiser.transformer_blocks.3.attn1.k_norm.weight	BF16	[2048]	denoiser	weight
model.diffusion_model.transformer_blocks.3.attn1.q_norm.weight	BF16	[2048]	identity_bytes	denoiser.transformer_blocks.3.attn1.q_norm.weight	BF16	[2048]	denoiser	weight
model.diffusion_model.transformer_blocks.3.attn1.to_k.bias	BF16	[2048]	identity_bytes	denoiser.transformer_blocks.3.attn1.to_k.bias	BF16	[2048]	denoiser	weight
model.diffusion_model.transformer_blocks.3.attn1.to_k.weight	BF16	[2048,2048]	identity_bytes	denoiser.transformer_blocks.3.attn1.to_k.weight	BF16	[2048,2048]	denoiser	weight
model.diffusion_model.transformer_blocks.3.attn1.to_out.0.bias	BF16	[2048]	identity_bytes	denoiser.transformer_blocks.3.attn1.to_out.0.bias	BF16	[2048]	denoiser	weight
model.diffusion_model.transformer_blocks.3.attn1.to_out.0.weight	BF16	[2048,2048]	identity_bytes	denoiser.transformer_blocks.3.attn1.to_out.0.weight	BF16	[2048,2048]	denoiser	weight
model.diffusion_model.transformer_blocks.3.attn1.to_q.bias	BF16	[2048]	identity_bytes	denoiser.transformer_blocks.3.attn1.to_q.bias	BF16	[2048]	denoiser	weight
model.diffusion_model.transformer_blocks.3.attn1.to_q.weight	BF16	[2048,2048]	identity_bytes	denoiser.transformer_blocks.3.attn1.to_q.weight	BF16	[2048,2048]	denoiser	weight
model.diffusion_model.transformer_blocks.3.attn1.to_v.bias	BF16	[2048]	identity_bytes	denoiser.transformer_blocks.3.attn1.to_v.bias	BF16	[2048]	denoiser	weight
model.diffusion_model.transformer_blocks.3.attn1.to_v.weight	BF16	[2048,2048]	identity_bytes	denoiser.transformer_blocks.3.attn1.to_v.weight	BF16	[2048,2048]	denoiser	weight
model.diffusion_model.transformer_blocks.3.attn2.k_norm.weight	BF16	[2048]	identity_bytes	denoiser.transformer_blocks.3.attn2.k_norm.weight	BF16	[2048]	denoiser	weight
model.diffusion_model.transformer_blocks.3.attn2.q_norm.weight	BF16	[2048]	identity_bytes	denoiser.transformer_blocks.3.attn2.q_norm.weight	BF16	[2048]	denoiser	weight
model.diffusion_model.transformer_blocks.3.attn2.to_k.bias	BF16	[2048]	identity_bytes	denoiser.transformer_blocks.3.attn2.to_k.bias	BF16	[2048]	denoiser	weight
model.diffusion_model.transformer_blocks.3.attn2.to_k.weight	BF16	[2048,2048]	identity_bytes	denoiser.transformer_blocks.3.attn2.to_k.weight	BF16	[2048,2048]	denoiser	weight
model.diffusion_model.transformer_blocks.3.attn2.to_out.0.bias	BF16	[2048]	identity_bytes	denoiser.transformer_blocks.3.attn2.to_out.0.bias	BF16	[2048]	denoiser	weight
model.diffusion_model.transformer_blocks.3.attn2.to_out.0.weight	BF16	[2048,2048]	identity_bytes	denoiser.transformer_blocks.3.attn2.to_out.0.weight	BF16	[2048,2048]	denoiser	weight
model.diffusion_model.transformer_blocks.3.attn2.to_q.bias	BF16	[2048]	identity_bytes	denoiser.transformer_blocks.3.attn2.to_q.bias	BF16	[2048]	denoiser	weight
model.diffusion_model.transformer_blocks.3.attn2.to_q.weight	BF16	[2048,2048]	identity_bytes	denoiser.transformer_blocks.3.attn2.to_q.weight	BF16	[2048,2048]	denoiser	weight
model.diffusion_model.transformer_blocks.3.attn2.to_v.bias	BF16	[2048]	identity_bytes	denoiser.transformer_blocks.3.attn2.to_v.bias	BF16	[2048]	denoiser	weight
model.diffusion_model.transformer_blocks.3.attn2.to_v.weight	BF16	[2048,2048]	identity_bytes	denoiser.transformer_blocks.3.attn2.to_v.weight	BF16	[2048,2048]	denoiser	weight
model.diffusion_model.transformer_blocks.3.ff.net.0.proj.bias	BF16	[8192]	identity_bytes	denoiser.transformer_blocks.3.ff.net.0.proj.bias	BF16	[8192]	denoiser	weight
model.diffusion_model.transformer_blocks.3.ff.net.0.proj.weight	BF16	[8192,2048]	identity_bytes	denoiser.transformer_blocks.3.ff.net.0.proj.weight	BF16	[8192,2048]	denoiser	weight
model.diffusion_model.transformer_blocks.3.ff.net.2.bias	BF16	[2048]	identity_bytes	denoiser.transformer_blocks.3.ff.net.2.bias	BF16	[2048]	denoiser	weight
model.diffusion_model.transformer_blocks.3.ff.net.2.weight	BF16	[2048,8192]	identity_bytes	denoiser.transformer_blocks.3.ff.net.2.weight	BF16	[2048,8192]	denoiser	weight
model.diffusion_model.transformer_blocks.3.scale_shift_table	BF16	[6,2048]	identity_bytes	denoiser.transformer_blocks.3.scale_shift_table	BF16	[6,2048]	denoiser	weight
model.diffusion_model.transformer_blocks.4.attn1.k_norm.weight	BF16	[2048]	identity_bytes	denoiser.transformer_blocks.4.attn1.k_norm.weight	BF16	[2048]	denoiser	weight
model.diffusion_model.transformer_blocks.4.attn1.q_norm.weight	BF16	[2048]	identity_bytes	denoiser.transformer_blocks.4.attn1.q_norm.weight	BF16	[2048]	denoiser	weight
model.diffusion_model.transformer_blocks.4.attn1.to_k.bias	BF16	[2048]	identity_bytes	denoiser.transformer_blocks.4.attn1.to_k.bias	BF16	[2048]	denoiser	weight
model.diffusion_model.transformer_blocks.4.attn1.to_k.weight	BF16	[2048,2048]	identity_bytes	denoiser.transformer_blocks.4.attn1.to_k.weight	BF16	[2048,2048]	denoiser	weight
model.diffusion_model.transformer_blocks.4.attn1.to_out.0.bias	BF16	[2048]	identity_bytes	denoiser.transformer_blocks.4.attn1.to_out.0.bias	BF16	[2048]	denoiser	weight
model.diffusion_model.transformer_blocks.4.attn1.to_out.0.weight	BF16	[2048,2048]	identity_bytes	denoiser.transformer_blocks.4.attn1.to_out.0.weight	BF16	[2048,2048]	denoiser	weight
model.diffusion_model.transformer_blocks.4.attn1.to_q.bias	BF16	[2048]	identity_bytes	denoiser.transformer_blocks.4.attn1.to_q.bias	BF16	[2048]	denoiser	weight
model.diffusion_model.transformer_blocks.4.attn1.to_q.weight	BF16	[2048,2048]	identity_bytes	denoiser.transformer_blocks.4.attn1.to_q.weight	BF16	[2048,2048]	denoiser	weight
model.diffusion_model.transformer_blocks.4.attn1.to_v.bias	BF16	[2048]	identity_bytes	denoiser.transformer_blocks.4.attn1.to_v.bias	BF16	[2048]	denoiser	weight
model.diffusion_model.transformer_blocks.4.attn1.to_v.weight	BF16	[2048,2048]	identity_bytes	denoiser.transformer_blocks.4.attn1.to_v.weight	BF16	[2048,2048]	denoiser	weight
model.diffusion_model.transformer_blocks.4.attn2.k_norm.weight	BF16	[2048]	identity_bytes	denoiser.transformer_blocks.4.attn2.k_norm.weight	BF16	[2048]	denoiser	weight
model.diffusion_model.transformer_blocks.4.attn2.q_norm.weight	BF16	[2048]	identity_bytes	denoiser.transformer_blocks.4.attn2.q_norm.weight	BF16	[2048]	denoiser	weight
model.diffusion_model.transformer_blocks.4.attn2.to_k.bias	BF16	[2048]	identity_bytes	denoiser.transformer_blocks.4.attn2.to_k.bias	BF16	[2048]	denoiser	weight
model.diffusion_model.transformer_blocks.4.attn2.to_k.weight	BF16	[2048,2048]	identity_bytes	denoiser.transformer_blocks.4.attn2.to_k.weight	BF16	[2048,2048]	denoiser	weight
model.diffusion_model.transformer_blocks.4.attn2.to_out.0.bias	BF16	[2048]	identity_bytes	denoiser.transformer_blocks.4.attn2.to_out.0.bias	BF16	[2048]	denoiser	weight
model.diffusion_model.transformer_blocks.4.attn2.to_out.0.weight	BF16	[2048,2048]	identity_bytes	denoiser.transformer_blocks.4.attn2.to_out.0.weight	BF16	[2048,2048]	denoiser	weight
model.diffusion_model.transformer_blocks.4.attn2.to_q.bias	BF16	[2048]	identity_bytes	denoiser.transformer_blocks.4.attn2.to_q.bias	BF16	[2048]	denoiser	weight
model.diffusion_model.transformer_blocks.4.attn2.to_q.weight	BF16	[2048,2048]	identity_bytes	denoiser.transformer_blocks.4.attn2.to_q.weight	BF16	[2048,2048]	denoiser	weight
model.diffusion_model.transformer_blocks.4.attn2.to_v.bias	BF16	[2048]	identity_bytes	denoiser.transformer_blocks.4.attn2.to_v.bias	BF16	[2048]	denoiser	weight
model.diffusion_model.transformer_blocks.4.attn2.to_v.weight	BF16	[2048,2048]	identity_bytes	denoiser.transformer_blocks.4.attn2.to_v.weight	BF16	[2048,2048]	denoiser	weight
model.diffusion_model.transformer_blocks.4.ff.net.0.proj.bias	BF16	[8192]	identity_bytes	denoiser.transformer_blocks.4.ff.net.0.proj.bias	BF16	[8192]	denoiser	weight
model.diffusion_model.transformer_blocks.4.ff.net.0.proj.weight	BF16	[8192,2048]	identity_bytes	denoiser.transformer_blocks.4.ff.net.0.proj.weight	BF16	[8192,2048]	denoiser	weight
model.diffusion_model.transformer_blocks.4.ff.net.2.bias	BF16	[2048]	identity_bytes	denoiser.transformer_blocks.4.ff.net.2.bias	BF16	[2048]	denoiser	weight
model.diffusion_model.transformer_blocks.4.ff.net.2.weight	BF16	[2048,8192]	identity_bytes	denoiser.transformer_blocks.4.ff.net.2.weight	BF16	[2048,8192]	denoiser	weight
model.diffusion_model.transformer_blocks.4.scale_shift_table	BF16	[6,2048]	identity_bytes	denoiser.transformer_blocks.4.scale_shift_table	BF16	[6,2048]	denoiser	weight
model.diffusion_model.transformer_blocks.5.attn1.k_norm.weight	BF16	[2048]	identity_bytes	denoiser.transformer_blocks.5.attn1.k_norm.weight	BF16	[2048]	denoiser	weight
model.diffusion_model.transformer_blocks.5.attn1.q_norm.weight	BF16	[2048]	identity_bytes	denoiser.transformer_blocks.5.attn1.q_norm.weight	BF16	[2048]	denoiser	weight
model.diffusion_model.transformer_blocks.5.attn1.to_k.bias	BF16	[2048]	identity_bytes	denoiser.transformer_blocks.5.attn1.to_k.bias	BF16	[2048]	denoiser	weight
model.diffusion_model.transformer_blocks.5.attn1.to_k.weight	BF16	[2048,2048]	identity_bytes	denoiser.transformer_blocks.5.attn1.to_k.weight	BF16	[2048,2048]	denoiser	weight
model.diffusion_model.transformer_blocks.5.attn1.to_out.0.bias	BF16	[2048]	identity_bytes	denoiser.transformer_blocks.5.attn1.to_out.0.bias	BF16	[2048]	denoiser	weight
model.diffusion_model.transformer_blocks.5.attn1.to_out.0.weight	BF16	[2048,2048]	identity_bytes	denoiser.transformer_blocks.5.attn1.to_out.0.weight	BF16	[2048,2048]	denoiser	weight
model.diffusion_model.transformer_blocks.5.attn1.to_q.bias	BF16	[2048]	identity_bytes	denoiser.transformer_blocks.5.attn1.to_q.bias	BF16	[2048]	denoiser	weight
model.diffusion_model.transformer_blocks.5.attn1.to_q.weight	BF16	[2048,2048]	identity_bytes	denoiser.transformer_blocks.5.attn1.to_q.weight	BF16	[2048,2048]	denoiser	weight
model.diffusion_model.transformer_blocks.5.attn1.to_v.bias	BF16	[2048]	identity_bytes	denoiser.transformer_blocks.5.attn1.to_v.bias	BF16	[2048]	denoiser	weight
model.diffusion_model.transformer_blocks.5.attn1.to_v.weight	BF16	[2048,2048]	identity_bytes	denoiser.transformer_blocks.5.attn1.to_v.weight	BF16	[2048,2048]	denoiser	weight
model.diffusion_model.transformer_blocks.5.attn2.k_norm.weight	BF16	[2048]	identity_bytes	denoiser.transformer_blocks.5.attn2.k_norm.weight	BF16	[2048]	denoiser	weight
model.diffusion_model.transformer_blocks.5.attn2.q_norm.weight	BF16	[2048]	identity_bytes	denoiser.transformer_blocks.5.attn2.q_norm.weight	BF16	[2048]	denoiser	weight
model.diffusion_model.transformer_blocks.5.attn2.to_k.bias	BF16	[2048]	identity_bytes	denoiser.transformer_blocks.5.attn2.to_k.bias	BF16	[2048]	denoiser	weight
model.diffusion_model.transformer_blocks.5.attn2.to_k.weight	BF16	[2048,2048]	identity_bytes	denoiser.transformer_blocks.5.attn2.to_k.weight	BF16	[2048,2048]	denoiser	weight
model.diffusion_model.transformer_blocks.5.attn2.to_out.0.bias	BF16	[2048]	identity_bytes	denoiser.transformer_blocks.5.attn2.to_out.0.bias	BF16	[2048]	denoiser	weight
model.diffusion_model.transformer_blocks.5.attn2.to_out.0.weight	BF16	[2048,2048]	identity_bytes	denoiser.transformer_blocks.5.attn2.to_out.0.weight	BF16	[2048,2048]	denoiser	weight
model.diffusion_model.transformer_blocks.5.attn2.to_q.bias	BF16	[2048]	identity_bytes	denoiser.transformer_blocks.5.attn2.to_q.bias	BF16	[2048]	denoiser	weight
model.diffusion_model.transformer_blocks.5.attn2.to_q.weight	BF16	[2048,2048]	identity_bytes	denoiser.transformer_blocks.5.attn2.to_q.weight	BF16	[2048,2048]	denoiser	weight
model.diffusion_model.transformer_blocks.5.attn2.to_v.bias	BF16	[2048]	identity_bytes	denoiser.transformer_blocks.5.attn2.to_v.bias	BF16	[2048]	denoiser	weight
model.diffusion_model.transformer_blocks.5.attn2.to_v.weight	BF16	[2048,2048]	identity_bytes	denoiser.transformer_blocks.5.attn2.to_v.weight	BF16	[2048,2048]	denoiser	weight
model.diffusion_model.transformer_blocks.5.ff.net.0.proj.bias	BF16	[8192]	identity_bytes	denoiser.transformer_blocks.5.ff.net.0.proj.bias	BF16	[8192]	denoiser	weight
model.diffusion_model.transformer_blocks.5.ff.net.0.proj.weight	BF16	[8192,2048]	identity_bytes	denoiser.transformer_blocks.5.ff.net.0.proj.weight	BF16	[8192,2048]	denoiser	weight
model.diffusion_model.transformer_blocks.5.ff.net.2.bias	BF16	[2048]	identity_bytes	denoiser.transformer_blocks.5.ff.net.2.bias	BF16	[2048]	denoiser	weight
model.diffusion_model.transformer_blocks.5.ff.net.2.weight	BF16	[2048,8192]	identity_bytes	denoiser.transformer_blocks.5.ff.net.2.weight	BF16	[2048,8192]	denoiser	weight
model.diffusion_model.transformer_blocks.5.scale_shift_table	BF16	[6,2048]	identity_bytes	denoiser.transformer_blocks.5.scale_shift_table	BF16	[6,2048]	denoiser	weight
model.diffusion_model.transformer_blocks.6.attn1.k_norm.weight	BF16	[2048]	identity_bytes	denoiser.transformer_blocks.6.attn1.k_norm.weight	BF16	[2048]	denoiser	weight
model.diffusion_model.transformer_blocks.6.attn1.q_norm.weight	BF16	[2048]	identity_bytes	denoiser.transformer_blocks.6.attn1.q_norm.weight	BF16	[2048]	denoiser	weight
model.diffusion_model.transformer_blocks.6.attn1.to_k.bias	BF16	[2048]	identity_bytes	denoiser.transformer_blocks.6.attn1.to_k.bias	BF16	[2048]	denoiser	weight
model.diffusion_model.transformer_blocks.6.attn1.to_k.weight	BF16	[2048,2048]	identity_bytes	denoiser.transformer_blocks.6.attn1.to_k.weight	BF16	[2048,2048]	denoiser	weight
model.diffusion_model.transformer_blocks.6.attn1.to_out.0.bias	BF16	[2048]	identity_bytes	denoiser.transformer_blocks.6.attn1.to_out.0.bias	BF16	[2048]	denoiser	weight
model.diffusion_model.transformer_blocks.6.attn1.to_out.0.weight	BF16	[2048,2048]	identity_bytes	denoiser.transformer_blocks.6.attn1.to_out.0.weight	BF16	[2048,2048]	denoiser	weight
model.diffusion_model.transformer_blocks.6.attn1.to_q.bias	BF16	[2048]	identity_bytes	denoiser.transformer_blocks.6.attn1.to_q.bias	BF16	[2048]	denoiser	weight
model.diffusion_model.transformer_blocks.6.attn1.to_q.weight	BF16	[2048,2048]	identity_bytes	denoiser.transformer_blocks.6.attn1.to_q.weight	BF16	[2048,2048]	denoiser	weight
model.diffusion_model.transformer_blocks.6.attn1.to_v.bias	BF16	[2048]	identity_bytes	denoiser.transformer_blocks.6.attn1.to_v.bias	BF16	[2048]	denoiser	weight
model.diffusion_model.transformer_blocks.6.attn1.to_v.weight	BF16	[2048,2048]	identity_bytes	denoiser.transformer_blocks.6.attn1.to_v.weight	BF16	[2048,2048]	denoiser	weight
model.diffusion_model.transformer_blocks.6.attn2.k_norm.weight	BF16	[2048]	identity_bytes	denoiser.transformer_blocks.6.attn2.k_norm.weight	BF16	[2048]	denoiser	weight
model.diffusion_model.transformer_blocks.6.attn2.q_norm.weight	BF16	[2048]	identity_bytes	denoiser.transformer_blocks.6.attn2.q_norm.weight	BF16	[2048]	denoiser	weight
model.diffusion_model.transformer_blocks.6.attn2.to_k.bias	BF16	[2048]	identity_bytes	denoiser.transformer_blocks.6.attn2.to_k.bias	BF16	[2048]	denoiser	weight
model.diffusion_model.transformer_blocks.6.attn2.to_k.weight	BF16	[2048,2048]	identity_bytes	denoiser.transformer_blocks.6.attn2.to_k.weight	BF16	[2048,2048]	denoiser	weight
model.diffusion_model.transformer_blocks.6.attn2.to_out.0.bias	BF16	[2048]	identity_bytes	denoiser.transformer_blocks.6.attn2.to_out.0.bias	BF16	[2048]	denoiser	weight
model.diffusion_model.transformer_blocks.6.attn2.to_out.0.weight	BF16	[2048,2048]	identity_bytes	denoiser.transformer_blocks.6.attn2.to_out.0.weight	BF16	[2048,2048]	denoiser	weight
model.diffusion_model.transformer_blocks.6.attn2.to_q.bias	BF16	[2048]	identity_bytes	denoiser.transformer_blocks.6.attn2.to_q.bias	BF16	[2048]	denoiser	weight
model.diffusion_model.transformer_blocks.6.attn2.to_q.weight	BF16	[2048,2048]	identity_bytes	denoiser.transformer_blocks.6.attn2.to_q.weight	BF16	[2048,2048]	denoiser	weight
model.diffusion_model.transformer_blocks.6.attn2.to_v.bias	BF16	[2048]	identity_bytes	denoiser.transformer_blocks.6.attn2.to_v.bias	BF16	[2048]	denoiser	weight
model.diffusion_model.transformer_blocks.6.attn2.to_v.weight	BF16	[2048,2048]	identity_bytes	denoiser.transformer_blocks.6.attn2.to_v.weight	BF16	[2048,2048]	denoiser	weight
model.diffusion_model.transformer_blocks.6.ff.net.0.proj.bias	BF16	[8192]	identity_bytes	denoiser.transformer_blocks.6.ff.net.0.proj.bias	BF16	[8192]	denoiser	weight
model.diffusion_model.transformer_blocks.6.ff.net.0.proj.weight	BF16	[8192,2048]	identity_bytes	denoiser.transformer_blocks.6.ff.net.0.proj.weight	BF16	[8192,2048]	denoiser	weight
model.diffusion_model.transformer_blocks.6.ff.net.2.bias	BF16	[2048]	identity_bytes	denoiser.transformer_blocks.6.ff.net.2.bias	BF16	[2048]	denoiser	weight
model.diffusion_model.transformer_blocks.6.ff.net.2.weight	BF16	[2048,8192]	identity_bytes	denoiser.transformer_blocks.6.ff.net.2.weight	BF16	[2048,8192]	denoiser	weight
model.diffusion_model.transformer_blocks.6.scale_shift_table	BF16	[6,2048]	identity_bytes	denoiser.transformer_blocks.6.scale_shift_table	BF16	[6,2048]	denoiser	weight
model.diffusion_model.transformer_blocks.7.attn1.k_norm.weight	BF16	[2048]	identity_bytes	denoiser.transformer_blocks.7.attn1.k_norm.weight	BF16	[2048]	denoiser	weight
model.diffusion_model.transformer_blocks.7.attn1.q_norm.weight	BF16	[2048]	identity_bytes	denoiser.transformer_blocks.7.attn1.q_norm.weight	BF16	[2048]	denoiser	weight
model.diffusion_model.transformer_blocks.7.attn1.to_k.bias	BF16	[2048]	identity_bytes	denoiser.transformer_blocks.7.attn1.to_k.bias	BF16	[2048]	denoiser	weight
model.diffusion_model.transformer_blocks.7.attn1.to_k.weight	BF16	[2048,2048]	identity_bytes	denoiser.transformer_blocks.7.attn1.to_k.weight	BF16	[2048,2048]	denoiser	weight
model.diffusion_model.transformer_blocks.7.attn1.to_out.0.bias	BF16	[2048]	identity_bytes	denoiser.transformer_blocks.7.attn1.to_out.0.bias	BF16	[2048]	denoiser	weight
model.diffusion_model.transformer_blocks.7.attn1.to_out.0.weight	BF16	[2048,2048]	identity_bytes	denoiser.transformer_blocks.7.attn1.to_out.0.weight	BF16	[2048,2048]	denoiser	weight
model.diffusion_model.transformer_blocks.7.attn1.to_q.bias	BF16	[2048]	identity_bytes	denoiser.transformer_blocks.7.attn1.to_q.bias	BF16	[2048]	denoiser	weight
model.diffusion_model.transformer_blocks.7.attn1.to_q.weight	BF16	[2048,2048]	identity_bytes	denoiser.transformer_blocks.7.attn1.to_q.weight	BF16	[2048,2048]	denoiser	weight
model.diffusion_model.transformer_blocks.7.attn1.to_v.bias	BF16	[2048]	identity_bytes	denoiser.transformer_blocks.7.attn1.to_v.bias	BF16	[2048]	denoiser	weight
model.diffusion_model.transformer_blocks.7.attn1.to_v.weight	BF16	[2048,2048]	identity_bytes	denoiser.transformer_blocks.7.attn1.to_v.weight	BF16	[2048,2048]	denoiser	weight
model.diffusion_model.transformer_blocks.7.attn2.k_norm.weight	BF16	[2048]	identity_bytes	denoiser.transformer_blocks.7.attn2.k_norm.weight	BF16	[2048]	denoiser	weight
model.diffusion_model.transformer_blocks.7.attn2.q_norm.weight	BF16	[2048]	identity_bytes	denoiser.transformer_blocks.7.attn2.q_norm.weight	BF16	[2048]	denoiser	weight
model.diffusion_model.transformer_blocks.7.attn2.to_k.bias	BF16	[2048]	identity_bytes	denoiser.transformer_blocks.7.attn2.to_k.bias	BF16	[2048]	denoiser	weight
model.diffusion_model.transformer_blocks.7.attn2.to_k.weight	BF16	[2048,2048]	identity_bytes	denoiser.transformer_blocks.7.attn2.to_k.weight	BF16	[2048,2048]	denoiser	weight
model.diffusion_model.transformer_blocks.7.attn2.to_out.0.bias	BF16	[2048]	identity_bytes	denoiser.transformer_blocks.7.attn2.to_out.0.bias	BF16	[2048]	denoiser	weight
model.diffusion_model.transformer_blocks.7.attn2.to_out.0.weight	BF16	[2048,2048]	identity_bytes	denoiser.transformer_blocks.7.attn2.to_out.0.weight	BF16	[2048,2048]	denoiser	weight
model.diffusion_model.transformer_blocks.7.attn2.to_q.bias	BF16	[2048]	identity_bytes	denoiser.transformer_blocks.7.attn2.to_q.bias	BF16	[2048]	denoiser	weight
model.diffusion_model.transformer_blocks.7.attn2.to_q.weight	BF16	[2048,2048]	identity_bytes	denoiser.transformer_blocks.7.attn2.to_q.weight	BF16	[2048,2048]	denoiser	weight
model.diffusion_model.transformer_blocks.7.attn2.to_v.bias	BF16	[2048]	identity_bytes	denoiser.transformer_blocks.7.attn2.to_v.bias	BF16	[2048]	denoiser	weight
model.diffusion_model.transformer_blocks.7.attn2.to_v.weight	BF16	[2048,2048]	identity_bytes	denoiser.transformer_blocks.7.attn2.to_v.weight	BF16	[2048,2048]	denoiser	weight
model.diffusion_model.transformer_blocks.7.ff.net.0.proj.bias	BF16	[8192]	identity_bytes	denoiser.transformer_blocks.7.ff.net.0.proj.bias	BF16	[8192]	denoiser	weight
model.diffusion_model.transformer_blocks.7.ff.net.0.proj.weight	BF16	[8192,2048]	identity_bytes	denoiser.transformer_blocks.7.ff.net.0.proj.weight	BF16	[8192,2048]	denoiser	weight
model.diffusion_model.transformer_blocks.7.ff.net.2.bias	BF16	[2048]	identity_bytes	denoiser.transformer_blocks.7.ff.net.2.bias	BF16	[2048]	denoiser	weight
model.diffusion_model.transformer_blocks.7.ff.net.2.weight	BF16	[2048,8192]	identity_bytes	denoiser.transformer_blocks.7.ff.net.2.weight	BF16	[2048,8192]	denoiser	weight
model.diffusion_model.transformer_blocks.7.scale_shift_table	BF16	[6,2048]	identity_bytes	denoiser.transformer_blocks.7.scale_shift_table	BF16	[6,2048]	denoiser	weight
model.diffusion_model.transformer_blocks.8.attn1.k_norm.weight	BF16	[2048]	identity_bytes	denoiser.transformer_blocks.8.attn1.k_norm.weight	BF16	[2048]	denoiser	weight
model.diffusion_model.transformer_blocks.8.attn1.q_norm.weight	BF16	[2048]	identity_bytes	denoiser.transformer_blocks.8.attn1.q_norm.weight	BF16	[2048]	denoiser	weight
model.diffusion_model.transformer_blocks.8.attn1.to_k.bias	BF16	[2048]	identity_bytes	denoiser.transformer_blocks.8.attn1.to_k.bias	BF16	[2048]	denoiser	weight
model.diffusion_model.transformer_blocks.8.attn1.to_k.weight	BF16	[2048,2048]	identity_bytes	denoiser.transformer_blocks.8.attn1.to_k.weight	BF16	[2048,2048]	denoiser	weight
model.diffusion_model.transformer_blocks.8.attn1.to_out.0.bias	BF16	[2048]	identity_bytes	denoiser.transformer_blocks.8.attn1.to_out.0.bias	BF16	[2048]	denoiser	weight
model.diffusion_model.transformer_blocks.8.attn1.to_out.0.weight	BF16	[2048,2048]	identity_bytes	denoiser.transformer_blocks.8.attn1.to_out.0.weight	BF16	[2048,2048]	denoiser	weight
model.diffusion_model.transformer_blocks.8.attn1.to_q.bias	BF16	[2048]	identity_bytes	denoiser.transformer_blocks.8.attn1.to_q.bias	BF16	[2048]	denoiser	weight
model.diffusion_model.transformer_blocks.8.attn1.to_q.weight	BF16	[2048,2048]	identity_bytes	denoiser.transformer_blocks.8.attn1.to_q.weight	BF16	[2048,2048]	denoiser	weight
model.diffusion_model.transformer_blocks.8.attn1.to_v.bias	BF16	[2048]	identity_bytes	denoiser.transformer_blocks.8.attn1.to_v.bias	BF16	[2048]	denoiser	weight
model.diffusion_model.transformer_blocks.8.attn1.to_v.weight	BF16	[2048,2048]	identity_bytes	denoiser.transformer_blocks.8.attn1.to_v.weight	BF16	[2048,2048]	denoiser	weight
model.diffusion_model.transformer_blocks.8.attn2.k_norm.weight	BF16	[2048]	identity_bytes	denoiser.transformer_blocks.8.attn2.k_norm.weight	BF16	[2048]	denoiser	weight
model.diffusion_model.transformer_blocks.8.attn2.q_norm.weight	BF16	[2048]	identity_bytes	denoiser.transformer_blocks.8.attn2.q_norm.weight	BF16	[2048]	denoiser	weight
model.diffusion_model.transformer_blocks.8.attn2.to_k.bias	BF16	[2048]	identity_bytes	denoiser.transformer_blocks.8.attn2.to_k.bias	BF16	[2048]	denoiser	weight
model.diffusion_model.transformer_blocks.8.attn2.to_k.weight	BF16	[2048,2048]	identity_bytes	denoiser.transformer_blocks.8.attn2.to_k.weight	BF16	[2048,2048]	denoiser	weight
model.diffusion_model.transformer_blocks.8.attn2.to_out.0.bias	BF16	[2048]	identity_bytes	denoiser.transformer_blocks.8.attn2.to_out.0.bias	BF16	[2048]	denoiser	weight
model.diffusion_model.transformer_blocks.8.attn2.to_out.0.weight	BF16	[2048,2048]	identity_bytes	denoiser.transformer_blocks.8.attn2.to_out.0.weight	BF16	[2048,2048]	denoiser	weight
model.diffusion_model.transformer_blocks.8.attn2.to_q.bias	BF16	[2048]	identity_bytes	denoiser.transformer_blocks.8.attn2.to_q.bias	BF16	[2048]	denoiser	weight
model.diffusion_model.transformer_blocks.8.attn2.to_q.weight	BF16	[2048,2048]	identity_bytes	denoiser.transformer_blocks.8.attn2.to_q.weight	BF16	[2048,2048]	denoiser	weight
model.diffusion_model.transformer_blocks.8.attn2.to_v.bias	BF16	[2048]	identity_bytes	denoiser.transformer_blocks.8.attn2.to_v.bias	BF16	[2048]	denoiser	weight
model.diffusion_model.transformer_blocks.8.attn2.to_v.weight	BF16	[2048,2048]	identity_bytes	denoiser.transformer_blocks.8.attn2.to_v.weight	BF16	[2048,2048]	denoiser	weight
model.diffusion_model.transformer_blocks.8.ff.net.0.proj.bias	BF16	[8192]	identity_bytes	denoiser.transformer_blocks.8.ff.net.0.proj.bias	BF16	[8192]	denoiser	weight
model.diffusion_model.transformer_blocks.8.ff.net.0.proj.weight	BF16	[8192,2048]	identity_bytes	denoiser.transformer_blocks.8.ff.net.0.proj.weight	BF16	[8192,2048]	denoiser	weight
model.diffusion_model.transformer_blocks.8.ff.net.2.bias	BF16	[2048]	identity_bytes	denoiser.transformer_blocks.8.ff.net.2.bias	BF16	[2048]	denoiser	weight
model.diffusion_model.transformer_blocks.8.ff.net.2.weight	BF16	[2048,8192]	identity_bytes	denoiser.transformer_blocks.8.ff.net.2.weight	BF16	[2048,8192]	denoiser	weight
model.diffusion_model.transformer_blocks.8.scale_shift_table	BF16	[6,2048]	identity_bytes	denoiser.transformer_blocks.8.scale_shift_table	BF16	[6,2048]	denoiser	weight
model.diffusion_model.transformer_blocks.9.attn1.k_norm.weight	BF16	[2048]	identity_bytes	denoiser.transformer_blocks.9.attn1.k_norm.weight	BF16	[2048]	denoiser	weight
model.diffusion_model.transformer_blocks.9.attn1.q_norm.weight	BF16	[2048]	identity_bytes	denoiser.transformer_blocks.9.attn1.q_norm.weight	BF16	[2048]	denoiser	weight
model.diffusion_model.transformer_blocks.9.attn1.to_k.bias	BF16	[2048]	identity_bytes	denoiser.transformer_blocks.9.attn1.to_k.bias	BF16	[2048]	denoiser	weight
model.diffusion_model.transformer_blocks.9.attn1.to_k.weight	BF16	[2048,2048]	identity_bytes	denoiser.transformer_blocks.9.attn1.to_k.weight	BF16	[2048,2048]	denoiser	weight
model.diffusion_model.transformer_blocks.9.attn1.to_out.0.bias	BF16	[2048]	identity_bytes	denoiser.transformer_blocks.9.attn1.to_out.0.bias	BF16	[2048]	denoiser	weight
model.diffusion_model.transformer_blocks.9.attn1.to_out.0.weight	BF16	[2048,2048]	identity_bytes	denoiser.transformer_blocks.9.attn1.to_out.0.weight	BF16	[2048,2048]	denoiser	weight
model.diffusion_model.transformer_blocks.9.attn1.to_q.bias	BF16	[2048]	identity_bytes	denoiser.transformer_blocks.9.attn1.to_q.bias	BF16	[2048]	denoiser	weight
model.diffusion_model.transformer_blocks.9.attn1.to_q.weight	BF16	[2048,2048]	identity_bytes	denoiser.transformer_blocks.9.attn1.to_q.weight	BF16	[2048,2048]	denoiser	weight
model.diffusion_model.transformer_blocks.9.attn1.to_v.bias	BF16	[2048]	identity_bytes	denoiser.transformer_blocks.9.attn1.to_v.bias	BF16	[2048]	denoiser	weight
model.diffusion_model.transformer_blocks.9.attn1.to_v.weight	BF16	[2048,2048]	identity_bytes	denoiser.transformer_blocks.9.attn1.to_v.weight	BF16	[2048,2048]	denoiser	weight
model.diffusion_model.transformer_blocks.9.attn2.k_norm.weight	BF16	[2048]	identity_bytes	denoiser.transformer_blocks.9.attn2.k_norm.weight	BF16	[2048]	denoiser	weight
model.diffusion_model.transformer_blocks.9.attn2.q_norm.weight	BF16	[2048]	identity_bytes	denoiser.transformer_blocks.9.attn2.q_norm.weight	BF16	[2048]	denoiser	weight
model.diffusion_model.transformer_blocks.9.attn2.to_k.bias	BF16	[2048]	identity_bytes	denoiser.transformer_blocks.9.attn2.to_k.bias	BF16	[2048]	denoiser	weight
model.diffusion_model.transformer_blocks.9.attn2.to_k.weight	BF16	[2048,2048]	identity_bytes	denoiser.transformer_blocks.9.attn2.to_k.weight	BF16	[2048,2048]	denoiser	weight
model.diffusion_model.transformer_blocks.9.attn2.to_out.0.bias	BF16	[2048]	identity_bytes	denoiser.transformer_blocks.9.attn2.to_out.0.bias	BF16	[2048]	denoiser	weight
model.diffusion_model.transformer_blocks.9.attn2.to_out.0.weight	BF16	[2048,2048]	identity_bytes	denoiser.transformer_blocks.9.attn2.to_out.0.weight	BF16	[2048,2048]	denoiser	weight
model.diffusion_model.transformer_blocks.9.attn2.to_q.bias	BF16	[2048]	identity_bytes	denoiser.transformer_blocks.9.attn2.to_q.bias	BF16	[2048]	denoiser	weight
model.diffusion_model.transformer_blocks.9.attn2.to_q.weight	BF16	[2048,2048]	identity_bytes	denoiser.transformer_blocks.9.attn2.to_q.weight	BF16	[2048,2048]	denoiser	weight
model.diffusion_model.transformer_blocks.9.attn2.to_v.bias	BF16	[2048]	identity_bytes	denoiser.transformer_blocks.9.attn2.to_v.bias	BF16	[2048]	denoiser	weight
model.diffusion_model.transformer_blocks.9.attn2.to_v.weight	BF16	[2048,2048]	identity_bytes	denoiser.transformer_blocks.9.attn2.to_v.weight	BF16	[2048,2048]	denoiser	weight
model.diffusion_model.transformer_blocks.9.ff.net.0.proj.bias	BF16	[8192]	identity_bytes	denoiser.transformer_blocks.9.ff.net.0.proj.bias	BF16	[8192]	denoiser	weight
model.diffusion_model.transformer_blocks.9.ff.net.0.proj.weight	BF16	[8192,2048]	identity_bytes	denoiser.transformer_blocks.9.ff.net.0.proj.weight	BF16	[8192,2048]	denoiser	weight
model.diffusion_model.transformer_blocks.9.ff.net.2.bias	BF16	[2048]	identity_bytes	denoiser.transformer_blocks.9.ff.net.2.bias	BF16	[2048]	denoiser	weight
model.diffusion_model.transformer_blocks.9.ff.net.2.weight	BF16	[2048,8192]	identity_bytes	denoiser.transformer_blocks.9.ff.net.2.weight	BF16	[2048,8192]	denoiser	weight
model.diffusion_model.transformer_blocks.9.scale_shift_table	BF16	[6,2048]	identity_bytes	denoiser.transformer_blocks.9.scale_shift_table	BF16	[6,2048]	denoiser	weight
vae.decoder.conv_in.conv.bias	BF16	[1024]	identity_bytes	component.vae.decoder.conv_in.conv.bias	BF16	[1024]	vae.decoder	weight
vae.decoder.conv_in.conv.weight	BF16	[1024,128,3,3,3]	identity_bytes	component.vae.decoder.conv_in.conv.weight	BF16	[1024,128,3,3,3]	vae.decoder	weight
vae.decoder.conv_out.conv.bias	BF16	[48]	identity_bytes	component.vae.decoder.conv_out.conv.bias	BF16	[48]	vae.decoder	weight
vae.decoder.conv_out.conv.weight	BF16	[48,128,3,3,3]	identity_bytes	component.vae.decoder.conv_out.conv.weight	BF16	[48,128,3,3,3]	vae.decoder	weight
vae.decoder.last_scale_shift_table	BF16	[2,128]	identity_bytes	component.vae.decoder.last_scale_shift_table	BF16	[2,128]	vae.decoder	weight
vae.decoder.last_time_embedder.timestep_embedder.linear_1.bias	BF16	[256]	identity_bytes	component.vae.decoder.last_time_embedder.timestep_embedder.linear_1.bias	BF16	[256]	vae.decoder	weight
vae.decoder.last_time_embedder.timestep_embedder.linear_1.weight	BF16	[256,256]	identity_bytes	component.vae.decoder.last_time_embedder.timestep_embedder.linear_1.weight	BF16	[256,256]	vae.decoder	weight
vae.decoder.last_time_embedder.timestep_embedder.linear_2.bias	BF16	[256]	identity_bytes	component.vae.decoder.last_time_embedder.timestep_embedder.linear_2.bias	BF16	[256]	vae.decoder	weight
vae.decoder.last_time_embedder.timestep_embedder.linear_2.weight	BF16	[256,256]	identity_bytes	component.vae.decoder.last_time_embedder.timestep_embedder.linear_2.weight	BF16	[256,256]	vae.decoder	weight
vae.decoder.timestep_scale_multiplier	BF16	[]	identity_bytes	component.vae.decoder.timestep_scale_multiplier	BF16	[]	vae.decoder	weight
vae.decoder.up_blocks.0.res_blocks.0.conv1.conv.bias	BF16	[1024]	identity_bytes	component.vae.decoder.up_blocks.0.res_blocks.0.conv1.conv.bias	BF16	[1024]	vae.decoder	weight
vae.decoder.up_blocks.0.res_blocks.0.conv1.conv.weight	BF16	[1024,1024,3,3,3]	identity_bytes	component.vae.decoder.up_blocks.0.res_blocks.0.conv1.conv.weight	BF16	[1024,1024,3,3,3]	vae.decoder	weight
vae.decoder.up_blocks.0.res_blocks.0.conv2.conv.bias	BF16	[1024]	identity_bytes	component.vae.decoder.up_blocks.0.res_blocks.0.conv2.conv.bias	BF16	[1024]	vae.decoder	weight
vae.decoder.up_blocks.0.res_blocks.0.conv2.conv.weight	BF16	[1024,1024,3,3,3]	identity_bytes	component.vae.decoder.up_blocks.0.res_blocks.0.conv2.conv.weight	BF16	[1024,1024,3,3,3]	vae.decoder	weight
vae.decoder.up_blocks.0.res_blocks.0.scale_shift_table	BF16	[4,1024]	identity_bytes	component.vae.decoder.up_blocks.0.res_blocks.0.scale_shift_table	BF16	[4,1024]	vae.decoder	weight
vae.decoder.up_blocks.0.res_blocks.1.conv1.conv.bias	BF16	[1024]	identity_bytes	component.vae.decoder.up_blocks.0.res_blocks.1.conv1.conv.bias	BF16	[1024]	vae.decoder	weight
vae.decoder.up_blocks.0.res_blocks.1.conv1.conv.weight	BF16	[1024,1024,3,3,3]	identity_bytes	component.vae.decoder.up_blocks.0.res_blocks.1.conv1.conv.weight	BF16	[1024,1024,3,3,3]	vae.decoder	weight
vae.decoder.up_blocks.0.res_blocks.1.conv2.conv.bias	BF16	[1024]	identity_bytes	component.vae.decoder.up_blocks.0.res_blocks.1.conv2.conv.bias	BF16	[1024]	vae.decoder	weight
vae.decoder.up_blocks.0.res_blocks.1.conv2.conv.weight	BF16	[1024,1024,3,3,3]	identity_bytes	component.vae.decoder.up_blocks.0.res_blocks.1.conv2.conv.weight	BF16	[1024,1024,3,3,3]	vae.decoder	weight
vae.decoder.up_blocks.0.res_blocks.1.scale_shift_table	BF16	[4,1024]	identity_bytes	component.vae.decoder.up_blocks.0.res_blocks.1.scale_shift_table	BF16	[4,1024]	vae.decoder	weight
vae.decoder.up_blocks.0.res_blocks.2.conv1.conv.bias	BF16	[1024]	identity_bytes	component.vae.decoder.up_blocks.0.res_blocks.2.conv1.conv.bias	BF16	[1024]	vae.decoder	weight
vae.decoder.up_blocks.0.res_blocks.2.conv1.conv.weight	BF16	[1024,1024,3,3,3]	identity_bytes	component.vae.decoder.up_blocks.0.res_blocks.2.conv1.conv.weight	BF16	[1024,1024,3,3,3]	vae.decoder	weight
vae.decoder.up_blocks.0.res_blocks.2.conv2.conv.bias	BF16	[1024]	identity_bytes	component.vae.decoder.up_blocks.0.res_blocks.2.conv2.conv.bias	BF16	[1024]	vae.decoder	weight
vae.decoder.up_blocks.0.res_blocks.2.conv2.conv.weight	BF16	[1024,1024,3,3,3]	identity_bytes	component.vae.decoder.up_blocks.0.res_blocks.2.conv2.conv.weight	BF16	[1024,1024,3,3,3]	vae.decoder	weight
vae.decoder.up_blocks.0.res_blocks.2.scale_shift_table	BF16	[4,1024]	identity_bytes	component.vae.decoder.up_blocks.0.res_blocks.2.scale_shift_table	BF16	[4,1024]	vae.decoder	weight
vae.decoder.up_blocks.0.res_blocks.3.conv1.conv.bias	BF16	[1024]	identity_bytes	component.vae.decoder.up_blocks.0.res_blocks.3.conv1.conv.bias	BF16	[1024]	vae.decoder	weight
vae.decoder.up_blocks.0.res_blocks.3.conv1.conv.weight	BF16	[1024,1024,3,3,3]	identity_bytes	component.vae.decoder.up_blocks.0.res_blocks.3.conv1.conv.weight	BF16	[1024,1024,3,3,3]	vae.decoder	weight
vae.decoder.up_blocks.0.res_blocks.3.conv2.conv.bias	BF16	[1024]	identity_bytes	component.vae.decoder.up_blocks.0.res_blocks.3.conv2.conv.bias	BF16	[1024]	vae.decoder	weight
vae.decoder.up_blocks.0.res_blocks.3.conv2.conv.weight	BF16	[1024,1024,3,3,3]	identity_bytes	component.vae.decoder.up_blocks.0.res_blocks.3.conv2.conv.weight	BF16	[1024,1024,3,3,3]	vae.decoder	weight
vae.decoder.up_blocks.0.res_blocks.3.scale_shift_table	BF16	[4,1024]	identity_bytes	component.vae.decoder.up_blocks.0.res_blocks.3.scale_shift_table	BF16	[4,1024]	vae.decoder	weight
vae.decoder.up_blocks.0.res_blocks.4.conv1.conv.bias	BF16	[1024]	identity_bytes	component.vae.decoder.up_blocks.0.res_blocks.4.conv1.conv.bias	BF16	[1024]	vae.decoder	weight
vae.decoder.up_blocks.0.res_blocks.4.conv1.conv.weight	BF16	[1024,1024,3,3,3]	identity_bytes	component.vae.decoder.up_blocks.0.res_blocks.4.conv1.conv.weight	BF16	[1024,1024,3,3,3]	vae.decoder	weight
vae.decoder.up_blocks.0.res_blocks.4.conv2.conv.bias	BF16	[1024]	identity_bytes	component.vae.decoder.up_blocks.0.res_blocks.4.conv2.conv.bias	BF16	[1024]	vae.decoder	weight
vae.decoder.up_blocks.0.res_blocks.4.conv2.conv.weight	BF16	[1024,1024,3,3,3]	identity_bytes	component.vae.decoder.up_blocks.0.res_blocks.4.conv2.conv.weight	BF16	[1024,1024,3,3,3]	vae.decoder	weight
vae.decoder.up_blocks.0.res_blocks.4.scale_shift_table	BF16	[4,1024]	identity_bytes	component.vae.decoder.up_blocks.0.res_blocks.4.scale_shift_table	BF16	[4,1024]	vae.decoder	weight
vae.decoder.up_blocks.0.res_blocks.5.conv1.conv.bias	BF16	[1024]	identity_bytes	component.vae.decoder.up_blocks.0.res_blocks.5.conv1.conv.bias	BF16	[1024]	vae.decoder	weight
vae.decoder.up_blocks.0.res_blocks.5.conv1.conv.weight	BF16	[1024,1024,3,3,3]	identity_bytes	component.vae.decoder.up_blocks.0.res_blocks.5.conv1.conv.weight	BF16	[1024,1024,3,3,3]	vae.decoder	weight
vae.decoder.up_blocks.0.res_blocks.5.conv2.conv.bias	BF16	[1024]	identity_bytes	component.vae.decoder.up_blocks.0.res_blocks.5.conv2.conv.bias	BF16	[1024]	vae.decoder	weight
vae.decoder.up_blocks.0.res_blocks.5.conv2.conv.weight	BF16	[1024,1024,3,3,3]	identity_bytes	component.vae.decoder.up_blocks.0.res_blocks.5.conv2.conv.weight	BF16	[1024,1024,3,3,3]	vae.decoder	weight
vae.decoder.up_blocks.0.res_blocks.5.scale_shift_table	BF16	[4,1024]	identity_bytes	component.vae.decoder.up_blocks.0.res_blocks.5.scale_shift_table	BF16	[4,1024]	vae.decoder	weight
vae.decoder.up_blocks.0.res_blocks.6.conv1.conv.bias	BF16	[1024]	identity_bytes	component.vae.decoder.up_blocks.0.res_blocks.6.conv1.conv.bias	BF16	[1024]	vae.decoder	weight
vae.decoder.up_blocks.0.res_blocks.6.conv1.conv.weight	BF16	[1024,1024,3,3,3]	identity_bytes	component.vae.decoder.up_blocks.0.res_blocks.6.conv1.conv.weight	BF16	[1024,1024,3,3,3]	vae.decoder	weight
vae.decoder.up_blocks.0.res_blocks.6.conv2.conv.bias	BF16	[1024]	identity_bytes	component.vae.decoder.up_blocks.0.res_blocks.6.conv2.conv.bias	BF16	[1024]	vae.decoder	weight
vae.decoder.up_blocks.0.res_blocks.6.conv2.conv.weight	BF16	[1024,1024,3,3,3]	identity_bytes	component.vae.decoder.up_blocks.0.res_blocks.6.conv2.conv.weight	BF16	[1024,1024,3,3,3]	vae.decoder	weight
vae.decoder.up_blocks.0.res_blocks.6.scale_shift_table	BF16	[4,1024]	identity_bytes	component.vae.decoder.up_blocks.0.res_blocks.6.scale_shift_table	BF16	[4,1024]	vae.decoder	weight
vae.decoder.up_blocks.0.res_blocks.7.conv1.conv.bias	BF16	[1024]	identity_bytes	component.vae.decoder.up_blocks.0.res_blocks.7.conv1.conv.bias	BF16	[1024]	vae.decoder	weight
vae.decoder.up_blocks.0.res_blocks.7.conv1.conv.weight	BF16	[1024,1024,3,3,3]	identity_bytes	component.vae.decoder.up_blocks.0.res_blocks.7.conv1.conv.weight	BF16	[1024,1024,3,3,3]	vae.decoder	weight
vae.decoder.up_blocks.0.res_blocks.7.conv2.conv.bias	BF16	[1024]	identity_bytes	component.vae.decoder.up_blocks.0.res_blocks.7.conv2.conv.bias	BF16	[1024]	vae.decoder	weight
vae.decoder.up_blocks.0.res_blocks.7.conv2.conv.weight	BF16	[1024,1024,3,3,3]	identity_bytes	component.vae.decoder.up_blocks.0.res_blocks.7.conv2.conv.weight	BF16	[1024,1024,3,3,3]	vae.decoder	weight
vae.decoder.up_blocks.0.res_blocks.7.scale_shift_table	BF16	[4,1024]	identity_bytes	component.vae.decoder.up_blocks.0.res_blocks.7.scale_shift_table	BF16	[4,1024]	vae.decoder	weight
vae.decoder.up_blocks.0.time_embedder.timestep_embedder.linear_1.bias	BF16	[4096]	identity_bytes	component.vae.decoder.up_blocks.0.time_embedder.timestep_embedder.linear_1.bias	BF16	[4096]	vae.decoder	weight
vae.decoder.up_blocks.0.time_embedder.timestep_embedder.linear_1.weight	BF16	[4096,256]	identity_bytes	component.vae.decoder.up_blocks.0.time_embedder.timestep_embedder.linear_1.weight	BF16	[4096,256]	vae.decoder	weight
vae.decoder.up_blocks.0.time_embedder.timestep_embedder.linear_2.bias	BF16	[4096]	identity_bytes	component.vae.decoder.up_blocks.0.time_embedder.timestep_embedder.linear_2.bias	BF16	[4096]	vae.decoder	weight
vae.decoder.up_blocks.0.time_embedder.timestep_embedder.linear_2.weight	BF16	[4096,4096]	identity_bytes	component.vae.decoder.up_blocks.0.time_embedder.timestep_embedder.linear_2.weight	BF16	[4096,4096]	vae.decoder	weight
vae.decoder.up_blocks.1.conv.conv.bias	BF16	[4096]	identity_bytes	component.vae.decoder.up_blocks.1.conv.conv.bias	BF16	[4096]	vae.decoder	weight
vae.decoder.up_blocks.1.conv.conv.weight	BF16	[4096,1024,3,3,3]	identity_bytes	component.vae.decoder.up_blocks.1.conv.conv.weight	BF16	[4096,1024,3,3,3]	vae.decoder	weight
vae.decoder.up_blocks.2.res_blocks.0.conv1.conv.bias	BF16	[512]	identity_bytes	component.vae.decoder.up_blocks.2.res_blocks.0.conv1.conv.bias	BF16	[512]	vae.decoder	weight
vae.decoder.up_blocks.2.res_blocks.0.conv1.conv.weight	BF16	[512,512,3,3,3]	identity_bytes	component.vae.decoder.up_blocks.2.res_blocks.0.conv1.conv.weight	BF16	[512,512,3,3,3]	vae.decoder	weight
vae.decoder.up_blocks.2.res_blocks.0.conv2.conv.bias	BF16	[512]	identity_bytes	component.vae.decoder.up_blocks.2.res_blocks.0.conv2.conv.bias	BF16	[512]	vae.decoder	weight
vae.decoder.up_blocks.2.res_blocks.0.conv2.conv.weight	BF16	[512,512,3,3,3]	identity_bytes	component.vae.decoder.up_blocks.2.res_blocks.0.conv2.conv.weight	BF16	[512,512,3,3,3]	vae.decoder	weight
vae.decoder.up_blocks.2.res_blocks.0.per_channel_scale1	BF16	[512,1,1]	identity_bytes	component.vae.decoder.up_blocks.2.res_blocks.0.per_channel_scale1	BF16	[512,1,1]	vae.decoder	weight
vae.decoder.up_blocks.2.res_blocks.0.per_channel_scale2	BF16	[512,1,1]	identity_bytes	component.vae.decoder.up_blocks.2.res_blocks.0.per_channel_scale2	BF16	[512,1,1]	vae.decoder	weight
vae.decoder.up_blocks.2.res_blocks.0.scale_shift_table	BF16	[4,512]	identity_bytes	component.vae.decoder.up_blocks.2.res_blocks.0.scale_shift_table	BF16	[4,512]	vae.decoder	weight
vae.decoder.up_blocks.2.res_blocks.1.conv1.conv.bias	BF16	[512]	identity_bytes	component.vae.decoder.up_blocks.2.res_blocks.1.conv1.conv.bias	BF16	[512]	vae.decoder	weight
vae.decoder.up_blocks.2.res_blocks.1.conv1.conv.weight	BF16	[512,512,3,3,3]	identity_bytes	component.vae.decoder.up_blocks.2.res_blocks.1.conv1.conv.weight	BF16	[512,512,3,3,3]	vae.decoder	weight
vae.decoder.up_blocks.2.res_blocks.1.conv2.conv.bias	BF16	[512]	identity_bytes	component.vae.decoder.up_blocks.2.res_blocks.1.conv2.conv.bias	BF16	[512]	vae.decoder	weight
vae.decoder.up_blocks.2.res_blocks.1.conv2.conv.weight	BF16	[512,512,3,3,3]	identity_bytes	component.vae.decoder.up_blocks.2.res_blocks.1.conv2.conv.weight	BF16	[512,512,3,3,3]	vae.decoder	weight
vae.decoder.up_blocks.2.res_blocks.1.per_channel_scale1	BF16	[512,1,1]	identity_bytes	component.vae.decoder.up_blocks.2.res_blocks.1.per_channel_scale1	BF16	[512,1,1]	vae.decoder	weight
vae.decoder.up_blocks.2.res_blocks.1.per_channel_scale2	BF16	[512,1,1]	identity_bytes	component.vae.decoder.up_blocks.2.res_blocks.1.per_channel_scale2	BF16	[512,1,1]	vae.decoder	weight
vae.decoder.up_blocks.2.res_blocks.1.scale_shift_table	BF16	[4,512]	identity_bytes	component.vae.decoder.up_blocks.2.res_blocks.1.scale_shift_table	BF16	[4,512]	vae.decoder	weight
vae.decoder.up_blocks.2.res_blocks.2.conv1.conv.bias	BF16	[512]	identity_bytes	component.vae.decoder.up_blocks.2.res_blocks.2.conv1.conv.bias	BF16	[512]	vae.decoder	weight
vae.decoder.up_blocks.2.res_blocks.2.conv1.conv.weight	BF16	[512,512,3,3,3]	identity_bytes	component.vae.decoder.up_blocks.2.res_blocks.2.conv1.conv.weight	BF16	[512,512,3,3,3]	vae.decoder	weight
vae.decoder.up_blocks.2.res_blocks.2.conv2.conv.bias	BF16	[512]	identity_bytes	component.vae.decoder.up_blocks.2.res_blocks.2.conv2.conv.bias	BF16	[512]	vae.decoder	weight
vae.decoder.up_blocks.2.res_blocks.2.conv2.conv.weight	BF16	[512,512,3,3,3]	identity_bytes	component.vae.decoder.up_blocks.2.res_blocks.2.conv2.conv.weight	BF16	[512,512,3,3,3]	vae.decoder	weight
vae.decoder.up_blocks.2.res_blocks.2.per_channel_scale1	BF16	[512,1,1]	identity_bytes	component.vae.decoder.up_blocks.2.res_blocks.2.per_channel_scale1	BF16	[512,1,1]	vae.decoder	weight
vae.decoder.up_blocks.2.res_blocks.2.per_channel_scale2	BF16	[512,1,1]	identity_bytes	component.vae.decoder.up_blocks.2.res_blocks.2.per_channel_scale2	BF16	[512,1,1]	vae.decoder	weight
vae.decoder.up_blocks.2.res_blocks.2.scale_shift_table	BF16	[4,512]	identity_bytes	component.vae.decoder.up_blocks.2.res_blocks.2.scale_shift_table	BF16	[4,512]	vae.decoder	weight
vae.decoder.up_blocks.2.res_blocks.3.conv1.conv.bias	BF16	[512]	identity_bytes	component.vae.decoder.up_blocks.2.res_blocks.3.conv1.conv.bias	BF16	[512]	vae.decoder	weight
vae.decoder.up_blocks.2.res_blocks.3.conv1.conv.weight	BF16	[512,512,3,3,3]	identity_bytes	component.vae.decoder.up_blocks.2.res_blocks.3.conv1.conv.weight	BF16	[512,512,3,3,3]	vae.decoder	weight
vae.decoder.up_blocks.2.res_blocks.3.conv2.conv.bias	BF16	[512]	identity_bytes	component.vae.decoder.up_blocks.2.res_blocks.3.conv2.conv.bias	BF16	[512]	vae.decoder	weight
vae.decoder.up_blocks.2.res_blocks.3.conv2.conv.weight	BF16	[512,512,3,3,3]	identity_bytes	component.vae.decoder.up_blocks.2.res_blocks.3.conv2.conv.weight	BF16	[512,512,3,3,3]	vae.decoder	weight
vae.decoder.up_blocks.2.res_blocks.3.per_channel_scale1	BF16	[512,1,1]	identity_bytes	component.vae.decoder.up_blocks.2.res_blocks.3.per_channel_scale1	BF16	[512,1,1]	vae.decoder	weight
vae.decoder.up_blocks.2.res_blocks.3.per_channel_scale2	BF16	[512,1,1]	identity_bytes	component.vae.decoder.up_blocks.2.res_blocks.3.per_channel_scale2	BF16	[512,1,1]	vae.decoder	weight
vae.decoder.up_blocks.2.res_blocks.3.scale_shift_table	BF16	[4,512]	identity_bytes	component.vae.decoder.up_blocks.2.res_blocks.3.scale_shift_table	BF16	[4,512]	vae.decoder	weight
vae.decoder.up_blocks.2.res_blocks.4.conv1.conv.bias	BF16	[512]	identity_bytes	component.vae.decoder.up_blocks.2.res_blocks.4.conv1.conv.bias	BF16	[512]	vae.decoder	weight
vae.decoder.up_blocks.2.res_blocks.4.conv1.conv.weight	BF16	[512,512,3,3,3]	identity_bytes	component.vae.decoder.up_blocks.2.res_blocks.4.conv1.conv.weight	BF16	[512,512,3,3,3]	vae.decoder	weight
vae.decoder.up_blocks.2.res_blocks.4.conv2.conv.bias	BF16	[512]	identity_bytes	component.vae.decoder.up_blocks.2.res_blocks.4.conv2.conv.bias	BF16	[512]	vae.decoder	weight
vae.decoder.up_blocks.2.res_blocks.4.conv2.conv.weight	BF16	[512,512,3,3,3]	identity_bytes	component.vae.decoder.up_blocks.2.res_blocks.4.conv2.conv.weight	BF16	[512,512,3,3,3]	vae.decoder	weight
vae.decoder.up_blocks.2.res_blocks.4.per_channel_scale1	BF16	[512,1,1]	identity_bytes	component.vae.decoder.up_blocks.2.res_blocks.4.per_channel_scale1	BF16	[512,1,1]	vae.decoder	weight
vae.decoder.up_blocks.2.res_blocks.4.per_channel_scale2	BF16	[512,1,1]	identity_bytes	component.vae.decoder.up_blocks.2.res_blocks.4.per_channel_scale2	BF16	[512,1,1]	vae.decoder	weight
vae.decoder.up_blocks.2.res_blocks.4.scale_shift_table	BF16	[4,512]	identity_bytes	component.vae.decoder.up_blocks.2.res_blocks.4.scale_shift_table	BF16	[4,512]	vae.decoder	weight
vae.decoder.up_blocks.2.res_blocks.5.conv1.conv.bias	BF16	[512]	identity_bytes	component.vae.decoder.up_blocks.2.res_blocks.5.conv1.conv.bias	BF16	[512]	vae.decoder	weight
vae.decoder.up_blocks.2.res_blocks.5.conv1.conv.weight	BF16	[512,512,3,3,3]	identity_bytes	component.vae.decoder.up_blocks.2.res_blocks.5.conv1.conv.weight	BF16	[512,512,3,3,3]	vae.decoder	weight
vae.decoder.up_blocks.2.res_blocks.5.conv2.conv.bias	BF16	[512]	identity_bytes	component.vae.decoder.up_blocks.2.res_blocks.5.conv2.conv.bias	BF16	[512]	vae.decoder	weight
vae.decoder.up_blocks.2.res_blocks.5.conv2.conv.weight	BF16	[512,512,3,3,3]	identity_bytes	component.vae.decoder.up_blocks.2.res_blocks.5.conv2.conv.weight	BF16	[512,512,3,3,3]	vae.decoder	weight
vae.decoder.up_blocks.2.res_blocks.5.per_channel_scale1	BF16	[512,1,1]	identity_bytes	component.vae.decoder.up_blocks.2.res_blocks.5.per_channel_scale1	BF16	[512,1,1]	vae.decoder	weight
vae.decoder.up_blocks.2.res_blocks.5.per_channel_scale2	BF16	[512,1,1]	identity_bytes	component.vae.decoder.up_blocks.2.res_blocks.5.per_channel_scale2	BF16	[512,1,1]	vae.decoder	weight
vae.decoder.up_blocks.2.res_blocks.5.scale_shift_table	BF16	[4,512]	identity_bytes	component.vae.decoder.up_blocks.2.res_blocks.5.scale_shift_table	BF16	[4,512]	vae.decoder	weight
vae.decoder.up_blocks.2.res_blocks.6.conv1.conv.bias	BF16	[512]	identity_bytes	component.vae.decoder.up_blocks.2.res_blocks.6.conv1.conv.bias	BF16	[512]	vae.decoder	weight
vae.decoder.up_blocks.2.res_blocks.6.conv1.conv.weight	BF16	[512,512,3,3,3]	identity_bytes	component.vae.decoder.up_blocks.2.res_blocks.6.conv1.conv.weight	BF16	[512,512,3,3,3]	vae.decoder	weight
vae.decoder.up_blocks.2.res_blocks.6.conv2.conv.bias	BF16	[512]	identity_bytes	component.vae.decoder.up_blocks.2.res_blocks.6.conv2.conv.bias	BF16	[512]	vae.decoder	weight
vae.decoder.up_blocks.2.res_blocks.6.conv2.conv.weight	BF16	[512,512,3,3,3]	identity_bytes	component.vae.decoder.up_blocks.2.res_blocks.6.conv2.conv.weight	BF16	[512,512,3,3,3]	vae.decoder	weight
vae.decoder.up_blocks.2.res_blocks.6.per_channel_scale1	BF16	[512,1,1]	identity_bytes	component.vae.decoder.up_blocks.2.res_blocks.6.per_channel_scale1	BF16	[512,1,1]	vae.decoder	weight
vae.decoder.up_blocks.2.res_blocks.6.per_channel_scale2	BF16	[512,1,1]	identity_bytes	component.vae.decoder.up_blocks.2.res_blocks.6.per_channel_scale2	BF16	[512,1,1]	vae.decoder	weight
vae.decoder.up_blocks.2.res_blocks.6.scale_shift_table	BF16	[4,512]	identity_bytes	component.vae.decoder.up_blocks.2.res_blocks.6.scale_shift_table	BF16	[4,512]	vae.decoder	weight
vae.decoder.up_blocks.2.time_embedder.timestep_embedder.linear_1.bias	BF16	[2048]	identity_bytes	component.vae.decoder.up_blocks.2.time_embedder.timestep_embedder.linear_1.bias	BF16	[2048]	vae.decoder	weight
vae.decoder.up_blocks.2.time_embedder.timestep_embedder.linear_1.weight	BF16	[2048,256]	identity_bytes	component.vae.decoder.up_blocks.2.time_embedder.timestep_embedder.linear_1.weight	BF16	[2048,256]	vae.decoder	weight
vae.decoder.up_blocks.2.time_embedder.timestep_embedder.linear_2.bias	BF16	[2048]	identity_bytes	component.vae.decoder.up_blocks.2.time_embedder.timestep_embedder.linear_2.bias	BF16	[2048]	vae.decoder	weight
vae.decoder.up_blocks.2.time_embedder.timestep_embedder.linear_2.weight	BF16	[2048,2048]	identity_bytes	component.vae.decoder.up_blocks.2.time_embedder.timestep_embedder.linear_2.weight	BF16	[2048,2048]	vae.decoder	weight
vae.decoder.up_blocks.3.conv.conv.bias	BF16	[2048]	identity_bytes	component.vae.decoder.up_blocks.3.conv.conv.bias	BF16	[2048]	vae.decoder	weight
vae.decoder.up_blocks.3.conv.conv.weight	BF16	[2048,512,3,3,3]	identity_bytes	component.vae.decoder.up_blocks.3.conv.conv.weight	BF16	[2048,512,3,3,3]	vae.decoder	weight
vae.decoder.up_blocks.4.res_blocks.0.conv1.conv.bias	BF16	[256]	identity_bytes	component.vae.decoder.up_blocks.4.res_blocks.0.conv1.conv.bias	BF16	[256]	vae.decoder	weight
vae.decoder.up_blocks.4.res_blocks.0.conv1.conv.weight	BF16	[256,256,3,3,3]	identity_bytes	component.vae.decoder.up_blocks.4.res_blocks.0.conv1.conv.weight	BF16	[256,256,3,3,3]	vae.decoder	weight
vae.decoder.up_blocks.4.res_blocks.0.conv2.conv.bias	BF16	[256]	identity_bytes	component.vae.decoder.up_blocks.4.res_blocks.0.conv2.conv.bias	BF16	[256]	vae.decoder	weight
vae.decoder.up_blocks.4.res_blocks.0.conv2.conv.weight	BF16	[256,256,3,3,3]	identity_bytes	component.vae.decoder.up_blocks.4.res_blocks.0.conv2.conv.weight	BF16	[256,256,3,3,3]	vae.decoder	weight
vae.decoder.up_blocks.4.res_blocks.0.per_channel_scale1	BF16	[256,1,1]	identity_bytes	component.vae.decoder.up_blocks.4.res_blocks.0.per_channel_scale1	BF16	[256,1,1]	vae.decoder	weight
vae.decoder.up_blocks.4.res_blocks.0.per_channel_scale2	BF16	[256,1,1]	identity_bytes	component.vae.decoder.up_blocks.4.res_blocks.0.per_channel_scale2	BF16	[256,1,1]	vae.decoder	weight
vae.decoder.up_blocks.4.res_blocks.0.scale_shift_table	BF16	[4,256]	identity_bytes	component.vae.decoder.up_blocks.4.res_blocks.0.scale_shift_table	BF16	[4,256]	vae.decoder	weight
vae.decoder.up_blocks.4.res_blocks.1.conv1.conv.bias	BF16	[256]	identity_bytes	component.vae.decoder.up_blocks.4.res_blocks.1.conv1.conv.bias	BF16	[256]	vae.decoder	weight
vae.decoder.up_blocks.4.res_blocks.1.conv1.conv.weight	BF16	[256,256,3,3,3]	identity_bytes	component.vae.decoder.up_blocks.4.res_blocks.1.conv1.conv.weight	BF16	[256,256,3,3,3]	vae.decoder	weight
vae.decoder.up_blocks.4.res_blocks.1.conv2.conv.bias	BF16	[256]	identity_bytes	component.vae.decoder.up_blocks.4.res_blocks.1.conv2.conv.bias	BF16	[256]	vae.decoder	weight
vae.decoder.up_blocks.4.res_blocks.1.conv2.conv.weight	BF16	[256,256,3,3,3]	identity_bytes	component.vae.decoder.up_blocks.4.res_blocks.1.conv2.conv.weight	BF16	[256,256,3,3,3]	vae.decoder	weight
vae.decoder.up_blocks.4.res_blocks.1.per_channel_scale1	BF16	[256,1,1]	identity_bytes	component.vae.decoder.up_blocks.4.res_blocks.1.per_channel_scale1	BF16	[256,1,1]	vae.decoder	weight
vae.decoder.up_blocks.4.res_blocks.1.per_channel_scale2	BF16	[256,1,1]	identity_bytes	component.vae.decoder.up_blocks.4.res_blocks.1.per_channel_scale2	BF16	[256,1,1]	vae.decoder	weight
vae.decoder.up_blocks.4.res_blocks.1.scale_shift_table	BF16	[4,256]	identity_bytes	component.vae.decoder.up_blocks.4.res_blocks.1.scale_shift_table	BF16	[4,256]	vae.decoder	weight
vae.decoder.up_blocks.4.res_blocks.2.conv1.conv.bias	BF16	[256]	identity_bytes	component.vae.decoder.up_blocks.4.res_blocks.2.conv1.conv.bias	BF16	[256]	vae.decoder	weight
vae.decoder.up_blocks.4.res_blocks.2.conv1.conv.weight	BF16	[256,256,3,3,3]	identity_bytes	component.vae.decoder.up_blocks.4.res_blocks.2.conv1.conv.weight	BF16	[256,256,3,3,3]	vae.decoder	weight
vae.decoder.up_blocks.4.res_blocks.2.conv2.conv.bias	BF16	[256]	identity_bytes	component.vae.decoder.up_blocks.4.res_blocks.2.conv2.conv.bias	BF16	[256]	vae.decoder	weight
vae.decoder.up_blocks.4.res_blocks.2.conv2.conv.weight	BF16	[256,256,3,3,3]	identity_bytes	component.vae.decoder.up_blocks.4.res_blocks.2.conv2.conv.weight	BF16	[256,256,3,3,3]	vae.decoder	weight
vae.decoder.up_blocks.4.res_blocks.2.per_channel_scale1	BF16	[256,1,1]	identity_bytes	component.vae.decoder.up_blocks.4.res_blocks.2.per_channel_scale1	BF16	[256,1,1]	vae.decoder	weight
vae.decoder.up_blocks.4.res_blocks.2.per_channel_scale2	BF16	[256,1,1]	identity_bytes	component.vae.decoder.up_blocks.4.res_blocks.2.per_channel_scale2	BF16	[256,1,1]	vae.decoder	weight
vae.decoder.up_blocks.4.res_blocks.2.scale_shift_table	BF16	[4,256]	identity_bytes	component.vae.decoder.up_blocks.4.res_blocks.2.scale_shift_table	BF16	[4,256]	vae.decoder	weight
vae.decoder.up_blocks.4.res_blocks.3.conv1.conv.bias	BF16	[256]	identity_bytes	component.vae.decoder.up_blocks.4.res_blocks.3.conv1.conv.bias	BF16	[256]	vae.decoder	weight
vae.decoder.up_blocks.4.res_blocks.3.conv1.conv.weight	BF16	[256,256,3,3,3]	identity_bytes	component.vae.decoder.up_blocks.4.res_blocks.3.conv1.conv.weight	BF16	[256,256,3,3,3]	vae.decoder	weight
vae.decoder.up_blocks.4.res_blocks.3.conv2.conv.bias	BF16	[256]	identity_bytes	component.vae.decoder.up_blocks.4.res_blocks.3.conv2.conv.bias	BF16	[256]	vae.decoder	weight
vae.decoder.up_blocks.4.res_blocks.3.conv2.conv.weight	BF16	[256,256,3,3,3]	identity_bytes	component.vae.decoder.up_blocks.4.res_blocks.3.conv2.conv.weight	BF16	[256,256,3,3,3]	vae.decoder	weight
vae.decoder.up_blocks.4.res_blocks.3.per_channel_scale1	BF16	[256,1,1]	identity_bytes	component.vae.decoder.up_blocks.4.res_blocks.3.per_channel_scale1	BF16	[256,1,1]	vae.decoder	weight
vae.decoder.up_blocks.4.res_blocks.3.per_channel_scale2	BF16	[256,1,1]	identity_bytes	component.vae.decoder.up_blocks.4.res_blocks.3.per_channel_scale2	BF16	[256,1,1]	vae.decoder	weight
vae.decoder.up_blocks.4.res_blocks.3.scale_shift_table	BF16	[4,256]	identity_bytes	component.vae.decoder.up_blocks.4.res_blocks.3.scale_shift_table	BF16	[4,256]	vae.decoder	weight
vae.decoder.up_blocks.4.res_blocks.4.conv1.conv.bias	BF16	[256]	identity_bytes	component.vae.decoder.up_blocks.4.res_blocks.4.conv1.conv.bias	BF16	[256]	vae.decoder	weight
vae.decoder.up_blocks.4.res_blocks.4.conv1.conv.weight	BF16	[256,256,3,3,3]	identity_bytes	component.vae.decoder.up_blocks.4.res_blocks.4.conv1.conv.weight	BF16	[256,256,3,3,3]	vae.decoder	weight
vae.decoder.up_blocks.4.res_blocks.4.conv2.conv.bias	BF16	[256]	identity_bytes	component.vae.decoder.up_blocks.4.res_blocks.4.conv2.conv.bias	BF16	[256]	vae.decoder	weight
vae.decoder.up_blocks.4.res_blocks.4.conv2.conv.weight	BF16	[256,256,3,3,3]	identity_bytes	component.vae.decoder.up_blocks.4.res_blocks.4.conv2.conv.weight	BF16	[256,256,3,3,3]	vae.decoder	weight
vae.decoder.up_blocks.4.res_blocks.4.per_channel_scale1	BF16	[256,1,1]	identity_bytes	component.vae.decoder.up_blocks.4.res_blocks.4.per_channel_scale1	BF16	[256,1,1]	vae.decoder	weight
vae.decoder.up_blocks.4.res_blocks.4.per_channel_scale2	BF16	[256,1,1]	identity_bytes	component.vae.decoder.up_blocks.4.res_blocks.4.per_channel_scale2	BF16	[256,1,1]	vae.decoder	weight
vae.decoder.up_blocks.4.res_blocks.4.scale_shift_table	BF16	[4,256]	identity_bytes	component.vae.decoder.up_blocks.4.res_blocks.4.scale_shift_table	BF16	[4,256]	vae.decoder	weight
vae.decoder.up_blocks.4.res_blocks.5.conv1.conv.bias	BF16	[256]	identity_bytes	component.vae.decoder.up_blocks.4.res_blocks.5.conv1.conv.bias	BF16	[256]	vae.decoder	weight
vae.decoder.up_blocks.4.res_blocks.5.conv1.conv.weight	BF16	[256,256,3,3,3]	identity_bytes	component.vae.decoder.up_blocks.4.res_blocks.5.conv1.conv.weight	BF16	[256,256,3,3,3]	vae.decoder	weight
vae.decoder.up_blocks.4.res_blocks.5.conv2.conv.bias	BF16	[256]	identity_bytes	component.vae.decoder.up_blocks.4.res_blocks.5.conv2.conv.bias	BF16	[256]	vae.decoder	weight
vae.decoder.up_blocks.4.res_blocks.5.conv2.conv.weight	BF16	[256,256,3,3,3]	identity_bytes	component.vae.decoder.up_blocks.4.res_blocks.5.conv2.conv.weight	BF16	[256,256,3,3,3]	vae.decoder	weight
vae.decoder.up_blocks.4.res_blocks.5.per_channel_scale1	BF16	[256,1,1]	identity_bytes	component.vae.decoder.up_blocks.4.res_blocks.5.per_channel_scale1	BF16	[256,1,1]	vae.decoder	weight
vae.decoder.up_blocks.4.res_blocks.5.per_channel_scale2	BF16	[256,1,1]	identity_bytes	component.vae.decoder.up_blocks.4.res_blocks.5.per_channel_scale2	BF16	[256,1,1]	vae.decoder	weight
vae.decoder.up_blocks.4.res_blocks.5.scale_shift_table	BF16	[4,256]	identity_bytes	component.vae.decoder.up_blocks.4.res_blocks.5.scale_shift_table	BF16	[4,256]	vae.decoder	weight
vae.decoder.up_blocks.4.time_embedder.timestep_embedder.linear_1.bias	BF16	[1024]	identity_bytes	component.vae.decoder.up_blocks.4.time_embedder.timestep_embedder.linear_1.bias	BF16	[1024]	vae.decoder	weight
vae.decoder.up_blocks.4.time_embedder.timestep_embedder.linear_1.weight	BF16	[1024,256]	identity_bytes	component.vae.decoder.up_blocks.4.time_embedder.timestep_embedder.linear_1.weight	BF16	[1024,256]	vae.decoder	weight
vae.decoder.up_blocks.4.time_embedder.timestep_embedder.linear_2.bias	BF16	[1024]	identity_bytes	component.vae.decoder.up_blocks.4.time_embedder.timestep_embedder.linear_2.bias	BF16	[1024]	vae.decoder	weight
vae.decoder.up_blocks.4.time_embedder.timestep_embedder.linear_2.weight	BF16	[1024,1024]	identity_bytes	component.vae.decoder.up_blocks.4.time_embedder.timestep_embedder.linear_2.weight	BF16	[1024,1024]	vae.decoder	weight
vae.decoder.up_blocks.5.conv.conv.bias	BF16	[1024]	identity_bytes	component.vae.decoder.up_blocks.5.conv.conv.bias	BF16	[1024]	vae.decoder	weight
vae.decoder.up_blocks.5.conv.conv.weight	BF16	[1024,256,3,3,3]	identity_bytes	component.vae.decoder.up_blocks.5.conv.conv.weight	BF16	[1024,256,3,3,3]	vae.decoder	weight
vae.decoder.up_blocks.6.res_blocks.0.conv1.conv.bias	BF16	[128]	identity_bytes	component.vae.decoder.up_blocks.6.res_blocks.0.conv1.conv.bias	BF16	[128]	vae.decoder	weight
vae.decoder.up_blocks.6.res_blocks.0.conv1.conv.weight	BF16	[128,128,3,3,3]	identity_bytes	component.vae.decoder.up_blocks.6.res_blocks.0.conv1.conv.weight	BF16	[128,128,3,3,3]	vae.decoder	weight
vae.decoder.up_blocks.6.res_blocks.0.conv2.conv.bias	BF16	[128]	identity_bytes	component.vae.decoder.up_blocks.6.res_blocks.0.conv2.conv.bias	BF16	[128]	vae.decoder	weight
vae.decoder.up_blocks.6.res_blocks.0.conv2.conv.weight	BF16	[128,128,3,3,3]	identity_bytes	component.vae.decoder.up_blocks.6.res_blocks.0.conv2.conv.weight	BF16	[128,128,3,3,3]	vae.decoder	weight
vae.decoder.up_blocks.6.res_blocks.0.per_channel_scale1	BF16	[128,1,1]	identity_bytes	component.vae.decoder.up_blocks.6.res_blocks.0.per_channel_scale1	BF16	[128,1,1]	vae.decoder	weight
vae.decoder.up_blocks.6.res_blocks.0.per_channel_scale2	BF16	[128,1,1]	identity_bytes	component.vae.decoder.up_blocks.6.res_blocks.0.per_channel_scale2	BF16	[128,1,1]	vae.decoder	weight
vae.decoder.up_blocks.6.res_blocks.0.scale_shift_table	BF16	[4,128]	identity_bytes	component.vae.decoder.up_blocks.6.res_blocks.0.scale_shift_table	BF16	[4,128]	vae.decoder	weight
vae.decoder.up_blocks.6.res_blocks.1.conv1.conv.bias	BF16	[128]	identity_bytes	component.vae.decoder.up_blocks.6.res_blocks.1.conv1.conv.bias	BF16	[128]	vae.decoder	weight
vae.decoder.up_blocks.6.res_blocks.1.conv1.conv.weight	BF16	[128,128,3,3,3]	identity_bytes	component.vae.decoder.up_blocks.6.res_blocks.1.conv1.conv.weight	BF16	[128,128,3,3,3]	vae.decoder	weight
vae.decoder.up_blocks.6.res_blocks.1.conv2.conv.bias	BF16	[128]	identity_bytes	component.vae.decoder.up_blocks.6.res_blocks.1.conv2.conv.bias	BF16	[128]	vae.decoder	weight
vae.decoder.up_blocks.6.res_blocks.1.conv2.conv.weight	BF16	[128,128,3,3,3]	identity_bytes	component.vae.decoder.up_blocks.6.res_blocks.1.conv2.conv.weight	BF16	[128,128,3,3,3]	vae.decoder	weight
vae.decoder.up_blocks.6.res_blocks.1.per_channel_scale1	BF16	[128,1,1]	identity_bytes	component.vae.decoder.up_blocks.6.res_blocks.1.per_channel_scale1	BF16	[128,1,1]	vae.decoder	weight
vae.decoder.up_blocks.6.res_blocks.1.per_channel_scale2	BF16	[128,1,1]	identity_bytes	component.vae.decoder.up_blocks.6.res_blocks.1.per_channel_scale2	BF16	[128,1,1]	vae.decoder	weight
vae.decoder.up_blocks.6.res_blocks.1.scale_shift_table	BF16	[4,128]	identity_bytes	component.vae.decoder.up_blocks.6.res_blocks.1.scale_shift_table	BF16	[4,128]	vae.decoder	weight
vae.decoder.up_blocks.6.res_blocks.2.conv1.conv.bias	BF16	[128]	identity_bytes	component.vae.decoder.up_blocks.6.res_blocks.2.conv1.conv.bias	BF16	[128]	vae.decoder	weight
vae.decoder.up_blocks.6.res_blocks.2.conv1.conv.weight	BF16	[128,128,3,3,3]	identity_bytes	component.vae.decoder.up_blocks.6.res_blocks.2.conv1.conv.weight	BF16	[128,128,3,3,3]	vae.decoder	weight
vae.decoder.up_blocks.6.res_blocks.2.conv2.conv.bias	BF16	[128]	identity_bytes	component.vae.decoder.up_blocks.6.res_blocks.2.conv2.conv.bias	BF16	[128]	vae.decoder	weight
vae.decoder.up_blocks.6.res_blocks.2.conv2.conv.weight	BF16	[128,128,3,3,3]	identity_bytes	component.vae.decoder.up_blocks.6.res_blocks.2.conv2.conv.weight	BF16	[128,128,3,3,3]	vae.decoder	weight
vae.decoder.up_blocks.6.res_blocks.2.per_channel_scale1	BF16	[128,1,1]	identity_bytes	component.vae.decoder.up_blocks.6.res_blocks.2.per_channel_scale1	BF16	[128,1,1]	vae.decoder	weight
vae.decoder.up_blocks.6.res_blocks.2.per_channel_scale2	BF16	[128,1,1]	identity_bytes	component.vae.decoder.up_blocks.6.res_blocks.2.per_channel_scale2	BF16	[128,1,1]	vae.decoder	weight
vae.decoder.up_blocks.6.res_blocks.2.scale_shift_table	BF16	[4,128]	identity_bytes	component.vae.decoder.up_blocks.6.res_blocks.2.scale_shift_table	BF16	[4,128]	vae.decoder	weight
vae.decoder.up_blocks.6.res_blocks.3.conv1.conv.bias	BF16	[128]	identity_bytes	component.vae.decoder.up_blocks.6.res_blocks.3.conv1.conv.bias	BF16	[128]	vae.decoder	weight
vae.decoder.up_blocks.6.res_blocks.3.conv1.conv.weight	BF16	[128,128,3,3,3]	identity_bytes	component.vae.decoder.up_blocks.6.res_blocks.3.conv1.conv.weight	BF16	[128,128,3,3,3]	vae.decoder	weight
vae.decoder.up_blocks.6.res_blocks.3.conv2.conv.bias	BF16	[128]	identity_bytes	component.vae.decoder.up_blocks.6.res_blocks.3.conv2.conv.bias	BF16	[128]	vae.decoder	weight
vae.decoder.up_blocks.6.res_blocks.3.conv2.conv.weight	BF16	[128,128,3,3,3]	identity_bytes	component.vae.decoder.up_blocks.6.res_blocks.3.conv2.conv.weight	BF16	[128,128,3,3,3]	vae.decoder	weight
vae.decoder.up_blocks.6.res_blocks.3.per_channel_scale1	BF16	[128,1,1]	identity_bytes	component.vae.decoder.up_blocks.6.res_blocks.3.per_channel_scale1	BF16	[128,1,1]	vae.decoder	weight
vae.decoder.up_blocks.6.res_blocks.3.per_channel_scale2	BF16	[128,1,1]	identity_bytes	component.vae.decoder.up_blocks.6.res_blocks.3.per_channel_scale2	BF16	[128,1,1]	vae.decoder	weight
vae.decoder.up_blocks.6.res_blocks.3.scale_shift_table	BF16	[4,128]	identity_bytes	component.vae.decoder.up_blocks.6.res_blocks.3.scale_shift_table	BF16	[4,128]	vae.decoder	weight
vae.decoder.up_blocks.6.res_blocks.4.conv1.conv.bias	BF16	[128]	identity_bytes	component.vae.decoder.up_blocks.6.res_blocks.4.conv1.conv.bias	BF16	[128]	vae.decoder	weight
vae.decoder.up_blocks.6.res_blocks.4.conv1.conv.weight	BF16	[128,128,3,3,3]	identity_bytes	component.vae.decoder.up_blocks.6.res_blocks.4.conv1.conv.weight	BF16	[128,128,3,3,3]	vae.decoder	weight
vae.decoder.up_blocks.6.res_blocks.4.conv2.conv.bias	BF16	[128]	identity_bytes	component.vae.decoder.up_blocks.6.res_blocks.4.conv2.conv.bias	BF16	[128]	vae.decoder	weight
vae.decoder.up_blocks.6.res_blocks.4.conv2.conv.weight	BF16	[128,128,3,3,3]	identity_bytes	component.vae.decoder.up_blocks.6.res_blocks.4.conv2.conv.weight	BF16	[128,128,3,3,3]	vae.decoder	weight
vae.decoder.up_blocks.6.res_blocks.4.per_channel_scale1	BF16	[128,1,1]	identity_bytes	component.vae.decoder.up_blocks.6.res_blocks.4.per_channel_scale1	BF16	[128,1,1]	vae.decoder	weight
vae.decoder.up_blocks.6.res_blocks.4.per_channel_scale2	BF16	[128,1,1]	identity_bytes	component.vae.decoder.up_blocks.6.res_blocks.4.per_channel_scale2	BF16	[128,1,1]	vae.decoder	weight
vae.decoder.up_blocks.6.res_blocks.4.scale_shift_table	BF16	[4,128]	identity_bytes	component.vae.decoder.up_blocks.6.res_blocks.4.scale_shift_table	BF16	[4,128]	vae.decoder	weight
vae.decoder.up_blocks.6.time_embedder.timestep_embedder.linear_1.bias	BF16	[512]	identity_bytes	component.vae.decoder.up_blocks.6.time_embedder.timestep_embedder.linear_1.bias	BF16	[512]	vae.decoder	weight
vae.decoder.up_blocks.6.time_embedder.timestep_embedder.linear_1.weight	BF16	[512,256]	identity_bytes	component.vae.decoder.up_blocks.6.time_embedder.timestep_embedder.linear_1.weight	BF16	[512,256]	vae.decoder	weight
vae.decoder.up_blocks.6.time_embedder.timestep_embedder.linear_2.bias	BF16	[512]	identity_bytes	component.vae.decoder.up_blocks.6.time_embedder.timestep_embedder.linear_2.bias	BF16	[512]	vae.decoder	weight
vae.decoder.up_blocks.6.time_embedder.timestep_embedder.linear_2.weight	BF16	[512,512]	identity_bytes	component.vae.decoder.up_blocks.6.time_embedder.timestep_embedder.linear_2.weight	BF16	[512,512]	vae.decoder	weight
vae.encoder.conv_in.conv.bias	BF16	[128]	identity_bytes	component.vae.encoder.conv_in.conv.bias	BF16	[128]	vae.decoder	weight
vae.encoder.conv_in.conv.weight	BF16	[128,48,3,3,3]	identity_bytes	component.vae.encoder.conv_in.conv.weight	BF16	[128,48,3,3,3]	vae.decoder	weight
vae.encoder.conv_out.conv.bias	BF16	[129]	identity_bytes	component.vae.encoder.conv_out.conv.bias	BF16	[129]	vae.decoder	weight
vae.encoder.conv_out.conv.weight	BF16	[129,512,3,3,3]	identity_bytes	component.vae.encoder.conv_out.conv.weight	BF16	[129,512,3,3,3]	vae.decoder	weight
vae.encoder.down_blocks.0.res_blocks.0.conv1.conv.bias	BF16	[128]	identity_bytes	component.vae.encoder.down_blocks.0.res_blocks.0.conv1.conv.bias	BF16	[128]	vae.decoder	weight
vae.encoder.down_blocks.0.res_blocks.0.conv1.conv.weight	BF16	[128,128,3,3,3]	identity_bytes	component.vae.encoder.down_blocks.0.res_blocks.0.conv1.conv.weight	BF16	[128,128,3,3,3]	vae.decoder	weight
vae.encoder.down_blocks.0.res_blocks.0.conv2.conv.bias	BF16	[128]	identity_bytes	component.vae.encoder.down_blocks.0.res_blocks.0.conv2.conv.bias	BF16	[128]	vae.decoder	weight
vae.encoder.down_blocks.0.res_blocks.0.conv2.conv.weight	BF16	[128,128,3,3,3]	identity_bytes	component.vae.encoder.down_blocks.0.res_blocks.0.conv2.conv.weight	BF16	[128,128,3,3,3]	vae.decoder	weight
vae.encoder.down_blocks.0.res_blocks.1.conv1.conv.bias	BF16	[128]	identity_bytes	component.vae.encoder.down_blocks.0.res_blocks.1.conv1.conv.bias	BF16	[128]	vae.decoder	weight
vae.encoder.down_blocks.0.res_blocks.1.conv1.conv.weight	BF16	[128,128,3,3,3]	identity_bytes	component.vae.encoder.down_blocks.0.res_blocks.1.conv1.conv.weight	BF16	[128,128,3,3,3]	vae.decoder	weight
vae.encoder.down_blocks.0.res_blocks.1.conv2.conv.bias	BF16	[128]	identity_bytes	component.vae.encoder.down_blocks.0.res_blocks.1.conv2.conv.bias	BF16	[128]	vae.decoder	weight
vae.encoder.down_blocks.0.res_blocks.1.conv2.conv.weight	BF16	[128,128,3,3,3]	identity_bytes	component.vae.encoder.down_blocks.0.res_blocks.1.conv2.conv.weight	BF16	[128,128,3,3,3]	vae.decoder	weight
vae.encoder.down_blocks.0.res_blocks.2.conv1.conv.bias	BF16	[128]	identity_bytes	component.vae.encoder.down_blocks.0.res_blocks.2.conv1.conv.bias	BF16	[128]	vae.decoder	weight
vae.encoder.down_blocks.0.res_blocks.2.conv1.conv.weight	BF16	[128,128,3,3,3]	identity_bytes	component.vae.encoder.down_blocks.0.res_blocks.2.conv1.conv.weight	BF16	[128,128,3,3,3]	vae.decoder	weight
vae.encoder.down_blocks.0.res_blocks.2.conv2.conv.bias	BF16	[128]	identity_bytes	component.vae.encoder.down_blocks.0.res_blocks.2.conv2.conv.bias	BF16	[128]	vae.decoder	weight
vae.encoder.down_blocks.0.res_blocks.2.conv2.conv.weight	BF16	[128,128,3,3,3]	identity_bytes	component.vae.encoder.down_blocks.0.res_blocks.2.conv2.conv.weight	BF16	[128,128,3,3,3]	vae.decoder	weight
vae.encoder.down_blocks.0.res_blocks.3.conv1.conv.bias	BF16	[128]	identity_bytes	component.vae.encoder.down_blocks.0.res_blocks.3.conv1.conv.bias	BF16	[128]	vae.decoder	weight
vae.encoder.down_blocks.0.res_blocks.3.conv1.conv.weight	BF16	[128,128,3,3,3]	identity_bytes	component.vae.encoder.down_blocks.0.res_blocks.3.conv1.conv.weight	BF16	[128,128,3,3,3]	vae.decoder	weight
vae.encoder.down_blocks.0.res_blocks.3.conv2.conv.bias	BF16	[128]	identity_bytes	component.vae.encoder.down_blocks.0.res_blocks.3.conv2.conv.bias	BF16	[128]	vae.decoder	weight
vae.encoder.down_blocks.0.res_blocks.3.conv2.conv.weight	BF16	[128,128,3,3,3]	identity_bytes	component.vae.encoder.down_blocks.0.res_blocks.3.conv2.conv.weight	BF16	[128,128,3,3,3]	vae.decoder	weight
vae.encoder.down_blocks.1.conv.bias	BF16	[128]	identity_bytes	component.vae.encoder.down_blocks.1.conv.bias	BF16	[128]	vae.decoder	weight
vae.encoder.down_blocks.1.conv.weight	BF16	[128,128,3,3,3]	identity_bytes	component.vae.encoder.down_blocks.1.conv.weight	BF16	[128,128,3,3,3]	vae.decoder	weight
vae.encoder.down_blocks.2.conv1.conv.bias	BF16	[256]	identity_bytes	component.vae.encoder.down_blocks.2.conv1.conv.bias	BF16	[256]	vae.decoder	weight
vae.encoder.down_blocks.2.conv1.conv.weight	BF16	[256,128,3,3,3]	identity_bytes	component.vae.encoder.down_blocks.2.conv1.conv.weight	BF16	[256,128,3,3,3]	vae.decoder	weight
vae.encoder.down_blocks.2.conv2.conv.bias	BF16	[256]	identity_bytes	component.vae.encoder.down_blocks.2.conv2.conv.bias	BF16	[256]	vae.decoder	weight
vae.encoder.down_blocks.2.conv2.conv.weight	BF16	[256,256,3,3,3]	identity_bytes	component.vae.encoder.down_blocks.2.conv2.conv.weight	BF16	[256,256,3,3,3]	vae.decoder	weight
vae.encoder.down_blocks.2.conv_shortcut.bias	BF16	[256]	identity_bytes	component.vae.encoder.down_blocks.2.conv_shortcut.bias	BF16	[256]	vae.decoder	weight
vae.encoder.down_blocks.2.conv_shortcut.weight	BF16	[256,128,1,1,1]	identity_bytes	component.vae.encoder.down_blocks.2.conv_shortcut.weight	BF16	[256,128,1,1,1]	vae.decoder	weight
vae.encoder.down_blocks.2.norm3.norm.bias	BF16	[128]	identity_bytes	component.vae.encoder.down_blocks.2.norm3.norm.bias	BF16	[128]	vae.decoder	weight
vae.encoder.down_blocks.2.norm3.norm.weight	BF16	[128]	identity_bytes	component.vae.encoder.down_blocks.2.norm3.norm.weight	BF16	[128]	vae.decoder	weight
vae.encoder.down_blocks.3.res_blocks.0.conv1.conv.bias	BF16	[256]	identity_bytes	component.vae.encoder.down_blocks.3.res_blocks.0.conv1.conv.bias	BF16	[256]	vae.decoder	weight
vae.encoder.down_blocks.3.res_blocks.0.conv1.conv.weight	BF16	[256,256,3,3,3]	identity_bytes	component.vae.encoder.down_blocks.3.res_blocks.0.conv1.conv.weight	BF16	[256,256,3,3,3]	vae.decoder	weight
vae.encoder.down_blocks.3.res_blocks.0.conv2.conv.bias	BF16	[256]	identity_bytes	component.vae.encoder.down_blocks.3.res_blocks.0.conv2.conv.bias	BF16	[256]	vae.decoder	weight
vae.encoder.down_blocks.3.res_blocks.0.conv2.conv.weight	BF16	[256,256,3,3,3]	identity_bytes	component.vae.encoder.down_blocks.3.res_blocks.0.conv2.conv.weight	BF16	[256,256,3,3,3]	vae.decoder	weight
vae.encoder.down_blocks.3.res_blocks.1.conv1.conv.bias	BF16	[256]	identity_bytes	component.vae.encoder.down_blocks.3.res_blocks.1.conv1.conv.bias	BF16	[256]	vae.decoder	weight
vae.encoder.down_blocks.3.res_blocks.1.conv1.conv.weight	BF16	[256,256,3,3,3]	identity_bytes	component.vae.encoder.down_blocks.3.res_blocks.1.conv1.conv.weight	BF16	[256,256,3,3,3]	vae.decoder	weight
vae.encoder.down_blocks.3.res_blocks.1.conv2.conv.bias	BF16	[256]	identity_bytes	component.vae.encoder.down_blocks.3.res_blocks.1.conv2.conv.bias	BF16	[256]	vae.decoder	weight
vae.encoder.down_blocks.3.res_blocks.1.conv2.conv.weight	BF16	[256,256,3,3,3]	identity_bytes	component.vae.encoder.down_blocks.3.res_blocks.1.conv2.conv.weight	BF16	[256,256,3,3,3]	vae.decoder	weight
vae.encoder.down_blocks.3.res_blocks.2.conv1.conv.bias	BF16	[256]	identity_bytes	component.vae.encoder.down_blocks.3.res_blocks.2.conv1.conv.bias	BF16	[256]	vae.decoder	weight
vae.encoder.down_blocks.3.res_blocks.2.conv1.conv.weight	BF16	[256,256,3,3,3]	identity_bytes	component.vae.encoder.down_blocks.3.res_blocks.2.conv1.conv.weight	BF16	[256,256,3,3,3]	vae.decoder	weight
vae.encoder.down_blocks.3.res_blocks.2.conv2.conv.bias	BF16	[256]	identity_bytes	component.vae.encoder.down_blocks.3.res_blocks.2.conv2.conv.bias	BF16	[256]	vae.decoder	weight
vae.encoder.down_blocks.3.res_blocks.2.conv2.conv.weight	BF16	[256,256,3,3,3]	identity_bytes	component.vae.encoder.down_blocks.3.res_blocks.2.conv2.conv.weight	BF16	[256,256,3,3,3]	vae.decoder	weight
vae.encoder.down_blocks.4.conv.bias	BF16	[256]	identity_bytes	component.vae.encoder.down_blocks.4.conv.bias	BF16	[256]	vae.decoder	weight
vae.encoder.down_blocks.4.conv.weight	BF16	[256,256,3,3,3]	identity_bytes	component.vae.encoder.down_blocks.4.conv.weight	BF16	[256,256,3,3,3]	vae.decoder	weight
vae.encoder.down_blocks.5.conv1.conv.bias	BF16	[512]	identity_bytes	component.vae.encoder.down_blocks.5.conv1.conv.bias	BF16	[512]	vae.decoder	weight
vae.encoder.down_blocks.5.conv1.conv.weight	BF16	[512,256,3,3,3]	identity_bytes	component.vae.encoder.down_blocks.5.conv1.conv.weight	BF16	[512,256,3,3,3]	vae.decoder	weight
vae.encoder.down_blocks.5.conv2.conv.bias	BF16	[512]	identity_bytes	component.vae.encoder.down_blocks.5.conv2.conv.bias	BF16	[512]	vae.decoder	weight
vae.encoder.down_blocks.5.conv2.conv.weight	BF16	[512,512,3,3,3]	identity_bytes	component.vae.encoder.down_blocks.5.conv2.conv.weight	BF16	[512,512,3,3,3]	vae.decoder	weight
vae.encoder.down_blocks.5.conv_shortcut.bias	BF16	[512]	identity_bytes	component.vae.encoder.down_blocks.5.conv_shortcut.bias	BF16	[512]	vae.decoder	weight
vae.encoder.down_blocks.5.conv_shortcut.weight	BF16	[512,256,1,1,1]	identity_bytes	component.vae.encoder.down_blocks.5.conv_shortcut.weight	BF16	[512,256,1,1,1]	vae.decoder	weight
vae.encoder.down_blocks.5.norm3.norm.bias	BF16	[256]	identity_bytes	component.vae.encoder.down_blocks.5.norm3.norm.bias	BF16	[256]	vae.decoder	weight
vae.encoder.down_blocks.5.norm3.norm.weight	BF16	[256]	identity_bytes	component.vae.encoder.down_blocks.5.norm3.norm.weight	BF16	[256]	vae.decoder	weight
vae.encoder.down_blocks.6.res_blocks.0.conv1.conv.bias	BF16	[512]	identity_bytes	component.vae.encoder.down_blocks.6.res_blocks.0.conv1.conv.bias	BF16	[512]	vae.decoder	weight
vae.encoder.down_blocks.6.res_blocks.0.conv1.conv.weight	BF16	[512,512,3,3,3]	identity_bytes	component.vae.encoder.down_blocks.6.res_blocks.0.conv1.conv.weight	BF16	[512,512,3,3,3]	vae.decoder	weight
vae.encoder.down_blocks.6.res_blocks.0.conv2.conv.bias	BF16	[512]	identity_bytes	component.vae.encoder.down_blocks.6.res_blocks.0.conv2.conv.bias	BF16	[512]	vae.decoder	weight
vae.encoder.down_blocks.6.res_blocks.0.conv2.conv.weight	BF16	[512,512,3,3,3]	identity_bytes	component.vae.encoder.down_blocks.6.res_blocks.0.conv2.conv.weight	BF16	[512,512,3,3,3]	vae.decoder	weight
vae.encoder.down_blocks.6.res_blocks.1.conv1.conv.bias	BF16	[512]	identity_bytes	component.vae.encoder.down_blocks.6.res_blocks.1.conv1.conv.bias	BF16	[512]	vae.decoder	weight
vae.encoder.down_blocks.6.res_blocks.1.conv1.conv.weight	BF16	[512,512,3,3,3]	identity_bytes	component.vae.encoder.down_blocks.6.res_blocks.1.conv1.conv.weight	BF16	[512,512,3,3,3]	vae.decoder	weight
vae.encoder.down_blocks.6.res_blocks.1.conv2.conv.bias	BF16	[512]	identity_bytes	component.vae.encoder.down_blocks.6.res_blocks.1.conv2.conv.bias	BF16	[512]	vae.decoder	weight
vae.encoder.down_blocks.6.res_blocks.1.conv2.conv.weight	BF16	[512,512,3,3,3]	identity_bytes	component.vae.encoder.down_blocks.6.res_blocks.1.conv2.conv.weight	BF16	[512,512,3,3,3]	vae.decoder	weight
vae.encoder.down_blocks.6.res_blocks.2.conv1.conv.bias	BF16	[512]	identity_bytes	component.vae.encoder.down_blocks.6.res_blocks.2.conv1.conv.bias	BF16	[512]	vae.decoder	weight
vae.encoder.down_blocks.6.res_blocks.2.conv1.conv.weight	BF16	[512,512,3,3,3]	identity_bytes	component.vae.encoder.down_blocks.6.res_blocks.2.conv1.conv.weight	BF16	[512,512,3,3,3]	vae.decoder	weight
vae.encoder.down_blocks.6.res_blocks.2.conv2.conv.bias	BF16	[512]	identity_bytes	component.vae.encoder.down_blocks.6.res_blocks.2.conv2.conv.bias	BF16	[512]	vae.decoder	weight
vae.encoder.down_blocks.6.res_blocks.2.conv2.conv.weight	BF16	[512,512,3,3,3]	identity_bytes	component.vae.encoder.down_blocks.6.res_blocks.2.conv2.conv.weight	BF16	[512,512,3,3,3]	vae.decoder	weight
vae.encoder.down_blocks.7.conv.bias	BF16	[512]	identity_bytes	component.vae.encoder.down_blocks.7.conv.bias	BF16	[512]	vae.decoder	weight
vae.encoder.down_blocks.7.conv.weight	BF16	[512,512,3,3,3]	identity_bytes	component.vae.encoder.down_blocks.7.conv.weight	BF16	[512,512,3,3,3]	vae.decoder	weight
vae.encoder.down_blocks.8.res_blocks.0.conv1.conv.bias	BF16	[512]	identity_bytes	component.vae.encoder.down_blocks.8.res_blocks.0.conv1.conv.bias	BF16	[512]	vae.decoder	weight
vae.encoder.down_blocks.8.res_blocks.0.conv1.conv.weight	BF16	[512,512,3,3,3]	identity_bytes	component.vae.encoder.down_blocks.8.res_blocks.0.conv1.conv.weight	BF16	[512,512,3,3,3]	vae.decoder	weight
vae.encoder.down_blocks.8.res_blocks.0.conv2.conv.bias	BF16	[512]	identity_bytes	component.vae.encoder.down_blocks.8.res_blocks.0.conv2.conv.bias	BF16	[512]	vae.decoder	weight
vae.encoder.down_blocks.8.res_blocks.0.conv2.conv.weight	BF16	[512,512,3,3,3]	identity_bytes	component.vae.encoder.down_blocks.8.res_blocks.0.conv2.conv.weight	BF16	[512,512,3,3,3]	vae.decoder	weight
vae.encoder.down_blocks.8.res_blocks.1.conv1.conv.bias	BF16	[512]	identity_bytes	component.vae.encoder.down_blocks.8.res_blocks.1.conv1.conv.bias	BF16	[512]	vae.decoder	weight
vae.encoder.down_blocks.8.res_blocks.1.conv1.conv.weight	BF16	[512,512,3,3,3]	identity_bytes	component.vae.encoder.down_blocks.8.res_blocks.1.conv1.conv.weight	BF16	[512,512,3,3,3]	vae.decoder	weight
vae.encoder.down_blocks.8.res_blocks.1.conv2.conv.bias	BF16	[512]	identity_bytes	component.vae.encoder.down_blocks.8.res_blocks.1.conv2.conv.bias	BF16	[512]	vae.decoder	weight
vae.encoder.down_blocks.8.res_blocks.1.conv2.conv.weight	BF16	[512,512,3,3,3]	identity_bytes	component.vae.encoder.down_blocks.8.res_blocks.1.conv2.conv.weight	BF16	[512,512,3,3,3]	vae.decoder	weight
vae.encoder.down_blocks.8.res_blocks.2.conv1.conv.bias	BF16	[512]	identity_bytes	component.vae.encoder.down_blocks.8.res_blocks.2.conv1.conv.bias	BF16	[512]	vae.decoder	weight
vae.encoder.down_blocks.8.res_blocks.2.conv1.conv.weight	BF16	[512,512,3,3,3]	identity_bytes	component.vae.encoder.down_blocks.8.res_blocks.2.conv1.conv.weight	BF16	[512,512,3,3,3]	vae.decoder	weight
vae.encoder.down_blocks.8.res_blocks.2.conv2.conv.bias	BF16	[512]	identity_bytes	component.vae.encoder.down_blocks.8.res_blocks.2.conv2.conv.bias	BF16	[512]	vae.decoder	weight
vae.encoder.down_blocks.8.res_blocks.2.conv2.conv.weight	BF16	[512,512,3,3,3]	identity_bytes	component.vae.encoder.down_blocks.8.res_blocks.2.conv2.conv.weight	BF16	[512,512,3,3,3]	vae.decoder	weight
vae.encoder.down_blocks.9.res_blocks.0.conv1.conv.bias	BF16	[512]	identity_bytes	component.vae.encoder.down_blocks.9.res_blocks.0.conv1.conv.bias	BF16	[512]	vae.decoder	weight
vae.encoder.down_blocks.9.res_blocks.0.conv1.conv.weight	BF16	[512,512,3,3,3]	identity_bytes	component.vae.encoder.down_blocks.9.res_blocks.0.conv1.conv.weight	BF16	[512,512,3,3,3]	vae.decoder	weight
vae.encoder.down_blocks.9.res_blocks.0.conv2.conv.bias	BF16	[512]	identity_bytes	component.vae.encoder.down_blocks.9.res_blocks.0.conv2.conv.bias	BF16	[512]	vae.decoder	weight
vae.encoder.down_blocks.9.res_blocks.0.conv2.conv.weight	BF16	[512,512,3,3,3]	identity_bytes	component.vae.encoder.down_blocks.9.res_blocks.0.conv2.conv.weight	BF16	[512,512,3,3,3]	vae.decoder	weight
vae.encoder.down_blocks.9.res_blocks.1.conv1.conv.bias	BF16	[512]	identity_bytes	component.vae.encoder.down_blocks.9.res_blocks.1.conv1.conv.bias	BF16	[512]	vae.decoder	weight
vae.encoder.down_blocks.9.res_blocks.1.conv1.conv.weight	BF16	[512,512,3,3,3]	identity_bytes	component.vae.encoder.down_blocks.9.res_blocks.1.conv1.conv.weight	BF16	[512,512,3,3,3]	vae.decoder	weight
vae.encoder.down_blocks.9.res_blocks.1.conv2.conv.bias	BF16	[512]	identity_bytes	component.vae.encoder.down_blocks.9.res_blocks.1.conv2.conv.bias	BF16	[512]	vae.decoder	weight
vae.encoder.down_blocks.9.res_blocks.1.conv2.conv.weight	BF16	[512,512,3,3,3]	identity_bytes	component.vae.encoder.down_blocks.9.res_blocks.1.conv2.conv.weight	BF16	[512,512,3,3,3]	vae.decoder	weight
vae.encoder.down_blocks.9.res_blocks.2.conv1.conv.bias	BF16	[512]	identity_bytes	component.vae.encoder.down_blocks.9.res_blocks.2.conv1.conv.bias	BF16	[512]	vae.decoder	weight
vae.encoder.down_blocks.9.res_blocks.2.conv1.conv.weight	BF16	[512,512,3,3,3]	identity_bytes	component.vae.encoder.down_blocks.9.res_blocks.2.conv1.conv.weight	BF16	[512,512,3,3,3]	vae.decoder	weight
vae.encoder.down_blocks.9.res_blocks.2.conv2.conv.bias	BF16	[512]	identity_bytes	component.vae.encoder.down_blocks.9.res_blocks.2.conv2.conv.bias	BF16	[512]	vae.decoder	weight
vae.encoder.down_blocks.9.res_blocks.2.conv2.conv.weight	BF16	[512,512,3,3,3]	identity_bytes	component.vae.encoder.down_blocks.9.res_blocks.2.conv2.conv.weight	BF16	[512,512,3,3,3]	vae.decoder	weight
vae.encoder.down_blocks.9.res_blocks.3.conv1.conv.bias	BF16	[512]	identity_bytes	component.vae.encoder.down_blocks.9.res_blocks.3.conv1.conv.bias	BF16	[512]	vae.decoder	weight
vae.encoder.down_blocks.9.res_blocks.3.conv1.conv.weight	BF16	[512,512,3,3,3]	identity_bytes	component.vae.encoder.down_blocks.9.res_blocks.3.conv1.conv.weight	BF16	[512,512,3,3,3]	vae.decoder	weight
vae.encoder.down_blocks.9.res_blocks.3.conv2.conv.bias	BF16	[512]	identity_bytes	component.vae.encoder.down_blocks.9.res_blocks.3.conv2.conv.bias	BF16	[512]	vae.decoder	weight
vae.encoder.down_blocks.9.res_blocks.3.conv2.conv.weight	BF16	[512,512,3,3,3]	identity_bytes	component.vae.encoder.down_blocks.9.res_blocks.3.conv2.conv.weight	BF16	[512,512,3,3,3]	vae.decoder	weight
vae.per_channel_statistics.channel	BF16	[128]	identity_bytes	statistics.vae.channel	BF16	[128]	vae.decoder	weight
vae.per_channel_statistics.mean-of-means	BF16	[128]	identity_bytes	statistics.vae.mean-of-means	BF16	[128]	vae.decoder	weight
vae.per_channel_statistics.mean-of-stds	BF16	[128]	identity_bytes	statistics.vae.mean-of-stds	BF16	[128]	vae.decoder	weight
vae.per_channel_statistics.mean-of-stds_over_std-of-means	BF16	[128]	identity_bytes	statistics.vae.mean-of-stds_over_std-of-means	BF16	[128]	vae.decoder	weight
vae.per_channel_statistics.std-of-means	BF16	[128]	identity_bytes	statistics.vae.std-of-means	BF16	[128]	vae.decoder	weight
