source_name	storage_name	source_dtype	source_shape	storage_offset	transformation	destination_name	destination_dtype	destination_shape	component	role
conv_in.bias	936	F32	320	0	identity_bytes	conv_in.bias	F32	320	temporal_conditional_unet_2d	weight
conv_in.weight	935	F32	320,13,3,3	0	identity_bytes	conv_in.weight	F32	320,13,3,3	temporal_conditional_unet_2d	weight
conv_norm_out.bias	932	F32	320	0	identity_bytes	conv_norm_out.bias	F32	320	temporal_conditional_unet_2d	weight
conv_norm_out.weight	931	F32	320	0	identity_bytes	conv_norm_out.weight	F32	320	temporal_conditional_unet_2d	weight
conv_out.bias	934	F32	4	0	identity_bytes	conv_out.bias	F32	4	temporal_conditional_unet_2d	weight
conv_out.weight	933	F32	4,320,3,3	0	identity_bytes	conv_out.weight	F32	4,320,3,3	temporal_conditional_unet_2d	weight
down_blocks.0.attentions.0.norm.bias	942	F32	320	0	identity_bytes	down_blocks.0.attentions.0.norm.bias	F32	320	temporal_conditional_unet_2d	weight
down_blocks.0.attentions.0.norm.weight	941	F32	320	0	identity_bytes	down_blocks.0.attentions.0.norm.weight	F32	320	temporal_conditional_unet_2d	weight
down_blocks.0.attentions.0.proj_in.bias	944	F32	320	0	identity_bytes	down_blocks.0.attentions.0.proj_in.bias	F32	320	temporal_conditional_unet_2d	weight
down_blocks.0.attentions.0.proj_in.weight	943	F32	320,320,1,1	0	identity_bytes	down_blocks.0.attentions.0.proj_in.weight	F32	320,320,1,1	temporal_conditional_unet_2d	weight
down_blocks.0.attentions.0.proj_out.bias	966	F32	320	0	identity_bytes	down_blocks.0.attentions.0.proj_out.bias	F32	320	temporal_conditional_unet_2d	weight
down_blocks.0.attentions.0.proj_out.weight	965	F32	320,320,1,1	0	identity_bytes	down_blocks.0.attentions.0.proj_out.weight	F32	320,320,1,1	temporal_conditional_unet_2d	weight
down_blocks.0.attentions.0.transformer_blocks.0.attn1.to_k.weight	948	F32	320,320	0	identity_bytes	down_blocks.0.attentions.0.transformer_blocks.0.attn1.to_k.weight	F32	320,320	temporal_conditional_unet_2d	weight
down_blocks.0.attentions.0.transformer_blocks.0.attn1.to_out.0.bias	951	F32	320	0	identity_bytes	down_blocks.0.attentions.0.transformer_blocks.0.attn1.to_out.0.bias	F32	320	temporal_conditional_unet_2d	weight
down_blocks.0.attentions.0.transformer_blocks.0.attn1.to_out.0.weight	950	F32	320,320	0	identity_bytes	down_blocks.0.attentions.0.transformer_blocks.0.attn1.to_out.0.weight	F32	320,320	temporal_conditional_unet_2d	weight
down_blocks.0.attentions.0.transformer_blocks.0.attn1.to_q.weight	947	F32	320,320	0	identity_bytes	down_blocks.0.attentions.0.transformer_blocks.0.attn1.to_q.weight	F32	320,320	temporal_conditional_unet_2d	weight
down_blocks.0.attentions.0.transformer_blocks.0.attn1.to_v.weight	949	F32	320,320	0	identity_bytes	down_blocks.0.attentions.0.transformer_blocks.0.attn1.to_v.weight	F32	320,320	temporal_conditional_unet_2d	weight
down_blocks.0.attentions.0.transformer_blocks.0.attn2.to_k.weight	955	F32	320,384	0	identity_bytes	down_blocks.0.attentions.0.transformer_blocks.0.attn2.to_k.weight	F32	320,384	temporal_conditional_unet_2d	weight
down_blocks.0.attentions.0.transformer_blocks.0.attn2.to_out.0.bias	958	F32	320	0	identity_bytes	down_blocks.0.attentions.0.transformer_blocks.0.attn2.to_out.0.bias	F32	320	temporal_conditional_unet_2d	weight
down_blocks.0.attentions.0.transformer_blocks.0.attn2.to_out.0.weight	957	F32	320,320	0	identity_bytes	down_blocks.0.attentions.0.transformer_blocks.0.attn2.to_out.0.weight	F32	320,320	temporal_conditional_unet_2d	weight
down_blocks.0.attentions.0.transformer_blocks.0.attn2.to_q.weight	954	F32	320,320	0	identity_bytes	down_blocks.0.attentions.0.transformer_blocks.0.attn2.to_q.weight	F32	320,320	temporal_conditional_unet_2d	weight
down_blocks.0.attentions.0.transformer_blocks.0.attn2.to_v.weight	956	F32	320,384	0	identity_bytes	down_blocks.0.attentions.0.transformer_blocks.0.attn2.to_v.weight	F32	320,384	temporal_conditional_unet_2d	weight
down_blocks.0.attentions.0.transformer_blocks.0.ff.net.0.proj.bias	960	F32	2560	0	identity_bytes	down_blocks.0.attentions.0.transformer_blocks.0.ff.net.0.proj.bias	F32	2560	temporal_conditional_unet_2d	weight
down_blocks.0.attentions.0.transformer_blocks.0.ff.net.0.proj.weight	959	F32	2560,320	0	identity_bytes	down_blocks.0.attentions.0.transformer_blocks.0.ff.net.0.proj.weight	F32	2560,320	temporal_conditional_unet_2d	weight
down_blocks.0.attentions.0.transformer_blocks.0.ff.net.2.bias	962	F32	320	0	identity_bytes	down_blocks.0.attentions.0.transformer_blocks.0.ff.net.2.bias	F32	320	temporal_conditional_unet_2d	weight
down_blocks.0.attentions.0.transformer_blocks.0.ff.net.2.weight	961	F32	320,1280	0	identity_bytes	down_blocks.0.attentions.0.transformer_blocks.0.ff.net.2.weight	F32	320,1280	temporal_conditional_unet_2d	weight
down_blocks.0.attentions.0.transformer_blocks.0.norm1.bias	946	F32	320	0	identity_bytes	down_blocks.0.attentions.0.transformer_blocks.0.norm1.bias	F32	320	temporal_conditional_unet_2d	weight
down_blocks.0.attentions.0.transformer_blocks.0.norm1.weight	945	F32	320	0	identity_bytes	down_blocks.0.attentions.0.transformer_blocks.0.norm1.weight	F32	320	temporal_conditional_unet_2d	weight
down_blocks.0.attentions.0.transformer_blocks.0.norm2.bias	953	F32	320	0	identity_bytes	down_blocks.0.attentions.0.transformer_blocks.0.norm2.bias	F32	320	temporal_conditional_unet_2d	weight
down_blocks.0.attentions.0.transformer_blocks.0.norm2.weight	952	F32	320	0	identity_bytes	down_blocks.0.attentions.0.transformer_blocks.0.norm2.weight	F32	320	temporal_conditional_unet_2d	weight
down_blocks.0.attentions.0.transformer_blocks.0.norm3.bias	964	F32	320	0	identity_bytes	down_blocks.0.attentions.0.transformer_blocks.0.norm3.bias	F32	320	temporal_conditional_unet_2d	weight
down_blocks.0.attentions.0.transformer_blocks.0.norm3.weight	963	F32	320	0	identity_bytes	down_blocks.0.attentions.0.transformer_blocks.0.norm3.weight	F32	320	temporal_conditional_unet_2d	weight
down_blocks.0.attentions.1.norm.bias	968	F32	320	0	identity_bytes	down_blocks.0.attentions.1.norm.bias	F32	320	temporal_conditional_unet_2d	weight
down_blocks.0.attentions.1.norm.weight	967	F32	320	0	identity_bytes	down_blocks.0.attentions.1.norm.weight	F32	320	temporal_conditional_unet_2d	weight
down_blocks.0.attentions.1.proj_in.bias	970	F32	320	0	identity_bytes	down_blocks.0.attentions.1.proj_in.bias	F32	320	temporal_conditional_unet_2d	weight
down_blocks.0.attentions.1.proj_in.weight	969	F32	320,320,1,1	0	identity_bytes	down_blocks.0.attentions.1.proj_in.weight	F32	320,320,1,1	temporal_conditional_unet_2d	weight
down_blocks.0.attentions.1.proj_out.bias	992	F32	320	0	identity_bytes	down_blocks.0.attentions.1.proj_out.bias	F32	320	temporal_conditional_unet_2d	weight
down_blocks.0.attentions.1.proj_out.weight	991	F32	320,320,1,1	0	identity_bytes	down_blocks.0.attentions.1.proj_out.weight	F32	320,320,1,1	temporal_conditional_unet_2d	weight
down_blocks.0.attentions.1.transformer_blocks.0.attn1.to_k.weight	974	F32	320,320	0	identity_bytes	down_blocks.0.attentions.1.transformer_blocks.0.attn1.to_k.weight	F32	320,320	temporal_conditional_unet_2d	weight
down_blocks.0.attentions.1.transformer_blocks.0.attn1.to_out.0.bias	977	F32	320	0	identity_bytes	down_blocks.0.attentions.1.transformer_blocks.0.attn1.to_out.0.bias	F32	320	temporal_conditional_unet_2d	weight
down_blocks.0.attentions.1.transformer_blocks.0.attn1.to_out.0.weight	976	F32	320,320	0	identity_bytes	down_blocks.0.attentions.1.transformer_blocks.0.attn1.to_out.0.weight	F32	320,320	temporal_conditional_unet_2d	weight
down_blocks.0.attentions.1.transformer_blocks.0.attn1.to_q.weight	973	F32	320,320	0	identity_bytes	down_blocks.0.attentions.1.transformer_blocks.0.attn1.to_q.weight	F32	320,320	temporal_conditional_unet_2d	weight
down_blocks.0.attentions.1.transformer_blocks.0.attn1.to_v.weight	975	F32	320,320	0	identity_bytes	down_blocks.0.attentions.1.transformer_blocks.0.attn1.to_v.weight	F32	320,320	temporal_conditional_unet_2d	weight
down_blocks.0.attentions.1.transformer_blocks.0.attn2.to_k.weight	981	F32	320,384	0	identity_bytes	down_blocks.0.attentions.1.transformer_blocks.0.attn2.to_k.weight	F32	320,384	temporal_conditional_unet_2d	weight
down_blocks.0.attentions.1.transformer_blocks.0.attn2.to_out.0.bias	984	F32	320	0	identity_bytes	down_blocks.0.attentions.1.transformer_blocks.0.attn2.to_out.0.bias	F32	320	temporal_conditional_unet_2d	weight
down_blocks.0.attentions.1.transformer_blocks.0.attn2.to_out.0.weight	983	F32	320,320	0	identity_bytes	down_blocks.0.attentions.1.transformer_blocks.0.attn2.to_out.0.weight	F32	320,320	temporal_conditional_unet_2d	weight
down_blocks.0.attentions.1.transformer_blocks.0.attn2.to_q.weight	980	F32	320,320	0	identity_bytes	down_blocks.0.attentions.1.transformer_blocks.0.attn2.to_q.weight	F32	320,320	temporal_conditional_unet_2d	weight
down_blocks.0.attentions.1.transformer_blocks.0.attn2.to_v.weight	982	F32	320,384	0	identity_bytes	down_blocks.0.attentions.1.transformer_blocks.0.attn2.to_v.weight	F32	320,384	temporal_conditional_unet_2d	weight
down_blocks.0.attentions.1.transformer_blocks.0.ff.net.0.proj.bias	986	F32	2560	0	identity_bytes	down_blocks.0.attentions.1.transformer_blocks.0.ff.net.0.proj.bias	F32	2560	temporal_conditional_unet_2d	weight
down_blocks.0.attentions.1.transformer_blocks.0.ff.net.0.proj.weight	985	F32	2560,320	0	identity_bytes	down_blocks.0.attentions.1.transformer_blocks.0.ff.net.0.proj.weight	F32	2560,320	temporal_conditional_unet_2d	weight
down_blocks.0.attentions.1.transformer_blocks.0.ff.net.2.bias	988	F32	320	0	identity_bytes	down_blocks.0.attentions.1.transformer_blocks.0.ff.net.2.bias	F32	320	temporal_conditional_unet_2d	weight
down_blocks.0.attentions.1.transformer_blocks.0.ff.net.2.weight	987	F32	320,1280	0	identity_bytes	down_blocks.0.attentions.1.transformer_blocks.0.ff.net.2.weight	F32	320,1280	temporal_conditional_unet_2d	weight
down_blocks.0.attentions.1.transformer_blocks.0.norm1.bias	972	F32	320	0	identity_bytes	down_blocks.0.attentions.1.transformer_blocks.0.norm1.bias	F32	320	temporal_conditional_unet_2d	weight
down_blocks.0.attentions.1.transformer_blocks.0.norm1.weight	971	F32	320	0	identity_bytes	down_blocks.0.attentions.1.transformer_blocks.0.norm1.weight	F32	320	temporal_conditional_unet_2d	weight
down_blocks.0.attentions.1.transformer_blocks.0.norm2.bias	979	F32	320	0	identity_bytes	down_blocks.0.attentions.1.transformer_blocks.0.norm2.bias	F32	320	temporal_conditional_unet_2d	weight
down_blocks.0.attentions.1.transformer_blocks.0.norm2.weight	978	F32	320	0	identity_bytes	down_blocks.0.attentions.1.transformer_blocks.0.norm2.weight	F32	320	temporal_conditional_unet_2d	weight
down_blocks.0.attentions.1.transformer_blocks.0.norm3.bias	990	F32	320	0	identity_bytes	down_blocks.0.attentions.1.transformer_blocks.0.norm3.bias	F32	320	temporal_conditional_unet_2d	weight
down_blocks.0.attentions.1.transformer_blocks.0.norm3.weight	989	F32	320	0	identity_bytes	down_blocks.0.attentions.1.transformer_blocks.0.norm3.weight	F32	320	temporal_conditional_unet_2d	weight
down_blocks.0.downsamplers.0.conv.bias	1070	F32	320	0	identity_bytes	down_blocks.0.downsamplers.0.conv.bias	F32	320	temporal_conditional_unet_2d	weight
down_blocks.0.downsamplers.0.conv.weight	1069	F32	320,320,3,3	0	identity_bytes	down_blocks.0.downsamplers.0.conv.weight	F32	320,320,3,3	temporal_conditional_unet_2d	weight
down_blocks.0.motion_modules.0.temporal_transformer.norm.bias	1014	F32	320	0	identity_bytes	down_blocks.0.motion_modules.0.temporal_transformer.norm.bias	F32	320	temporal_conditional_unet_2d	weight
down_blocks.0.motion_modules.0.temporal_transformer.norm.weight	1013	F32	320	0	identity_bytes	down_blocks.0.motion_modules.0.temporal_transformer.norm.weight	F32	320	temporal_conditional_unet_2d	weight
down_blocks.0.motion_modules.0.temporal_transformer.proj_in.bias	1016	F32	320	0	identity_bytes	down_blocks.0.motion_modules.0.temporal_transformer.proj_in.bias	F32	320	temporal_conditional_unet_2d	weight
down_blocks.0.motion_modules.0.temporal_transformer.proj_in.weight	1015	F32	320,320	0	identity_bytes	down_blocks.0.motion_modules.0.temporal_transformer.proj_in.weight	F32	320,320	temporal_conditional_unet_2d	weight
down_blocks.0.motion_modules.0.temporal_transformer.proj_out.bias	1040	F32	320	0	identity_bytes	down_blocks.0.motion_modules.0.temporal_transformer.proj_out.bias	F32	320	temporal_conditional_unet_2d	weight
down_blocks.0.motion_modules.0.temporal_transformer.proj_out.weight	1039	F32	320,320	0	identity_bytes	down_blocks.0.motion_modules.0.temporal_transformer.proj_out.weight	F32	320,320	temporal_conditional_unet_2d	weight
down_blocks.0.motion_modules.0.temporal_transformer.transformer_blocks.0.attention_blocks.0.pos_encoder.pe	1022	F32	1,24,320	0	identity_bytes	down_blocks.0.motion_modules.0.temporal_transformer.transformer_blocks.0.attention_blocks.0.pos_encoder.pe	F32	1,24,320	temporal_conditional_unet_2d	weight
down_blocks.0.motion_modules.0.temporal_transformer.transformer_blocks.0.attention_blocks.0.to_k.weight	1018	F32	320,320	0	identity_bytes	down_blocks.0.motion_modules.0.temporal_transformer.transformer_blocks.0.attention_blocks.0.to_k.weight	F32	320,320	temporal_conditional_unet_2d	weight
down_blocks.0.motion_modules.0.temporal_transformer.transformer_blocks.0.attention_blocks.0.to_out.0.bias	1021	F32	320	0	identity_bytes	down_blocks.0.motion_modules.0.temporal_transformer.transformer_blocks.0.attention_blocks.0.to_out.0.bias	F32	320	temporal_conditional_unet_2d	weight
down_blocks.0.motion_modules.0.temporal_transformer.transformer_blocks.0.attention_blocks.0.to_out.0.weight	1020	F32	320,320	0	identity_bytes	down_blocks.0.motion_modules.0.temporal_transformer.transformer_blocks.0.attention_blocks.0.to_out.0.weight	F32	320,320	temporal_conditional_unet_2d	weight
down_blocks.0.motion_modules.0.temporal_transformer.transformer_blocks.0.attention_blocks.0.to_q.weight	1017	F32	320,320	0	identity_bytes	down_blocks.0.motion_modules.0.temporal_transformer.transformer_blocks.0.attention_blocks.0.to_q.weight	F32	320,320	temporal_conditional_unet_2d	weight
down_blocks.0.motion_modules.0.temporal_transformer.transformer_blocks.0.attention_blocks.0.to_v.weight	1019	F32	320,320	0	identity_bytes	down_blocks.0.motion_modules.0.temporal_transformer.transformer_blocks.0.attention_blocks.0.to_v.weight	F32	320,320	temporal_conditional_unet_2d	weight
down_blocks.0.motion_modules.0.temporal_transformer.transformer_blocks.0.attention_blocks.1.pos_encoder.pe	1028	F32	1,24,320	0	identity_bytes	down_blocks.0.motion_modules.0.temporal_transformer.transformer_blocks.0.attention_blocks.1.pos_encoder.pe	F32	1,24,320	temporal_conditional_unet_2d	weight
down_blocks.0.motion_modules.0.temporal_transformer.transformer_blocks.0.attention_blocks.1.to_k.weight	1024	F32	320,320	0	identity_bytes	down_blocks.0.motion_modules.0.temporal_transformer.transformer_blocks.0.attention_blocks.1.to_k.weight	F32	320,320	temporal_conditional_unet_2d	weight
down_blocks.0.motion_modules.0.temporal_transformer.transformer_blocks.0.attention_blocks.1.to_out.0.bias	1027	F32	320	0	identity_bytes	down_blocks.0.motion_modules.0.temporal_transformer.transformer_blocks.0.attention_blocks.1.to_out.0.bias	F32	320	temporal_conditional_unet_2d	weight
down_blocks.0.motion_modules.0.temporal_transformer.transformer_blocks.0.attention_blocks.1.to_out.0.weight	1026	F32	320,320	0	identity_bytes	down_blocks.0.motion_modules.0.temporal_transformer.transformer_blocks.0.attention_blocks.1.to_out.0.weight	F32	320,320	temporal_conditional_unet_2d	weight
down_blocks.0.motion_modules.0.temporal_transformer.transformer_blocks.0.attention_blocks.1.to_q.weight	1023	F32	320,320	0	identity_bytes	down_blocks.0.motion_modules.0.temporal_transformer.transformer_blocks.0.attention_blocks.1.to_q.weight	F32	320,320	temporal_conditional_unet_2d	weight
down_blocks.0.motion_modules.0.temporal_transformer.transformer_blocks.0.attention_blocks.1.to_v.weight	1025	F32	320,320	0	identity_bytes	down_blocks.0.motion_modules.0.temporal_transformer.transformer_blocks.0.attention_blocks.1.to_v.weight	F32	320,320	temporal_conditional_unet_2d	weight
down_blocks.0.motion_modules.0.temporal_transformer.transformer_blocks.0.ff.net.0.proj.bias	1034	F32	2560	0	identity_bytes	down_blocks.0.motion_modules.0.temporal_transformer.transformer_blocks.0.ff.net.0.proj.bias	F32	2560	temporal_conditional_unet_2d	weight
down_blocks.0.motion_modules.0.temporal_transformer.transformer_blocks.0.ff.net.0.proj.weight	1033	F32	2560,320	0	identity_bytes	down_blocks.0.motion_modules.0.temporal_transformer.transformer_blocks.0.ff.net.0.proj.weight	F32	2560,320	temporal_conditional_unet_2d	weight
down_blocks.0.motion_modules.0.temporal_transformer.transformer_blocks.0.ff.net.2.bias	1036	F32	320	0	identity_bytes	down_blocks.0.motion_modules.0.temporal_transformer.transformer_blocks.0.ff.net.2.bias	F32	320	temporal_conditional_unet_2d	weight
down_blocks.0.motion_modules.0.temporal_transformer.transformer_blocks.0.ff.net.2.weight	1035	F32	320,1280	0	identity_bytes	down_blocks.0.motion_modules.0.temporal_transformer.transformer_blocks.0.ff.net.2.weight	F32	320,1280	temporal_conditional_unet_2d	weight
down_blocks.0.motion_modules.0.temporal_transformer.transformer_blocks.0.ff_norm.bias	1038	F32	320	0	identity_bytes	down_blocks.0.motion_modules.0.temporal_transformer.transformer_blocks.0.ff_norm.bias	F32	320	temporal_conditional_unet_2d	weight
down_blocks.0.motion_modules.0.temporal_transformer.transformer_blocks.0.ff_norm.weight	1037	F32	320	0	identity_bytes	down_blocks.0.motion_modules.0.temporal_transformer.transformer_blocks.0.ff_norm.weight	F32	320	temporal_conditional_unet_2d	weight
down_blocks.0.motion_modules.0.temporal_transformer.transformer_blocks.0.norms.0.bias	1030	F32	320	0	identity_bytes	down_blocks.0.motion_modules.0.temporal_transformer.transformer_blocks.0.norms.0.bias	F32	320	temporal_conditional_unet_2d	weight
down_blocks.0.motion_modules.0.temporal_transformer.transformer_blocks.0.norms.0.weight	1029	F32	320	0	identity_bytes	down_blocks.0.motion_modules.0.temporal_transformer.transformer_blocks.0.norms.0.weight	F32	320	temporal_conditional_unet_2d	weight
down_blocks.0.motion_modules.0.temporal_transformer.transformer_blocks.0.norms.1.bias	1032	F32	320	0	identity_bytes	down_blocks.0.motion_modules.0.temporal_transformer.transformer_blocks.0.norms.1.bias	F32	320	temporal_conditional_unet_2d	weight
down_blocks.0.motion_modules.0.temporal_transformer.transformer_blocks.0.norms.1.weight	1031	F32	320	0	identity_bytes	down_blocks.0.motion_modules.0.temporal_transformer.transformer_blocks.0.norms.1.weight	F32	320	temporal_conditional_unet_2d	weight
down_blocks.0.motion_modules.1.temporal_transformer.norm.bias	1042	F32	320	0	identity_bytes	down_blocks.0.motion_modules.1.temporal_transformer.norm.bias	F32	320	temporal_conditional_unet_2d	weight
down_blocks.0.motion_modules.1.temporal_transformer.norm.weight	1041	F32	320	0	identity_bytes	down_blocks.0.motion_modules.1.temporal_transformer.norm.weight	F32	320	temporal_conditional_unet_2d	weight
down_blocks.0.motion_modules.1.temporal_transformer.proj_in.bias	1044	F32	320	0	identity_bytes	down_blocks.0.motion_modules.1.temporal_transformer.proj_in.bias	F32	320	temporal_conditional_unet_2d	weight
down_blocks.0.motion_modules.1.temporal_transformer.proj_in.weight	1043	F32	320,320	0	identity_bytes	down_blocks.0.motion_modules.1.temporal_transformer.proj_in.weight	F32	320,320	temporal_conditional_unet_2d	weight
down_blocks.0.motion_modules.1.temporal_transformer.proj_out.bias	1068	F32	320	0	identity_bytes	down_blocks.0.motion_modules.1.temporal_transformer.proj_out.bias	F32	320	temporal_conditional_unet_2d	weight
down_blocks.0.motion_modules.1.temporal_transformer.proj_out.weight	1067	F32	320,320	0	identity_bytes	down_blocks.0.motion_modules.1.temporal_transformer.proj_out.weight	F32	320,320	temporal_conditional_unet_2d	weight
down_blocks.0.motion_modules.1.temporal_transformer.transformer_blocks.0.attention_blocks.0.pos_encoder.pe	1050	F32	1,24,320	0	identity_bytes	down_blocks.0.motion_modules.1.temporal_transformer.transformer_blocks.0.attention_blocks.0.pos_encoder.pe	F32	1,24,320	temporal_conditional_unet_2d	weight
down_blocks.0.motion_modules.1.temporal_transformer.transformer_blocks.0.attention_blocks.0.to_k.weight	1046	F32	320,320	0	identity_bytes	down_blocks.0.motion_modules.1.temporal_transformer.transformer_blocks.0.attention_blocks.0.to_k.weight	F32	320,320	temporal_conditional_unet_2d	weight
down_blocks.0.motion_modules.1.temporal_transformer.transformer_blocks.0.attention_blocks.0.to_out.0.bias	1049	F32	320	0	identity_bytes	down_blocks.0.motion_modules.1.temporal_transformer.transformer_blocks.0.attention_blocks.0.to_out.0.bias	F32	320	temporal_conditional_unet_2d	weight
down_blocks.0.motion_modules.1.temporal_transformer.transformer_blocks.0.attention_blocks.0.to_out.0.weight	1048	F32	320,320	0	identity_bytes	down_blocks.0.motion_modules.1.temporal_transformer.transformer_blocks.0.attention_blocks.0.to_out.0.weight	F32	320,320	temporal_conditional_unet_2d	weight
down_blocks.0.motion_modules.1.temporal_transformer.transformer_blocks.0.attention_blocks.0.to_q.weight	1045	F32	320,320	0	identity_bytes	down_blocks.0.motion_modules.1.temporal_transformer.transformer_blocks.0.attention_blocks.0.to_q.weight	F32	320,320	temporal_conditional_unet_2d	weight
down_blocks.0.motion_modules.1.temporal_transformer.transformer_blocks.0.attention_blocks.0.to_v.weight	1047	F32	320,320	0	identity_bytes	down_blocks.0.motion_modules.1.temporal_transformer.transformer_blocks.0.attention_blocks.0.to_v.weight	F32	320,320	temporal_conditional_unet_2d	weight
down_blocks.0.motion_modules.1.temporal_transformer.transformer_blocks.0.attention_blocks.1.pos_encoder.pe	1056	F32	1,24,320	0	identity_bytes	down_blocks.0.motion_modules.1.temporal_transformer.transformer_blocks.0.attention_blocks.1.pos_encoder.pe	F32	1,24,320	temporal_conditional_unet_2d	weight
down_blocks.0.motion_modules.1.temporal_transformer.transformer_blocks.0.attention_blocks.1.to_k.weight	1052	F32	320,320	0	identity_bytes	down_blocks.0.motion_modules.1.temporal_transformer.transformer_blocks.0.attention_blocks.1.to_k.weight	F32	320,320	temporal_conditional_unet_2d	weight
down_blocks.0.motion_modules.1.temporal_transformer.transformer_blocks.0.attention_blocks.1.to_out.0.bias	1055	F32	320	0	identity_bytes	down_blocks.0.motion_modules.1.temporal_transformer.transformer_blocks.0.attention_blocks.1.to_out.0.bias	F32	320	temporal_conditional_unet_2d	weight
down_blocks.0.motion_modules.1.temporal_transformer.transformer_blocks.0.attention_blocks.1.to_out.0.weight	1054	F32	320,320	0	identity_bytes	down_blocks.0.motion_modules.1.temporal_transformer.transformer_blocks.0.attention_blocks.1.to_out.0.weight	F32	320,320	temporal_conditional_unet_2d	weight
down_blocks.0.motion_modules.1.temporal_transformer.transformer_blocks.0.attention_blocks.1.to_q.weight	1051	F32	320,320	0	identity_bytes	down_blocks.0.motion_modules.1.temporal_transformer.transformer_blocks.0.attention_blocks.1.to_q.weight	F32	320,320	temporal_conditional_unet_2d	weight
down_blocks.0.motion_modules.1.temporal_transformer.transformer_blocks.0.attention_blocks.1.to_v.weight	1053	F32	320,320	0	identity_bytes	down_blocks.0.motion_modules.1.temporal_transformer.transformer_blocks.0.attention_blocks.1.to_v.weight	F32	320,320	temporal_conditional_unet_2d	weight
down_blocks.0.motion_modules.1.temporal_transformer.transformer_blocks.0.ff.net.0.proj.bias	1062	F32	2560	0	identity_bytes	down_blocks.0.motion_modules.1.temporal_transformer.transformer_blocks.0.ff.net.0.proj.bias	F32	2560	temporal_conditional_unet_2d	weight
down_blocks.0.motion_modules.1.temporal_transformer.transformer_blocks.0.ff.net.0.proj.weight	1061	F32	2560,320	0	identity_bytes	down_blocks.0.motion_modules.1.temporal_transformer.transformer_blocks.0.ff.net.0.proj.weight	F32	2560,320	temporal_conditional_unet_2d	weight
down_blocks.0.motion_modules.1.temporal_transformer.transformer_blocks.0.ff.net.2.bias	1064	F32	320	0	identity_bytes	down_blocks.0.motion_modules.1.temporal_transformer.transformer_blocks.0.ff.net.2.bias	F32	320	temporal_conditional_unet_2d	weight
down_blocks.0.motion_modules.1.temporal_transformer.transformer_blocks.0.ff.net.2.weight	1063	F32	320,1280	0	identity_bytes	down_blocks.0.motion_modules.1.temporal_transformer.transformer_blocks.0.ff.net.2.weight	F32	320,1280	temporal_conditional_unet_2d	weight
down_blocks.0.motion_modules.1.temporal_transformer.transformer_blocks.0.ff_norm.bias	1066	F32	320	0	identity_bytes	down_blocks.0.motion_modules.1.temporal_transformer.transformer_blocks.0.ff_norm.bias	F32	320	temporal_conditional_unet_2d	weight
down_blocks.0.motion_modules.1.temporal_transformer.transformer_blocks.0.ff_norm.weight	1065	F32	320	0	identity_bytes	down_blocks.0.motion_modules.1.temporal_transformer.transformer_blocks.0.ff_norm.weight	F32	320	temporal_conditional_unet_2d	weight
down_blocks.0.motion_modules.1.temporal_transformer.transformer_blocks.0.norms.0.bias	1058	F32	320	0	identity_bytes	down_blocks.0.motion_modules.1.temporal_transformer.transformer_blocks.0.norms.0.bias	F32	320	temporal_conditional_unet_2d	weight
down_blocks.0.motion_modules.1.temporal_transformer.transformer_blocks.0.norms.0.weight	1057	F32	320	0	identity_bytes	down_blocks.0.motion_modules.1.temporal_transformer.transformer_blocks.0.norms.0.weight	F32	320	temporal_conditional_unet_2d	weight
down_blocks.0.motion_modules.1.temporal_transformer.transformer_blocks.0.norms.1.bias	1060	F32	320	0	identity_bytes	down_blocks.0.motion_modules.1.temporal_transformer.transformer_blocks.0.norms.1.bias	F32	320	temporal_conditional_unet_2d	weight
down_blocks.0.motion_modules.1.temporal_transformer.transformer_blocks.0.norms.1.weight	1059	F32	320	0	identity_bytes	down_blocks.0.motion_modules.1.temporal_transformer.transformer_blocks.0.norms.1.weight	F32	320	temporal_conditional_unet_2d	weight
down_blocks.0.resnets.0.conv1.bias	996	F32	320	0	identity_bytes	down_blocks.0.resnets.0.conv1.bias	F32	320	temporal_conditional_unet_2d	weight
down_blocks.0.resnets.0.conv1.weight	995	F32	320,320,3,3	0	identity_bytes	down_blocks.0.resnets.0.conv1.weight	F32	320,320,3,3	temporal_conditional_unet_2d	weight
down_blocks.0.resnets.0.conv2.bias	1002	F32	320	0	identity_bytes	down_blocks.0.resnets.0.conv2.bias	F32	320	temporal_conditional_unet_2d	weight
down_blocks.0.resnets.0.conv2.weight	1001	F32	320,320,3,3	0	identity_bytes	down_blocks.0.resnets.0.conv2.weight	F32	320,320,3,3	temporal_conditional_unet_2d	weight
down_blocks.0.resnets.0.norm1.bias	994	F32	320	0	identity_bytes	down_blocks.0.resnets.0.norm1.bias	F32	320	temporal_conditional_unet_2d	weight
down_blocks.0.resnets.0.norm1.weight	993	F32	320	0	identity_bytes	down_blocks.0.resnets.0.norm1.weight	F32	320	temporal_conditional_unet_2d	weight
down_blocks.0.resnets.0.norm2.bias	1000	F32	320	0	identity_bytes	down_blocks.0.resnets.0.norm2.bias	F32	320	temporal_conditional_unet_2d	weight
down_blocks.0.resnets.0.norm2.weight	999	F32	320	0	identity_bytes	down_blocks.0.resnets.0.norm2.weight	F32	320	temporal_conditional_unet_2d	weight
down_blocks.0.resnets.0.time_emb_proj.bias	998	F32	320	0	identity_bytes	down_blocks.0.resnets.0.time_emb_proj.bias	F32	320	temporal_conditional_unet_2d	weight
down_blocks.0.resnets.0.time_emb_proj.weight	997	F32	320,1280	0	identity_bytes	down_blocks.0.resnets.0.time_emb_proj.weight	F32	320,1280	temporal_conditional_unet_2d	weight
down_blocks.0.resnets.1.conv1.bias	1006	F32	320	0	identity_bytes	down_blocks.0.resnets.1.conv1.bias	F32	320	temporal_conditional_unet_2d	weight
down_blocks.0.resnets.1.conv1.weight	1005	F32	320,320,3,3	0	identity_bytes	down_blocks.0.resnets.1.conv1.weight	F32	320,320,3,3	temporal_conditional_unet_2d	weight
down_blocks.0.resnets.1.conv2.bias	1012	F32	320	0	identity_bytes	down_blocks.0.resnets.1.conv2.bias	F32	320	temporal_conditional_unet_2d	weight
down_blocks.0.resnets.1.conv2.weight	1011	F32	320,320,3,3	0	identity_bytes	down_blocks.0.resnets.1.conv2.weight	F32	320,320,3,3	temporal_conditional_unet_2d	weight
down_blocks.0.resnets.1.norm1.bias	1004	F32	320	0	identity_bytes	down_blocks.0.resnets.1.norm1.bias	F32	320	temporal_conditional_unet_2d	weight
down_blocks.0.resnets.1.norm1.weight	1003	F32	320	0	identity_bytes	down_blocks.0.resnets.1.norm1.weight	F32	320	temporal_conditional_unet_2d	weight
down_blocks.0.resnets.1.norm2.bias	1010	F32	320	0	identity_bytes	down_blocks.0.resnets.1.norm2.bias	F32	320	temporal_conditional_unet_2d	weight
down_blocks.0.resnets.1.norm2.weight	1009	F32	320	0	identity_bytes	down_blocks.0.resnets.1.norm2.weight	F32	320	temporal_conditional_unet_2d	weight
down_blocks.0.resnets.1.time_emb_proj.bias	1008	F32	320	0	identity_bytes	down_blocks.0.resnets.1.time_emb_proj.bias	F32	320	temporal_conditional_unet_2d	weight
down_blocks.0.resnets.1.time_emb_proj.weight	1007	F32	320,1280	0	identity_bytes	down_blocks.0.resnets.1.time_emb_proj.weight	F32	320,1280	temporal_conditional_unet_2d	weight
down_blocks.1.attentions.0.norm.bias	1072	F32	640	0	identity_bytes	down_blocks.1.attentions.0.norm.bias	F32	640	temporal_conditional_unet_2d	weight
down_blocks.1.attentions.0.norm.weight	1071	F32	640	0	identity_bytes	down_blocks.1.attentions.0.norm.weight	F32	640	temporal_conditional_unet_2d	weight
down_blocks.1.attentions.0.proj_in.bias	1074	F32	640	0	identity_bytes	down_blocks.1.attentions.0.proj_in.bias	F32	640	temporal_conditional_unet_2d	weight
down_blocks.1.attentions.0.proj_in.weight	1073	F32	640,640,1,1	0	identity_bytes	down_blocks.1.attentions.0.proj_in.weight	F32	640,640,1,1	temporal_conditional_unet_2d	weight
down_blocks.1.attentions.0.proj_out.bias	1096	F32	640	0	identity_bytes	down_blocks.1.attentions.0.proj_out.bias	F32	640	temporal_conditional_unet_2d	weight
down_blocks.1.attentions.0.proj_out.weight	1095	F32	640,640,1,1	0	identity_bytes	down_blocks.1.attentions.0.proj_out.weight	F32	640,640,1,1	temporal_conditional_unet_2d	weight
down_blocks.1.attentions.0.transformer_blocks.0.attn1.to_k.weight	1078	F32	640,640	0	identity_bytes	down_blocks.1.attentions.0.transformer_blocks.0.attn1.to_k.weight	F32	640,640	temporal_conditional_unet_2d	weight
down_blocks.1.attentions.0.transformer_blocks.0.attn1.to_out.0.bias	1081	F32	640	0	identity_bytes	down_blocks.1.attentions.0.transformer_blocks.0.attn1.to_out.0.bias	F32	640	temporal_conditional_unet_2d	weight
down_blocks.1.attentions.0.transformer_blocks.0.attn1.to_out.0.weight	1080	F32	640,640	0	identity_bytes	down_blocks.1.attentions.0.transformer_blocks.0.attn1.to_out.0.weight	F32	640,640	temporal_conditional_unet_2d	weight
down_blocks.1.attentions.0.transformer_blocks.0.attn1.to_q.weight	1077	F32	640,640	0	identity_bytes	down_blocks.1.attentions.0.transformer_blocks.0.attn1.to_q.weight	F32	640,640	temporal_conditional_unet_2d	weight
down_blocks.1.attentions.0.transformer_blocks.0.attn1.to_v.weight	1079	F32	640,640	0	identity_bytes	down_blocks.1.attentions.0.transformer_blocks.0.attn1.to_v.weight	F32	640,640	temporal_conditional_unet_2d	weight
down_blocks.1.attentions.0.transformer_blocks.0.attn2.to_k.weight	1085	F32	640,384	0	identity_bytes	down_blocks.1.attentions.0.transformer_blocks.0.attn2.to_k.weight	F32	640,384	temporal_conditional_unet_2d	weight
down_blocks.1.attentions.0.transformer_blocks.0.attn2.to_out.0.bias	1088	F32	640	0	identity_bytes	down_blocks.1.attentions.0.transformer_blocks.0.attn2.to_out.0.bias	F32	640	temporal_conditional_unet_2d	weight
down_blocks.1.attentions.0.transformer_blocks.0.attn2.to_out.0.weight	1087	F32	640,640	0	identity_bytes	down_blocks.1.attentions.0.transformer_blocks.0.attn2.to_out.0.weight	F32	640,640	temporal_conditional_unet_2d	weight
down_blocks.1.attentions.0.transformer_blocks.0.attn2.to_q.weight	1084	F32	640,640	0	identity_bytes	down_blocks.1.attentions.0.transformer_blocks.0.attn2.to_q.weight	F32	640,640	temporal_conditional_unet_2d	weight
down_blocks.1.attentions.0.transformer_blocks.0.attn2.to_v.weight	1086	F32	640,384	0	identity_bytes	down_blocks.1.attentions.0.transformer_blocks.0.attn2.to_v.weight	F32	640,384	temporal_conditional_unet_2d	weight
down_blocks.1.attentions.0.transformer_blocks.0.ff.net.0.proj.bias	1090	F32	5120	0	identity_bytes	down_blocks.1.attentions.0.transformer_blocks.0.ff.net.0.proj.bias	F32	5120	temporal_conditional_unet_2d	weight
down_blocks.1.attentions.0.transformer_blocks.0.ff.net.0.proj.weight	1089	F32	5120,640	0	identity_bytes	down_blocks.1.attentions.0.transformer_blocks.0.ff.net.0.proj.weight	F32	5120,640	temporal_conditional_unet_2d	weight
down_blocks.1.attentions.0.transformer_blocks.0.ff.net.2.bias	1092	F32	640	0	identity_bytes	down_blocks.1.attentions.0.transformer_blocks.0.ff.net.2.bias	F32	640	temporal_conditional_unet_2d	weight
down_blocks.1.attentions.0.transformer_blocks.0.ff.net.2.weight	1091	F32	640,2560	0	identity_bytes	down_blocks.1.attentions.0.transformer_blocks.0.ff.net.2.weight	F32	640,2560	temporal_conditional_unet_2d	weight
down_blocks.1.attentions.0.transformer_blocks.0.norm1.bias	1076	F32	640	0	identity_bytes	down_blocks.1.attentions.0.transformer_blocks.0.norm1.bias	F32	640	temporal_conditional_unet_2d	weight
down_blocks.1.attentions.0.transformer_blocks.0.norm1.weight	1075	F32	640	0	identity_bytes	down_blocks.1.attentions.0.transformer_blocks.0.norm1.weight	F32	640	temporal_conditional_unet_2d	weight
down_blocks.1.attentions.0.transformer_blocks.0.norm2.bias	1083	F32	640	0	identity_bytes	down_blocks.1.attentions.0.transformer_blocks.0.norm2.bias	F32	640	temporal_conditional_unet_2d	weight
down_blocks.1.attentions.0.transformer_blocks.0.norm2.weight	1082	F32	640	0	identity_bytes	down_blocks.1.attentions.0.transformer_blocks.0.norm2.weight	F32	640	temporal_conditional_unet_2d	weight
down_blocks.1.attentions.0.transformer_blocks.0.norm3.bias	1094	F32	640	0	identity_bytes	down_blocks.1.attentions.0.transformer_blocks.0.norm3.bias	F32	640	temporal_conditional_unet_2d	weight
down_blocks.1.attentions.0.transformer_blocks.0.norm3.weight	1093	F32	640	0	identity_bytes	down_blocks.1.attentions.0.transformer_blocks.0.norm3.weight	F32	640	temporal_conditional_unet_2d	weight
down_blocks.1.attentions.1.norm.bias	1098	F32	640	0	identity_bytes	down_blocks.1.attentions.1.norm.bias	F32	640	temporal_conditional_unet_2d	weight
down_blocks.1.attentions.1.norm.weight	1097	F32	640	0	identity_bytes	down_blocks.1.attentions.1.norm.weight	F32	640	temporal_conditional_unet_2d	weight
down_blocks.1.attentions.1.proj_in.bias	1100	F32	640	0	identity_bytes	down_blocks.1.attentions.1.proj_in.bias	F32	640	temporal_conditional_unet_2d	weight
down_blocks.1.attentions.1.proj_in.weight	1099	F32	640,640,1,1	0	identity_bytes	down_blocks.1.attentions.1.proj_in.weight	F32	640,640,1,1	temporal_conditional_unet_2d	weight
down_blocks.1.attentions.1.proj_out.bias	1122	F32	640	0	identity_bytes	down_blocks.1.attentions.1.proj_out.bias	F32	640	temporal_conditional_unet_2d	weight
down_blocks.1.attentions.1.proj_out.weight	1121	F32	640,640,1,1	0	identity_bytes	down_blocks.1.attentions.1.proj_out.weight	F32	640,640,1,1	temporal_conditional_unet_2d	weight
down_blocks.1.attentions.1.transformer_blocks.0.attn1.to_k.weight	1104	F32	640,640	0	identity_bytes	down_blocks.1.attentions.1.transformer_blocks.0.attn1.to_k.weight	F32	640,640	temporal_conditional_unet_2d	weight
down_blocks.1.attentions.1.transformer_blocks.0.attn1.to_out.0.bias	1107	F32	640	0	identity_bytes	down_blocks.1.attentions.1.transformer_blocks.0.attn1.to_out.0.bias	F32	640	temporal_conditional_unet_2d	weight
down_blocks.1.attentions.1.transformer_blocks.0.attn1.to_out.0.weight	1106	F32	640,640	0	identity_bytes	down_blocks.1.attentions.1.transformer_blocks.0.attn1.to_out.0.weight	F32	640,640	temporal_conditional_unet_2d	weight
down_blocks.1.attentions.1.transformer_blocks.0.attn1.to_q.weight	1103	F32	640,640	0	identity_bytes	down_blocks.1.attentions.1.transformer_blocks.0.attn1.to_q.weight	F32	640,640	temporal_conditional_unet_2d	weight
down_blocks.1.attentions.1.transformer_blocks.0.attn1.to_v.weight	1105	F32	640,640	0	identity_bytes	down_blocks.1.attentions.1.transformer_blocks.0.attn1.to_v.weight	F32	640,640	temporal_conditional_unet_2d	weight
down_blocks.1.attentions.1.transformer_blocks.0.attn2.to_k.weight	1111	F32	640,384	0	identity_bytes	down_blocks.1.attentions.1.transformer_blocks.0.attn2.to_k.weight	F32	640,384	temporal_conditional_unet_2d	weight
down_blocks.1.attentions.1.transformer_blocks.0.attn2.to_out.0.bias	1114	F32	640	0	identity_bytes	down_blocks.1.attentions.1.transformer_blocks.0.attn2.to_out.0.bias	F32	640	temporal_conditional_unet_2d	weight
down_blocks.1.attentions.1.transformer_blocks.0.attn2.to_out.0.weight	1113	F32	640,640	0	identity_bytes	down_blocks.1.attentions.1.transformer_blocks.0.attn2.to_out.0.weight	F32	640,640	temporal_conditional_unet_2d	weight
down_blocks.1.attentions.1.transformer_blocks.0.attn2.to_q.weight	1110	F32	640,640	0	identity_bytes	down_blocks.1.attentions.1.transformer_blocks.0.attn2.to_q.weight	F32	640,640	temporal_conditional_unet_2d	weight
down_blocks.1.attentions.1.transformer_blocks.0.attn2.to_v.weight	1112	F32	640,384	0	identity_bytes	down_blocks.1.attentions.1.transformer_blocks.0.attn2.to_v.weight	F32	640,384	temporal_conditional_unet_2d	weight
down_blocks.1.attentions.1.transformer_blocks.0.ff.net.0.proj.bias	1116	F32	5120	0	identity_bytes	down_blocks.1.attentions.1.transformer_blocks.0.ff.net.0.proj.bias	F32	5120	temporal_conditional_unet_2d	weight
down_blocks.1.attentions.1.transformer_blocks.0.ff.net.0.proj.weight	1115	F32	5120,640	0	identity_bytes	down_blocks.1.attentions.1.transformer_blocks.0.ff.net.0.proj.weight	F32	5120,640	temporal_conditional_unet_2d	weight
down_blocks.1.attentions.1.transformer_blocks.0.ff.net.2.bias	1118	F32	640	0	identity_bytes	down_blocks.1.attentions.1.transformer_blocks.0.ff.net.2.bias	F32	640	temporal_conditional_unet_2d	weight
down_blocks.1.attentions.1.transformer_blocks.0.ff.net.2.weight	1117	F32	640,2560	0	identity_bytes	down_blocks.1.attentions.1.transformer_blocks.0.ff.net.2.weight	F32	640,2560	temporal_conditional_unet_2d	weight
down_blocks.1.attentions.1.transformer_blocks.0.norm1.bias	1102	F32	640	0	identity_bytes	down_blocks.1.attentions.1.transformer_blocks.0.norm1.bias	F32	640	temporal_conditional_unet_2d	weight
down_blocks.1.attentions.1.transformer_blocks.0.norm1.weight	1101	F32	640	0	identity_bytes	down_blocks.1.attentions.1.transformer_blocks.0.norm1.weight	F32	640	temporal_conditional_unet_2d	weight
down_blocks.1.attentions.1.transformer_blocks.0.norm2.bias	1109	F32	640	0	identity_bytes	down_blocks.1.attentions.1.transformer_blocks.0.norm2.bias	F32	640	temporal_conditional_unet_2d	weight
down_blocks.1.attentions.1.transformer_blocks.0.norm2.weight	1108	F32	640	0	identity_bytes	down_blocks.1.attentions.1.transformer_blocks.0.norm2.weight	F32	640	temporal_conditional_unet_2d	weight
down_blocks.1.attentions.1.transformer_blocks.0.norm3.bias	1120	F32	640	0	identity_bytes	down_blocks.1.attentions.1.transformer_blocks.0.norm3.bias	F32	640	temporal_conditional_unet_2d	weight
down_blocks.1.attentions.1.transformer_blocks.0.norm3.weight	1119	F32	640	0	identity_bytes	down_blocks.1.attentions.1.transformer_blocks.0.norm3.weight	F32	640	temporal_conditional_unet_2d	weight
down_blocks.1.downsamplers.0.conv.bias	1202	F32	640	0	identity_bytes	down_blocks.1.downsamplers.0.conv.bias	F32	640	temporal_conditional_unet_2d	weight
down_blocks.1.downsamplers.0.conv.weight	1201	F32	640,640,3,3	0	identity_bytes	down_blocks.1.downsamplers.0.conv.weight	F32	640,640,3,3	temporal_conditional_unet_2d	weight
down_blocks.1.motion_modules.0.temporal_transformer.norm.bias	1146	F32	640	0	identity_bytes	down_blocks.1.motion_modules.0.temporal_transformer.norm.bias	F32	640	temporal_conditional_unet_2d	weight
down_blocks.1.motion_modules.0.temporal_transformer.norm.weight	1145	F32	640	0	identity_bytes	down_blocks.1.motion_modules.0.temporal_transformer.norm.weight	F32	640	temporal_conditional_unet_2d	weight
down_blocks.1.motion_modules.0.temporal_transformer.proj_in.bias	1148	F32	640	0	identity_bytes	down_blocks.1.motion_modules.0.temporal_transformer.proj_in.bias	F32	640	temporal_conditional_unet_2d	weight
down_blocks.1.motion_modules.0.temporal_transformer.proj_in.weight	1147	F32	640,640	0	identity_bytes	down_blocks.1.motion_modules.0.temporal_transformer.proj_in.weight	F32	640,640	temporal_conditional_unet_2d	weight
down_blocks.1.motion_modules.0.temporal_transformer.proj_out.bias	1172	F32	640	0	identity_bytes	down_blocks.1.motion_modules.0.temporal_transformer.proj_out.bias	F32	640	temporal_conditional_unet_2d	weight
down_blocks.1.motion_modules.0.temporal_transformer.proj_out.weight	1171	F32	640,640	0	identity_bytes	down_blocks.1.motion_modules.0.temporal_transformer.proj_out.weight	F32	640,640	temporal_conditional_unet_2d	weight
down_blocks.1.motion_modules.0.temporal_transformer.transformer_blocks.0.attention_blocks.0.pos_encoder.pe	1154	F32	1,24,640	0	identity_bytes	down_blocks.1.motion_modules.0.temporal_transformer.transformer_blocks.0.attention_blocks.0.pos_encoder.pe	F32	1,24,640	temporal_conditional_unet_2d	weight
down_blocks.1.motion_modules.0.temporal_transformer.transformer_blocks.0.attention_blocks.0.to_k.weight	1150	F32	640,640	0	identity_bytes	down_blocks.1.motion_modules.0.temporal_transformer.transformer_blocks.0.attention_blocks.0.to_k.weight	F32	640,640	temporal_conditional_unet_2d	weight
down_blocks.1.motion_modules.0.temporal_transformer.transformer_blocks.0.attention_blocks.0.to_out.0.bias	1153	F32	640	0	identity_bytes	down_blocks.1.motion_modules.0.temporal_transformer.transformer_blocks.0.attention_blocks.0.to_out.0.bias	F32	640	temporal_conditional_unet_2d	weight
down_blocks.1.motion_modules.0.temporal_transformer.transformer_blocks.0.attention_blocks.0.to_out.0.weight	1152	F32	640,640	0	identity_bytes	down_blocks.1.motion_modules.0.temporal_transformer.transformer_blocks.0.attention_blocks.0.to_out.0.weight	F32	640,640	temporal_conditional_unet_2d	weight
down_blocks.1.motion_modules.0.temporal_transformer.transformer_blocks.0.attention_blocks.0.to_q.weight	1149	F32	640,640	0	identity_bytes	down_blocks.1.motion_modules.0.temporal_transformer.transformer_blocks.0.attention_blocks.0.to_q.weight	F32	640,640	temporal_conditional_unet_2d	weight
down_blocks.1.motion_modules.0.temporal_transformer.transformer_blocks.0.attention_blocks.0.to_v.weight	1151	F32	640,640	0	identity_bytes	down_blocks.1.motion_modules.0.temporal_transformer.transformer_blocks.0.attention_blocks.0.to_v.weight	F32	640,640	temporal_conditional_unet_2d	weight
down_blocks.1.motion_modules.0.temporal_transformer.transformer_blocks.0.attention_blocks.1.pos_encoder.pe	1160	F32	1,24,640	0	identity_bytes	down_blocks.1.motion_modules.0.temporal_transformer.transformer_blocks.0.attention_blocks.1.pos_encoder.pe	F32	1,24,640	temporal_conditional_unet_2d	weight
down_blocks.1.motion_modules.0.temporal_transformer.transformer_blocks.0.attention_blocks.1.to_k.weight	1156	F32	640,640	0	identity_bytes	down_blocks.1.motion_modules.0.temporal_transformer.transformer_blocks.0.attention_blocks.1.to_k.weight	F32	640,640	temporal_conditional_unet_2d	weight
down_blocks.1.motion_modules.0.temporal_transformer.transformer_blocks.0.attention_blocks.1.to_out.0.bias	1159	F32	640	0	identity_bytes	down_blocks.1.motion_modules.0.temporal_transformer.transformer_blocks.0.attention_blocks.1.to_out.0.bias	F32	640	temporal_conditional_unet_2d	weight
down_blocks.1.motion_modules.0.temporal_transformer.transformer_blocks.0.attention_blocks.1.to_out.0.weight	1158	F32	640,640	0	identity_bytes	down_blocks.1.motion_modules.0.temporal_transformer.transformer_blocks.0.attention_blocks.1.to_out.0.weight	F32	640,640	temporal_conditional_unet_2d	weight
down_blocks.1.motion_modules.0.temporal_transformer.transformer_blocks.0.attention_blocks.1.to_q.weight	1155	F32	640,640	0	identity_bytes	down_blocks.1.motion_modules.0.temporal_transformer.transformer_blocks.0.attention_blocks.1.to_q.weight	F32	640,640	temporal_conditional_unet_2d	weight
down_blocks.1.motion_modules.0.temporal_transformer.transformer_blocks.0.attention_blocks.1.to_v.weight	1157	F32	640,640	0	identity_bytes	down_blocks.1.motion_modules.0.temporal_transformer.transformer_blocks.0.attention_blocks.1.to_v.weight	F32	640,640	temporal_conditional_unet_2d	weight
down_blocks.1.motion_modules.0.temporal_transformer.transformer_blocks.0.ff.net.0.proj.bias	1166	F32	5120	0	identity_bytes	down_blocks.1.motion_modules.0.temporal_transformer.transformer_blocks.0.ff.net.0.proj.bias	F32	5120	temporal_conditional_unet_2d	weight
down_blocks.1.motion_modules.0.temporal_transformer.transformer_blocks.0.ff.net.0.proj.weight	1165	F32	5120,640	0	identity_bytes	down_blocks.1.motion_modules.0.temporal_transformer.transformer_blocks.0.ff.net.0.proj.weight	F32	5120,640	temporal_conditional_unet_2d	weight
down_blocks.1.motion_modules.0.temporal_transformer.transformer_blocks.0.ff.net.2.bias	1168	F32	640	0	identity_bytes	down_blocks.1.motion_modules.0.temporal_transformer.transformer_blocks.0.ff.net.2.bias	F32	640	temporal_conditional_unet_2d	weight
down_blocks.1.motion_modules.0.temporal_transformer.transformer_blocks.0.ff.net.2.weight	1167	F32	640,2560	0	identity_bytes	down_blocks.1.motion_modules.0.temporal_transformer.transformer_blocks.0.ff.net.2.weight	F32	640,2560	temporal_conditional_unet_2d	weight
down_blocks.1.motion_modules.0.temporal_transformer.transformer_blocks.0.ff_norm.bias	1170	F32	640	0	identity_bytes	down_blocks.1.motion_modules.0.temporal_transformer.transformer_blocks.0.ff_norm.bias	F32	640	temporal_conditional_unet_2d	weight
down_blocks.1.motion_modules.0.temporal_transformer.transformer_blocks.0.ff_norm.weight	1169	F32	640	0	identity_bytes	down_blocks.1.motion_modules.0.temporal_transformer.transformer_blocks.0.ff_norm.weight	F32	640	temporal_conditional_unet_2d	weight
down_blocks.1.motion_modules.0.temporal_transformer.transformer_blocks.0.norms.0.bias	1162	F32	640	0	identity_bytes	down_blocks.1.motion_modules.0.temporal_transformer.transformer_blocks.0.norms.0.bias	F32	640	temporal_conditional_unet_2d	weight
down_blocks.1.motion_modules.0.temporal_transformer.transformer_blocks.0.norms.0.weight	1161	F32	640	0	identity_bytes	down_blocks.1.motion_modules.0.temporal_transformer.transformer_blocks.0.norms.0.weight	F32	640	temporal_conditional_unet_2d	weight
down_blocks.1.motion_modules.0.temporal_transformer.transformer_blocks.0.norms.1.bias	1164	F32	640	0	identity_bytes	down_blocks.1.motion_modules.0.temporal_transformer.transformer_blocks.0.norms.1.bias	F32	640	temporal_conditional_unet_2d	weight
down_blocks.1.motion_modules.0.temporal_transformer.transformer_blocks.0.norms.1.weight	1163	F32	640	0	identity_bytes	down_blocks.1.motion_modules.0.temporal_transformer.transformer_blocks.0.norms.1.weight	F32	640	temporal_conditional_unet_2d	weight
down_blocks.1.motion_modules.1.temporal_transformer.norm.bias	1174	F32	640	0	identity_bytes	down_blocks.1.motion_modules.1.temporal_transformer.norm.bias	F32	640	temporal_conditional_unet_2d	weight
down_blocks.1.motion_modules.1.temporal_transformer.norm.weight	1173	F32	640	0	identity_bytes	down_blocks.1.motion_modules.1.temporal_transformer.norm.weight	F32	640	temporal_conditional_unet_2d	weight
down_blocks.1.motion_modules.1.temporal_transformer.proj_in.bias	1176	F32	640	0	identity_bytes	down_blocks.1.motion_modules.1.temporal_transformer.proj_in.bias	F32	640	temporal_conditional_unet_2d	weight
down_blocks.1.motion_modules.1.temporal_transformer.proj_in.weight	1175	F32	640,640	0	identity_bytes	down_blocks.1.motion_modules.1.temporal_transformer.proj_in.weight	F32	640,640	temporal_conditional_unet_2d	weight
down_blocks.1.motion_modules.1.temporal_transformer.proj_out.bias	1200	F32	640	0	identity_bytes	down_blocks.1.motion_modules.1.temporal_transformer.proj_out.bias	F32	640	temporal_conditional_unet_2d	weight
down_blocks.1.motion_modules.1.temporal_transformer.proj_out.weight	1199	F32	640,640	0	identity_bytes	down_blocks.1.motion_modules.1.temporal_transformer.proj_out.weight	F32	640,640	temporal_conditional_unet_2d	weight
down_blocks.1.motion_modules.1.temporal_transformer.transformer_blocks.0.attention_blocks.0.pos_encoder.pe	1182	F32	1,24,640	0	identity_bytes	down_blocks.1.motion_modules.1.temporal_transformer.transformer_blocks.0.attention_blocks.0.pos_encoder.pe	F32	1,24,640	temporal_conditional_unet_2d	weight
down_blocks.1.motion_modules.1.temporal_transformer.transformer_blocks.0.attention_blocks.0.to_k.weight	1178	F32	640,640	0	identity_bytes	down_blocks.1.motion_modules.1.temporal_transformer.transformer_blocks.0.attention_blocks.0.to_k.weight	F32	640,640	temporal_conditional_unet_2d	weight
down_blocks.1.motion_modules.1.temporal_transformer.transformer_blocks.0.attention_blocks.0.to_out.0.bias	1181	F32	640	0	identity_bytes	down_blocks.1.motion_modules.1.temporal_transformer.transformer_blocks.0.attention_blocks.0.to_out.0.bias	F32	640	temporal_conditional_unet_2d	weight
down_blocks.1.motion_modules.1.temporal_transformer.transformer_blocks.0.attention_blocks.0.to_out.0.weight	1180	F32	640,640	0	identity_bytes	down_blocks.1.motion_modules.1.temporal_transformer.transformer_blocks.0.attention_blocks.0.to_out.0.weight	F32	640,640	temporal_conditional_unet_2d	weight
down_blocks.1.motion_modules.1.temporal_transformer.transformer_blocks.0.attention_blocks.0.to_q.weight	1177	F32	640,640	0	identity_bytes	down_blocks.1.motion_modules.1.temporal_transformer.transformer_blocks.0.attention_blocks.0.to_q.weight	F32	640,640	temporal_conditional_unet_2d	weight
down_blocks.1.motion_modules.1.temporal_transformer.transformer_blocks.0.attention_blocks.0.to_v.weight	1179	F32	640,640	0	identity_bytes	down_blocks.1.motion_modules.1.temporal_transformer.transformer_blocks.0.attention_blocks.0.to_v.weight	F32	640,640	temporal_conditional_unet_2d	weight
down_blocks.1.motion_modules.1.temporal_transformer.transformer_blocks.0.attention_blocks.1.pos_encoder.pe	1188	F32	1,24,640	0	identity_bytes	down_blocks.1.motion_modules.1.temporal_transformer.transformer_blocks.0.attention_blocks.1.pos_encoder.pe	F32	1,24,640	temporal_conditional_unet_2d	weight
down_blocks.1.motion_modules.1.temporal_transformer.transformer_blocks.0.attention_blocks.1.to_k.weight	1184	F32	640,640	0	identity_bytes	down_blocks.1.motion_modules.1.temporal_transformer.transformer_blocks.0.attention_blocks.1.to_k.weight	F32	640,640	temporal_conditional_unet_2d	weight
down_blocks.1.motion_modules.1.temporal_transformer.transformer_blocks.0.attention_blocks.1.to_out.0.bias	1187	F32	640	0	identity_bytes	down_blocks.1.motion_modules.1.temporal_transformer.transformer_blocks.0.attention_blocks.1.to_out.0.bias	F32	640	temporal_conditional_unet_2d	weight
down_blocks.1.motion_modules.1.temporal_transformer.transformer_blocks.0.attention_blocks.1.to_out.0.weight	1186	F32	640,640	0	identity_bytes	down_blocks.1.motion_modules.1.temporal_transformer.transformer_blocks.0.attention_blocks.1.to_out.0.weight	F32	640,640	temporal_conditional_unet_2d	weight
down_blocks.1.motion_modules.1.temporal_transformer.transformer_blocks.0.attention_blocks.1.to_q.weight	1183	F32	640,640	0	identity_bytes	down_blocks.1.motion_modules.1.temporal_transformer.transformer_blocks.0.attention_blocks.1.to_q.weight	F32	640,640	temporal_conditional_unet_2d	weight
down_blocks.1.motion_modules.1.temporal_transformer.transformer_blocks.0.attention_blocks.1.to_v.weight	1185	F32	640,640	0	identity_bytes	down_blocks.1.motion_modules.1.temporal_transformer.transformer_blocks.0.attention_blocks.1.to_v.weight	F32	640,640	temporal_conditional_unet_2d	weight
down_blocks.1.motion_modules.1.temporal_transformer.transformer_blocks.0.ff.net.0.proj.bias	1194	F32	5120	0	identity_bytes	down_blocks.1.motion_modules.1.temporal_transformer.transformer_blocks.0.ff.net.0.proj.bias	F32	5120	temporal_conditional_unet_2d	weight
down_blocks.1.motion_modules.1.temporal_transformer.transformer_blocks.0.ff.net.0.proj.weight	1193	F32	5120,640	0	identity_bytes	down_blocks.1.motion_modules.1.temporal_transformer.transformer_blocks.0.ff.net.0.proj.weight	F32	5120,640	temporal_conditional_unet_2d	weight
down_blocks.1.motion_modules.1.temporal_transformer.transformer_blocks.0.ff.net.2.bias	1196	F32	640	0	identity_bytes	down_blocks.1.motion_modules.1.temporal_transformer.transformer_blocks.0.ff.net.2.bias	F32	640	temporal_conditional_unet_2d	weight
down_blocks.1.motion_modules.1.temporal_transformer.transformer_blocks.0.ff.net.2.weight	1195	F32	640,2560	0	identity_bytes	down_blocks.1.motion_modules.1.temporal_transformer.transformer_blocks.0.ff.net.2.weight	F32	640,2560	temporal_conditional_unet_2d	weight
down_blocks.1.motion_modules.1.temporal_transformer.transformer_blocks.0.ff_norm.bias	1198	F32	640	0	identity_bytes	down_blocks.1.motion_modules.1.temporal_transformer.transformer_blocks.0.ff_norm.bias	F32	640	temporal_conditional_unet_2d	weight
down_blocks.1.motion_modules.1.temporal_transformer.transformer_blocks.0.ff_norm.weight	1197	F32	640	0	identity_bytes	down_blocks.1.motion_modules.1.temporal_transformer.transformer_blocks.0.ff_norm.weight	F32	640	temporal_conditional_unet_2d	weight
down_blocks.1.motion_modules.1.temporal_transformer.transformer_blocks.0.norms.0.bias	1190	F32	640	0	identity_bytes	down_blocks.1.motion_modules.1.temporal_transformer.transformer_blocks.0.norms.0.bias	F32	640	temporal_conditional_unet_2d	weight
down_blocks.1.motion_modules.1.temporal_transformer.transformer_blocks.0.norms.0.weight	1189	F32	640	0	identity_bytes	down_blocks.1.motion_modules.1.temporal_transformer.transformer_blocks.0.norms.0.weight	F32	640	temporal_conditional_unet_2d	weight
down_blocks.1.motion_modules.1.temporal_transformer.transformer_blocks.0.norms.1.bias	1192	F32	640	0	identity_bytes	down_blocks.1.motion_modules.1.temporal_transformer.transformer_blocks.0.norms.1.bias	F32	640	temporal_conditional_unet_2d	weight
down_blocks.1.motion_modules.1.temporal_transformer.transformer_blocks.0.norms.1.weight	1191	F32	640	0	identity_bytes	down_blocks.1.motion_modules.1.temporal_transformer.transformer_blocks.0.norms.1.weight	F32	640	temporal_conditional_unet_2d	weight
down_blocks.1.resnets.0.conv1.bias	1126	F32	640	0	identity_bytes	down_blocks.1.resnets.0.conv1.bias	F32	640	temporal_conditional_unet_2d	weight
down_blocks.1.resnets.0.conv1.weight	1125	F32	640,320,3,3	0	identity_bytes	down_blocks.1.resnets.0.conv1.weight	F32	640,320,3,3	temporal_conditional_unet_2d	weight
down_blocks.1.resnets.0.conv2.bias	1132	F32	640	0	identity_bytes	down_blocks.1.resnets.0.conv2.bias	F32	640	temporal_conditional_unet_2d	weight
down_blocks.1.resnets.0.conv2.weight	1131	F32	640,640,3,3	0	identity_bytes	down_blocks.1.resnets.0.conv2.weight	F32	640,640,3,3	temporal_conditional_unet_2d	weight
down_blocks.1.resnets.0.conv_shortcut.bias	1134	F32	640	0	identity_bytes	down_blocks.1.resnets.0.conv_shortcut.bias	F32	640	temporal_conditional_unet_2d	weight
down_blocks.1.resnets.0.conv_shortcut.weight	1133	F32	640,320,1,1	0	identity_bytes	down_blocks.1.resnets.0.conv_shortcut.weight	F32	640,320,1,1	temporal_conditional_unet_2d	weight
down_blocks.1.resnets.0.norm1.bias	1124	F32	320	0	identity_bytes	down_blocks.1.resnets.0.norm1.bias	F32	320	temporal_conditional_unet_2d	weight
down_blocks.1.resnets.0.norm1.weight	1123	F32	320	0	identity_bytes	down_blocks.1.resnets.0.norm1.weight	F32	320	temporal_conditional_unet_2d	weight
down_blocks.1.resnets.0.norm2.bias	1130	F32	640	0	identity_bytes	down_blocks.1.resnets.0.norm2.bias	F32	640	temporal_conditional_unet_2d	weight
down_blocks.1.resnets.0.norm2.weight	1129	F32	640	0	identity_bytes	down_blocks.1.resnets.0.norm2.weight	F32	640	temporal_conditional_unet_2d	weight
down_blocks.1.resnets.0.time_emb_proj.bias	1128	F32	640	0	identity_bytes	down_blocks.1.resnets.0.time_emb_proj.bias	F32	640	temporal_conditional_unet_2d	weight
down_blocks.1.resnets.0.time_emb_proj.weight	1127	F32	640,1280	0	identity_bytes	down_blocks.1.resnets.0.time_emb_proj.weight	F32	640,1280	temporal_conditional_unet_2d	weight
down_blocks.1.resnets.1.conv1.bias	1138	F32	640	0	identity_bytes	down_blocks.1.resnets.1.conv1.bias	F32	640	temporal_conditional_unet_2d	weight
down_blocks.1.resnets.1.conv1.weight	1137	F32	640,640,3,3	0	identity_bytes	down_blocks.1.resnets.1.conv1.weight	F32	640,640,3,3	temporal_conditional_unet_2d	weight
down_blocks.1.resnets.1.conv2.bias	1144	F32	640	0	identity_bytes	down_blocks.1.resnets.1.conv2.bias	F32	640	temporal_conditional_unet_2d	weight
down_blocks.1.resnets.1.conv2.weight	1143	F32	640,640,3,3	0	identity_bytes	down_blocks.1.resnets.1.conv2.weight	F32	640,640,3,3	temporal_conditional_unet_2d	weight
down_blocks.1.resnets.1.norm1.bias	1136	F32	640	0	identity_bytes	down_blocks.1.resnets.1.norm1.bias	F32	640	temporal_conditional_unet_2d	weight
down_blocks.1.resnets.1.norm1.weight	1135	F32	640	0	identity_bytes	down_blocks.1.resnets.1.norm1.weight	F32	640	temporal_conditional_unet_2d	weight
down_blocks.1.resnets.1.norm2.bias	1142	F32	640	0	identity_bytes	down_blocks.1.resnets.1.norm2.bias	F32	640	temporal_conditional_unet_2d	weight
down_blocks.1.resnets.1.norm2.weight	1141	F32	640	0	identity_bytes	down_blocks.1.resnets.1.norm2.weight	F32	640	temporal_conditional_unet_2d	weight
down_blocks.1.resnets.1.time_emb_proj.bias	1140	F32	640	0	identity_bytes	down_blocks.1.resnets.1.time_emb_proj.bias	F32	640	temporal_conditional_unet_2d	weight
down_blocks.1.resnets.1.time_emb_proj.weight	1139	F32	640,1280	0	identity_bytes	down_blocks.1.resnets.1.time_emb_proj.weight	F32	640,1280	temporal_conditional_unet_2d	weight
down_blocks.2.attentions.0.norm.bias	1204	F32	1280	0	identity_bytes	down_blocks.2.attentions.0.norm.bias	F32	1280	temporal_conditional_unet_2d	weight
down_blocks.2.attentions.0.norm.weight	1203	F32	1280	0	identity_bytes	down_blocks.2.attentions.0.norm.weight	F32	1280	temporal_conditional_unet_2d	weight
down_blocks.2.attentions.0.proj_in.bias	1206	F32	1280	0	identity_bytes	down_blocks.2.attentions.0.proj_in.bias	F32	1280	temporal_conditional_unet_2d	weight
down_blocks.2.attentions.0.proj_in.weight	1205	F32	1280,1280,1,1	0	identity_bytes	down_blocks.2.attentions.0.proj_in.weight	F32	1280,1280,1,1	temporal_conditional_unet_2d	weight
down_blocks.2.attentions.0.proj_out.bias	1228	F32	1280	0	identity_bytes	down_blocks.2.attentions.0.proj_out.bias	F32	1280	temporal_conditional_unet_2d	weight
down_blocks.2.attentions.0.proj_out.weight	1227	F32	1280,1280,1,1	0	identity_bytes	down_blocks.2.attentions.0.proj_out.weight	F32	1280,1280,1,1	temporal_conditional_unet_2d	weight
down_blocks.2.attentions.0.transformer_blocks.0.attn1.to_k.weight	1210	F32	1280,1280	0	identity_bytes	down_blocks.2.attentions.0.transformer_blocks.0.attn1.to_k.weight	F32	1280,1280	temporal_conditional_unet_2d	weight
down_blocks.2.attentions.0.transformer_blocks.0.attn1.to_out.0.bias	1213	F32	1280	0	identity_bytes	down_blocks.2.attentions.0.transformer_blocks.0.attn1.to_out.0.bias	F32	1280	temporal_conditional_unet_2d	weight
down_blocks.2.attentions.0.transformer_blocks.0.attn1.to_out.0.weight	1212	F32	1280,1280	0	identity_bytes	down_blocks.2.attentions.0.transformer_blocks.0.attn1.to_out.0.weight	F32	1280,1280	temporal_conditional_unet_2d	weight
down_blocks.2.attentions.0.transformer_blocks.0.attn1.to_q.weight	1209	F32	1280,1280	0	identity_bytes	down_blocks.2.attentions.0.transformer_blocks.0.attn1.to_q.weight	F32	1280,1280	temporal_conditional_unet_2d	weight
down_blocks.2.attentions.0.transformer_blocks.0.attn1.to_v.weight	1211	F32	1280,1280	0	identity_bytes	down_blocks.2.attentions.0.transformer_blocks.0.attn1.to_v.weight	F32	1280,1280	temporal_conditional_unet_2d	weight
down_blocks.2.attentions.0.transformer_blocks.0.attn2.to_k.weight	1217	F32	1280,384	0	identity_bytes	down_blocks.2.attentions.0.transformer_blocks.0.attn2.to_k.weight	F32	1280,384	temporal_conditional_unet_2d	weight
down_blocks.2.attentions.0.transformer_blocks.0.attn2.to_out.0.bias	1220	F32	1280	0	identity_bytes	down_blocks.2.attentions.0.transformer_blocks.0.attn2.to_out.0.bias	F32	1280	temporal_conditional_unet_2d	weight
down_blocks.2.attentions.0.transformer_blocks.0.attn2.to_out.0.weight	1219	F32	1280,1280	0	identity_bytes	down_blocks.2.attentions.0.transformer_blocks.0.attn2.to_out.0.weight	F32	1280,1280	temporal_conditional_unet_2d	weight
down_blocks.2.attentions.0.transformer_blocks.0.attn2.to_q.weight	1216	F32	1280,1280	0	identity_bytes	down_blocks.2.attentions.0.transformer_blocks.0.attn2.to_q.weight	F32	1280,1280	temporal_conditional_unet_2d	weight
down_blocks.2.attentions.0.transformer_blocks.0.attn2.to_v.weight	1218	F32	1280,384	0	identity_bytes	down_blocks.2.attentions.0.transformer_blocks.0.attn2.to_v.weight	F32	1280,384	temporal_conditional_unet_2d	weight
down_blocks.2.attentions.0.transformer_blocks.0.ff.net.0.proj.bias	1222	F32	10240	0	identity_bytes	down_blocks.2.attentions.0.transformer_blocks.0.ff.net.0.proj.bias	F32	10240	temporal_conditional_unet_2d	weight
down_blocks.2.attentions.0.transformer_blocks.0.ff.net.0.proj.weight	1221	F32	10240,1280	0	identity_bytes	down_blocks.2.attentions.0.transformer_blocks.0.ff.net.0.proj.weight	F32	10240,1280	temporal_conditional_unet_2d	weight
down_blocks.2.attentions.0.transformer_blocks.0.ff.net.2.bias	1224	F32	1280	0	identity_bytes	down_blocks.2.attentions.0.transformer_blocks.0.ff.net.2.bias	F32	1280	temporal_conditional_unet_2d	weight
down_blocks.2.attentions.0.transformer_blocks.0.ff.net.2.weight	1223	F32	1280,5120	0	identity_bytes	down_blocks.2.attentions.0.transformer_blocks.0.ff.net.2.weight	F32	1280,5120	temporal_conditional_unet_2d	weight
down_blocks.2.attentions.0.transformer_blocks.0.norm1.bias	1208	F32	1280	0	identity_bytes	down_blocks.2.attentions.0.transformer_blocks.0.norm1.bias	F32	1280	temporal_conditional_unet_2d	weight
down_blocks.2.attentions.0.transformer_blocks.0.norm1.weight	1207	F32	1280	0	identity_bytes	down_blocks.2.attentions.0.transformer_blocks.0.norm1.weight	F32	1280	temporal_conditional_unet_2d	weight
down_blocks.2.attentions.0.transformer_blocks.0.norm2.bias	1215	F32	1280	0	identity_bytes	down_blocks.2.attentions.0.transformer_blocks.0.norm2.bias	F32	1280	temporal_conditional_unet_2d	weight
down_blocks.2.attentions.0.transformer_blocks.0.norm2.weight	1214	F32	1280	0	identity_bytes	down_blocks.2.attentions.0.transformer_blocks.0.norm2.weight	F32	1280	temporal_conditional_unet_2d	weight
down_blocks.2.attentions.0.transformer_blocks.0.norm3.bias	1226	F32	1280	0	identity_bytes	down_blocks.2.attentions.0.transformer_blocks.0.norm3.bias	F32	1280	temporal_conditional_unet_2d	weight
down_blocks.2.attentions.0.transformer_blocks.0.norm3.weight	1225	F32	1280	0	identity_bytes	down_blocks.2.attentions.0.transformer_blocks.0.norm3.weight	F32	1280	temporal_conditional_unet_2d	weight
down_blocks.2.attentions.1.norm.bias	1230	F32	1280	0	identity_bytes	down_blocks.2.attentions.1.norm.bias	F32	1280	temporal_conditional_unet_2d	weight
down_blocks.2.attentions.1.norm.weight	1229	F32	1280	0	identity_bytes	down_blocks.2.attentions.1.norm.weight	F32	1280	temporal_conditional_unet_2d	weight
down_blocks.2.attentions.1.proj_in.bias	1232	F32	1280	0	identity_bytes	down_blocks.2.attentions.1.proj_in.bias	F32	1280	temporal_conditional_unet_2d	weight
down_blocks.2.attentions.1.proj_in.weight	1231	F32	1280,1280,1,1	0	identity_bytes	down_blocks.2.attentions.1.proj_in.weight	F32	1280,1280,1,1	temporal_conditional_unet_2d	weight
down_blocks.2.attentions.1.proj_out.bias	8	F32	1280	0	identity_bytes	down_blocks.2.attentions.1.proj_out.bias	F32	1280	temporal_conditional_unet_2d	weight
down_blocks.2.attentions.1.proj_out.weight	7	F32	1280,1280,1,1	0	identity_bytes	down_blocks.2.attentions.1.proj_out.weight	F32	1280,1280,1,1	temporal_conditional_unet_2d	weight
down_blocks.2.attentions.1.transformer_blocks.0.attn1.to_k.weight	1236	F32	1280,1280	0	identity_bytes	down_blocks.2.attentions.1.transformer_blocks.0.attn1.to_k.weight	F32	1280,1280	temporal_conditional_unet_2d	weight
down_blocks.2.attentions.1.transformer_blocks.0.attn1.to_out.0.bias	1239	F32	1280	0	identity_bytes	down_blocks.2.attentions.1.transformer_blocks.0.attn1.to_out.0.bias	F32	1280	temporal_conditional_unet_2d	weight
down_blocks.2.attentions.1.transformer_blocks.0.attn1.to_out.0.weight	1238	F32	1280,1280	0	identity_bytes	down_blocks.2.attentions.1.transformer_blocks.0.attn1.to_out.0.weight	F32	1280,1280	temporal_conditional_unet_2d	weight
down_blocks.2.attentions.1.transformer_blocks.0.attn1.to_q.weight	1235	F32	1280,1280	0	identity_bytes	down_blocks.2.attentions.1.transformer_blocks.0.attn1.to_q.weight	F32	1280,1280	temporal_conditional_unet_2d	weight
down_blocks.2.attentions.1.transformer_blocks.0.attn1.to_v.weight	1237	F32	1280,1280	0	identity_bytes	down_blocks.2.attentions.1.transformer_blocks.0.attn1.to_v.weight	F32	1280,1280	temporal_conditional_unet_2d	weight
down_blocks.2.attentions.1.transformer_blocks.0.attn2.to_k.weight	1243	F32	1280,384	0	identity_bytes	down_blocks.2.attentions.1.transformer_blocks.0.attn2.to_k.weight	F32	1280,384	temporal_conditional_unet_2d	weight
down_blocks.2.attentions.1.transformer_blocks.0.attn2.to_out.0.bias	0	F32	1280	0	identity_bytes	down_blocks.2.attentions.1.transformer_blocks.0.attn2.to_out.0.bias	F32	1280	temporal_conditional_unet_2d	weight
down_blocks.2.attentions.1.transformer_blocks.0.attn2.to_out.0.weight	1245	F32	1280,1280	0	identity_bytes	down_blocks.2.attentions.1.transformer_blocks.0.attn2.to_out.0.weight	F32	1280,1280	temporal_conditional_unet_2d	weight
down_blocks.2.attentions.1.transformer_blocks.0.attn2.to_q.weight	1242	F32	1280,1280	0	identity_bytes	down_blocks.2.attentions.1.transformer_blocks.0.attn2.to_q.weight	F32	1280,1280	temporal_conditional_unet_2d	weight
down_blocks.2.attentions.1.transformer_blocks.0.attn2.to_v.weight	1244	F32	1280,384	0	identity_bytes	down_blocks.2.attentions.1.transformer_blocks.0.attn2.to_v.weight	F32	1280,384	temporal_conditional_unet_2d	weight
down_blocks.2.attentions.1.transformer_blocks.0.ff.net.0.proj.bias	2	F32	10240	0	identity_bytes	down_blocks.2.attentions.1.transformer_blocks.0.ff.net.0.proj.bias	F32	10240	temporal_conditional_unet_2d	weight
down_blocks.2.attentions.1.transformer_blocks.0.ff.net.0.proj.weight	1	F32	10240,1280	0	identity_bytes	down_blocks.2.attentions.1.transformer_blocks.0.ff.net.0.proj.weight	F32	10240,1280	temporal_conditional_unet_2d	weight
down_blocks.2.attentions.1.transformer_blocks.0.ff.net.2.bias	4	F32	1280	0	identity_bytes	down_blocks.2.attentions.1.transformer_blocks.0.ff.net.2.bias	F32	1280	temporal_conditional_unet_2d	weight
down_blocks.2.attentions.1.transformer_blocks.0.ff.net.2.weight	3	F32	1280,5120	0	identity_bytes	down_blocks.2.attentions.1.transformer_blocks.0.ff.net.2.weight	F32	1280,5120	temporal_conditional_unet_2d	weight
down_blocks.2.attentions.1.transformer_blocks.0.norm1.bias	1234	F32	1280	0	identity_bytes	down_blocks.2.attentions.1.transformer_blocks.0.norm1.bias	F32	1280	temporal_conditional_unet_2d	weight
down_blocks.2.attentions.1.transformer_blocks.0.norm1.weight	1233	F32	1280	0	identity_bytes	down_blocks.2.attentions.1.transformer_blocks.0.norm1.weight	F32	1280	temporal_conditional_unet_2d	weight
down_blocks.2.attentions.1.transformer_blocks.0.norm2.bias	1241	F32	1280	0	identity_bytes	down_blocks.2.attentions.1.transformer_blocks.0.norm2.bias	F32	1280	temporal_conditional_unet_2d	weight
down_blocks.2.attentions.1.transformer_blocks.0.norm2.weight	1240	F32	1280	0	identity_bytes	down_blocks.2.attentions.1.transformer_blocks.0.norm2.weight	F32	1280	temporal_conditional_unet_2d	weight
down_blocks.2.attentions.1.transformer_blocks.0.norm3.bias	6	F32	1280	0	identity_bytes	down_blocks.2.attentions.1.transformer_blocks.0.norm3.bias	F32	1280	temporal_conditional_unet_2d	weight
down_blocks.2.attentions.1.transformer_blocks.0.norm3.weight	5	F32	1280	0	identity_bytes	down_blocks.2.attentions.1.transformer_blocks.0.norm3.weight	F32	1280	temporal_conditional_unet_2d	weight
down_blocks.2.downsamplers.0.conv.bias	88	F32	1280	0	identity_bytes	down_blocks.2.downsamplers.0.conv.bias	F32	1280	temporal_conditional_unet_2d	weight
down_blocks.2.downsamplers.0.conv.weight	87	F32	1280,1280,3,3	0	identity_bytes	down_blocks.2.downsamplers.0.conv.weight	F32	1280,1280,3,3	temporal_conditional_unet_2d	weight
down_blocks.2.motion_modules.0.temporal_transformer.norm.bias	32	F32	1280	0	identity_bytes	down_blocks.2.motion_modules.0.temporal_transformer.norm.bias	F32	1280	temporal_conditional_unet_2d	weight
down_blocks.2.motion_modules.0.temporal_transformer.norm.weight	31	F32	1280	0	identity_bytes	down_blocks.2.motion_modules.0.temporal_transformer.norm.weight	F32	1280	temporal_conditional_unet_2d	weight
down_blocks.2.motion_modules.0.temporal_transformer.proj_in.bias	34	F32	1280	0	identity_bytes	down_blocks.2.motion_modules.0.temporal_transformer.proj_in.bias	F32	1280	temporal_conditional_unet_2d	weight
down_blocks.2.motion_modules.0.temporal_transformer.proj_in.weight	33	F32	1280,1280	0	identity_bytes	down_blocks.2.motion_modules.0.temporal_transformer.proj_in.weight	F32	1280,1280	temporal_conditional_unet_2d	weight
down_blocks.2.motion_modules.0.temporal_transformer.proj_out.bias	58	F32	1280	0	identity_bytes	down_blocks.2.motion_modules.0.temporal_transformer.proj_out.bias	F32	1280	temporal_conditional_unet_2d	weight
down_blocks.2.motion_modules.0.temporal_transformer.proj_out.weight	57	F32	1280,1280	0	identity_bytes	down_blocks.2.motion_modules.0.temporal_transformer.proj_out.weight	F32	1280,1280	temporal_conditional_unet_2d	weight
down_blocks.2.motion_modules.0.temporal_transformer.transformer_blocks.0.attention_blocks.0.pos_encoder.pe	40	F32	1,24,1280	0	identity_bytes	down_blocks.2.motion_modules.0.temporal_transformer.transformer_blocks.0.attention_blocks.0.pos_encoder.pe	F32	1,24,1280	temporal_conditional_unet_2d	weight
down_blocks.2.motion_modules.0.temporal_transformer.transformer_blocks.0.attention_blocks.0.to_k.weight	36	F32	1280,1280	0	identity_bytes	down_blocks.2.motion_modules.0.temporal_transformer.transformer_blocks.0.attention_blocks.0.to_k.weight	F32	1280,1280	temporal_conditional_unet_2d	weight
down_blocks.2.motion_modules.0.temporal_transformer.transformer_blocks.0.attention_blocks.0.to_out.0.bias	39	F32	1280	0	identity_bytes	down_blocks.2.motion_modules.0.temporal_transformer.transformer_blocks.0.attention_blocks.0.to_out.0.bias	F32	1280	temporal_conditional_unet_2d	weight
down_blocks.2.motion_modules.0.temporal_transformer.transformer_blocks.0.attention_blocks.0.to_out.0.weight	38	F32	1280,1280	0	identity_bytes	down_blocks.2.motion_modules.0.temporal_transformer.transformer_blocks.0.attention_blocks.0.to_out.0.weight	F32	1280,1280	temporal_conditional_unet_2d	weight
down_blocks.2.motion_modules.0.temporal_transformer.transformer_blocks.0.attention_blocks.0.to_q.weight	35	F32	1280,1280	0	identity_bytes	down_blocks.2.motion_modules.0.temporal_transformer.transformer_blocks.0.attention_blocks.0.to_q.weight	F32	1280,1280	temporal_conditional_unet_2d	weight
down_blocks.2.motion_modules.0.temporal_transformer.transformer_blocks.0.attention_blocks.0.to_v.weight	37	F32	1280,1280	0	identity_bytes	down_blocks.2.motion_modules.0.temporal_transformer.transformer_blocks.0.attention_blocks.0.to_v.weight	F32	1280,1280	temporal_conditional_unet_2d	weight
down_blocks.2.motion_modules.0.temporal_transformer.transformer_blocks.0.attention_blocks.1.pos_encoder.pe	46	F32	1,24,1280	0	identity_bytes	down_blocks.2.motion_modules.0.temporal_transformer.transformer_blocks.0.attention_blocks.1.pos_encoder.pe	F32	1,24,1280	temporal_conditional_unet_2d	weight
down_blocks.2.motion_modules.0.temporal_transformer.transformer_blocks.0.attention_blocks.1.to_k.weight	42	F32	1280,1280	0	identity_bytes	down_blocks.2.motion_modules.0.temporal_transformer.transformer_blocks.0.attention_blocks.1.to_k.weight	F32	1280,1280	temporal_conditional_unet_2d	weight
down_blocks.2.motion_modules.0.temporal_transformer.transformer_blocks.0.attention_blocks.1.to_out.0.bias	45	F32	1280	0	identity_bytes	down_blocks.2.motion_modules.0.temporal_transformer.transformer_blocks.0.attention_blocks.1.to_out.0.bias	F32	1280	temporal_conditional_unet_2d	weight
down_blocks.2.motion_modules.0.temporal_transformer.transformer_blocks.0.attention_blocks.1.to_out.0.weight	44	F32	1280,1280	0	identity_bytes	down_blocks.2.motion_modules.0.temporal_transformer.transformer_blocks.0.attention_blocks.1.to_out.0.weight	F32	1280,1280	temporal_conditional_unet_2d	weight
down_blocks.2.motion_modules.0.temporal_transformer.transformer_blocks.0.attention_blocks.1.to_q.weight	41	F32	1280,1280	0	identity_bytes	down_blocks.2.motion_modules.0.temporal_transformer.transformer_blocks.0.attention_blocks.1.to_q.weight	F32	1280,1280	temporal_conditional_unet_2d	weight
down_blocks.2.motion_modules.0.temporal_transformer.transformer_blocks.0.attention_blocks.1.to_v.weight	43	F32	1280,1280	0	identity_bytes	down_blocks.2.motion_modules.0.temporal_transformer.transformer_blocks.0.attention_blocks.1.to_v.weight	F32	1280,1280	temporal_conditional_unet_2d	weight
down_blocks.2.motion_modules.0.temporal_transformer.transformer_blocks.0.ff.net.0.proj.bias	52	F32	10240	0	identity_bytes	down_blocks.2.motion_modules.0.temporal_transformer.transformer_blocks.0.ff.net.0.proj.bias	F32	10240	temporal_conditional_unet_2d	weight
down_blocks.2.motion_modules.0.temporal_transformer.transformer_blocks.0.ff.net.0.proj.weight	51	F32	10240,1280	0	identity_bytes	down_blocks.2.motion_modules.0.temporal_transformer.transformer_blocks.0.ff.net.0.proj.weight	F32	10240,1280	temporal_conditional_unet_2d	weight
down_blocks.2.motion_modules.0.temporal_transformer.transformer_blocks.0.ff.net.2.bias	54	F32	1280	0	identity_bytes	down_blocks.2.motion_modules.0.temporal_transformer.transformer_blocks.0.ff.net.2.bias	F32	1280	temporal_conditional_unet_2d	weight
down_blocks.2.motion_modules.0.temporal_transformer.transformer_blocks.0.ff.net.2.weight	53	F32	1280,5120	0	identity_bytes	down_blocks.2.motion_modules.0.temporal_transformer.transformer_blocks.0.ff.net.2.weight	F32	1280,5120	temporal_conditional_unet_2d	weight
down_blocks.2.motion_modules.0.temporal_transformer.transformer_blocks.0.ff_norm.bias	56	F32	1280	0	identity_bytes	down_blocks.2.motion_modules.0.temporal_transformer.transformer_blocks.0.ff_norm.bias	F32	1280	temporal_conditional_unet_2d	weight
down_blocks.2.motion_modules.0.temporal_transformer.transformer_blocks.0.ff_norm.weight	55	F32	1280	0	identity_bytes	down_blocks.2.motion_modules.0.temporal_transformer.transformer_blocks.0.ff_norm.weight	F32	1280	temporal_conditional_unet_2d	weight
down_blocks.2.motion_modules.0.temporal_transformer.transformer_blocks.0.norms.0.bias	48	F32	1280	0	identity_bytes	down_blocks.2.motion_modules.0.temporal_transformer.transformer_blocks.0.norms.0.bias	F32	1280	temporal_conditional_unet_2d	weight
down_blocks.2.motion_modules.0.temporal_transformer.transformer_blocks.0.norms.0.weight	47	F32	1280	0	identity_bytes	down_blocks.2.motion_modules.0.temporal_transformer.transformer_blocks.0.norms.0.weight	F32	1280	temporal_conditional_unet_2d	weight
down_blocks.2.motion_modules.0.temporal_transformer.transformer_blocks.0.norms.1.bias	50	F32	1280	0	identity_bytes	down_blocks.2.motion_modules.0.temporal_transformer.transformer_blocks.0.norms.1.bias	F32	1280	temporal_conditional_unet_2d	weight
down_blocks.2.motion_modules.0.temporal_transformer.transformer_blocks.0.norms.1.weight	49	F32	1280	0	identity_bytes	down_blocks.2.motion_modules.0.temporal_transformer.transformer_blocks.0.norms.1.weight	F32	1280	temporal_conditional_unet_2d	weight
down_blocks.2.motion_modules.1.temporal_transformer.norm.bias	60	F32	1280	0	identity_bytes	down_blocks.2.motion_modules.1.temporal_transformer.norm.bias	F32	1280	temporal_conditional_unet_2d	weight
down_blocks.2.motion_modules.1.temporal_transformer.norm.weight	59	F32	1280	0	identity_bytes	down_blocks.2.motion_modules.1.temporal_transformer.norm.weight	F32	1280	temporal_conditional_unet_2d	weight
down_blocks.2.motion_modules.1.temporal_transformer.proj_in.bias	62	F32	1280	0	identity_bytes	down_blocks.2.motion_modules.1.temporal_transformer.proj_in.bias	F32	1280	temporal_conditional_unet_2d	weight
down_blocks.2.motion_modules.1.temporal_transformer.proj_in.weight	61	F32	1280,1280	0	identity_bytes	down_blocks.2.motion_modules.1.temporal_transformer.proj_in.weight	F32	1280,1280	temporal_conditional_unet_2d	weight
down_blocks.2.motion_modules.1.temporal_transformer.proj_out.bias	86	F32	1280	0	identity_bytes	down_blocks.2.motion_modules.1.temporal_transformer.proj_out.bias	F32	1280	temporal_conditional_unet_2d	weight
down_blocks.2.motion_modules.1.temporal_transformer.proj_out.weight	85	F32	1280,1280	0	identity_bytes	down_blocks.2.motion_modules.1.temporal_transformer.proj_out.weight	F32	1280,1280	temporal_conditional_unet_2d	weight
down_blocks.2.motion_modules.1.temporal_transformer.transformer_blocks.0.attention_blocks.0.pos_encoder.pe	68	F32	1,24,1280	0	identity_bytes	down_blocks.2.motion_modules.1.temporal_transformer.transformer_blocks.0.attention_blocks.0.pos_encoder.pe	F32	1,24,1280	temporal_conditional_unet_2d	weight
down_blocks.2.motion_modules.1.temporal_transformer.transformer_blocks.0.attention_blocks.0.to_k.weight	64	F32	1280,1280	0	identity_bytes	down_blocks.2.motion_modules.1.temporal_transformer.transformer_blocks.0.attention_blocks.0.to_k.weight	F32	1280,1280	temporal_conditional_unet_2d	weight
down_blocks.2.motion_modules.1.temporal_transformer.transformer_blocks.0.attention_blocks.0.to_out.0.bias	67	F32	1280	0	identity_bytes	down_blocks.2.motion_modules.1.temporal_transformer.transformer_blocks.0.attention_blocks.0.to_out.0.bias	F32	1280	temporal_conditional_unet_2d	weight
down_blocks.2.motion_modules.1.temporal_transformer.transformer_blocks.0.attention_blocks.0.to_out.0.weight	66	F32	1280,1280	0	identity_bytes	down_blocks.2.motion_modules.1.temporal_transformer.transformer_blocks.0.attention_blocks.0.to_out.0.weight	F32	1280,1280	temporal_conditional_unet_2d	weight
down_blocks.2.motion_modules.1.temporal_transformer.transformer_blocks.0.attention_blocks.0.to_q.weight	63	F32	1280,1280	0	identity_bytes	down_blocks.2.motion_modules.1.temporal_transformer.transformer_blocks.0.attention_blocks.0.to_q.weight	F32	1280,1280	temporal_conditional_unet_2d	weight
down_blocks.2.motion_modules.1.temporal_transformer.transformer_blocks.0.attention_blocks.0.to_v.weight	65	F32	1280,1280	0	identity_bytes	down_blocks.2.motion_modules.1.temporal_transformer.transformer_blocks.0.attention_blocks.0.to_v.weight	F32	1280,1280	temporal_conditional_unet_2d	weight
down_blocks.2.motion_modules.1.temporal_transformer.transformer_blocks.0.attention_blocks.1.pos_encoder.pe	74	F32	1,24,1280	0	identity_bytes	down_blocks.2.motion_modules.1.temporal_transformer.transformer_blocks.0.attention_blocks.1.pos_encoder.pe	F32	1,24,1280	temporal_conditional_unet_2d	weight
down_blocks.2.motion_modules.1.temporal_transformer.transformer_blocks.0.attention_blocks.1.to_k.weight	70	F32	1280,1280	0	identity_bytes	down_blocks.2.motion_modules.1.temporal_transformer.transformer_blocks.0.attention_blocks.1.to_k.weight	F32	1280,1280	temporal_conditional_unet_2d	weight
down_blocks.2.motion_modules.1.temporal_transformer.transformer_blocks.0.attention_blocks.1.to_out.0.bias	73	F32	1280	0	identity_bytes	down_blocks.2.motion_modules.1.temporal_transformer.transformer_blocks.0.attention_blocks.1.to_out.0.bias	F32	1280	temporal_conditional_unet_2d	weight
down_blocks.2.motion_modules.1.temporal_transformer.transformer_blocks.0.attention_blocks.1.to_out.0.weight	72	F32	1280,1280	0	identity_bytes	down_blocks.2.motion_modules.1.temporal_transformer.transformer_blocks.0.attention_blocks.1.to_out.0.weight	F32	1280,1280	temporal_conditional_unet_2d	weight
down_blocks.2.motion_modules.1.temporal_transformer.transformer_blocks.0.attention_blocks.1.to_q.weight	69	F32	1280,1280	0	identity_bytes	down_blocks.2.motion_modules.1.temporal_transformer.transformer_blocks.0.attention_blocks.1.to_q.weight	F32	1280,1280	temporal_conditional_unet_2d	weight
down_blocks.2.motion_modules.1.temporal_transformer.transformer_blocks.0.attention_blocks.1.to_v.weight	71	F32	1280,1280	0	identity_bytes	down_blocks.2.motion_modules.1.temporal_transformer.transformer_blocks.0.attention_blocks.1.to_v.weight	F32	1280,1280	temporal_conditional_unet_2d	weight
down_blocks.2.motion_modules.1.temporal_transformer.transformer_blocks.0.ff.net.0.proj.bias	80	F32	10240	0	identity_bytes	down_blocks.2.motion_modules.1.temporal_transformer.transformer_blocks.0.ff.net.0.proj.bias	F32	10240	temporal_conditional_unet_2d	weight
down_blocks.2.motion_modules.1.temporal_transformer.transformer_blocks.0.ff.net.0.proj.weight	79	F32	10240,1280	0	identity_bytes	down_blocks.2.motion_modules.1.temporal_transformer.transformer_blocks.0.ff.net.0.proj.weight	F32	10240,1280	temporal_conditional_unet_2d	weight
down_blocks.2.motion_modules.1.temporal_transformer.transformer_blocks.0.ff.net.2.bias	82	F32	1280	0	identity_bytes	down_blocks.2.motion_modules.1.temporal_transformer.transformer_blocks.0.ff.net.2.bias	F32	1280	temporal_conditional_unet_2d	weight
down_blocks.2.motion_modules.1.temporal_transformer.transformer_blocks.0.ff.net.2.weight	81	F32	1280,5120	0	identity_bytes	down_blocks.2.motion_modules.1.temporal_transformer.transformer_blocks.0.ff.net.2.weight	F32	1280,5120	temporal_conditional_unet_2d	weight
down_blocks.2.motion_modules.1.temporal_transformer.transformer_blocks.0.ff_norm.bias	84	F32	1280	0	identity_bytes	down_blocks.2.motion_modules.1.temporal_transformer.transformer_blocks.0.ff_norm.bias	F32	1280	temporal_conditional_unet_2d	weight
down_blocks.2.motion_modules.1.temporal_transformer.transformer_blocks.0.ff_norm.weight	83	F32	1280	0	identity_bytes	down_blocks.2.motion_modules.1.temporal_transformer.transformer_blocks.0.ff_norm.weight	F32	1280	temporal_conditional_unet_2d	weight
down_blocks.2.motion_modules.1.temporal_transformer.transformer_blocks.0.norms.0.bias	76	F32	1280	0	identity_bytes	down_blocks.2.motion_modules.1.temporal_transformer.transformer_blocks.0.norms.0.bias	F32	1280	temporal_conditional_unet_2d	weight
down_blocks.2.motion_modules.1.temporal_transformer.transformer_blocks.0.norms.0.weight	75	F32	1280	0	identity_bytes	down_blocks.2.motion_modules.1.temporal_transformer.transformer_blocks.0.norms.0.weight	F32	1280	temporal_conditional_unet_2d	weight
down_blocks.2.motion_modules.1.temporal_transformer.transformer_blocks.0.norms.1.bias	78	F32	1280	0	identity_bytes	down_blocks.2.motion_modules.1.temporal_transformer.transformer_blocks.0.norms.1.bias	F32	1280	temporal_conditional_unet_2d	weight
down_blocks.2.motion_modules.1.temporal_transformer.transformer_blocks.0.norms.1.weight	77	F32	1280	0	identity_bytes	down_blocks.2.motion_modules.1.temporal_transformer.transformer_blocks.0.norms.1.weight	F32	1280	temporal_conditional_unet_2d	weight
down_blocks.2.resnets.0.conv1.bias	12	F32	1280	0	identity_bytes	down_blocks.2.resnets.0.conv1.bias	F32	1280	temporal_conditional_unet_2d	weight
down_blocks.2.resnets.0.conv1.weight	11	F32	1280,640,3,3	0	identity_bytes	down_blocks.2.resnets.0.conv1.weight	F32	1280,640,3,3	temporal_conditional_unet_2d	weight
down_blocks.2.resnets.0.conv2.bias	18	F32	1280	0	identity_bytes	down_blocks.2.resnets.0.conv2.bias	F32	1280	temporal_conditional_unet_2d	weight
down_blocks.2.resnets.0.conv2.weight	17	F32	1280,1280,3,3	0	identity_bytes	down_blocks.2.resnets.0.conv2.weight	F32	1280,1280,3,3	temporal_conditional_unet_2d	weight
down_blocks.2.resnets.0.conv_shortcut.bias	20	F32	1280	0	identity_bytes	down_blocks.2.resnets.0.conv_shortcut.bias	F32	1280	temporal_conditional_unet_2d	weight
down_blocks.2.resnets.0.conv_shortcut.weight	19	F32	1280,640,1,1	0	identity_bytes	down_blocks.2.resnets.0.conv_shortcut.weight	F32	1280,640,1,1	temporal_conditional_unet_2d	weight
down_blocks.2.resnets.0.norm1.bias	10	F32	640	0	identity_bytes	down_blocks.2.resnets.0.norm1.bias	F32	640	temporal_conditional_unet_2d	weight
down_blocks.2.resnets.0.norm1.weight	9	F32	640	0	identity_bytes	down_blocks.2.resnets.0.norm1.weight	F32	640	temporal_conditional_unet_2d	weight
down_blocks.2.resnets.0.norm2.bias	16	F32	1280	0	identity_bytes	down_blocks.2.resnets.0.norm2.bias	F32	1280	temporal_conditional_unet_2d	weight
down_blocks.2.resnets.0.norm2.weight	15	F32	1280	0	identity_bytes	down_blocks.2.resnets.0.norm2.weight	F32	1280	temporal_conditional_unet_2d	weight
down_blocks.2.resnets.0.time_emb_proj.bias	14	F32	1280	0	identity_bytes	down_blocks.2.resnets.0.time_emb_proj.bias	F32	1280	temporal_conditional_unet_2d	weight
down_blocks.2.resnets.0.time_emb_proj.weight	13	F32	1280,1280	0	identity_bytes	down_blocks.2.resnets.0.time_emb_proj.weight	F32	1280,1280	temporal_conditional_unet_2d	weight
down_blocks.2.resnets.1.conv1.bias	24	F32	1280	0	identity_bytes	down_blocks.2.resnets.1.conv1.bias	F32	1280	temporal_conditional_unet_2d	weight
down_blocks.2.resnets.1.conv1.weight	23	F32	1280,1280,3,3	0	identity_bytes	down_blocks.2.resnets.1.conv1.weight	F32	1280,1280,3,3	temporal_conditional_unet_2d	weight
down_blocks.2.resnets.1.conv2.bias	30	F32	1280	0	identity_bytes	down_blocks.2.resnets.1.conv2.bias	F32	1280	temporal_conditional_unet_2d	weight
down_blocks.2.resnets.1.conv2.weight	29	F32	1280,1280,3,3	0	identity_bytes	down_blocks.2.resnets.1.conv2.weight	F32	1280,1280,3,3	temporal_conditional_unet_2d	weight
down_blocks.2.resnets.1.norm1.bias	22	F32	1280	0	identity_bytes	down_blocks.2.resnets.1.norm1.bias	F32	1280	temporal_conditional_unet_2d	weight
down_blocks.2.resnets.1.norm1.weight	21	F32	1280	0	identity_bytes	down_blocks.2.resnets.1.norm1.weight	F32	1280	temporal_conditional_unet_2d	weight
down_blocks.2.resnets.1.norm2.bias	28	F32	1280	0	identity_bytes	down_blocks.2.resnets.1.norm2.bias	F32	1280	temporal_conditional_unet_2d	weight
down_blocks.2.resnets.1.norm2.weight	27	F32	1280	0	identity_bytes	down_blocks.2.resnets.1.norm2.weight	F32	1280	temporal_conditional_unet_2d	weight
down_blocks.2.resnets.1.time_emb_proj.bias	26	F32	1280	0	identity_bytes	down_blocks.2.resnets.1.time_emb_proj.bias	F32	1280	temporal_conditional_unet_2d	weight
down_blocks.2.resnets.1.time_emb_proj.weight	25	F32	1280,1280	0	identity_bytes	down_blocks.2.resnets.1.time_emb_proj.weight	F32	1280,1280	temporal_conditional_unet_2d	weight
down_blocks.3.motion_modules.0.temporal_transformer.norm.bias	110	F32	1280	0	identity_bytes	down_blocks.3.motion_modules.0.temporal_transformer.norm.bias	F32	1280	temporal_conditional_unet_2d	weight
down_blocks.3.motion_modules.0.temporal_transformer.norm.weight	109	F32	1280	0	identity_bytes	down_blocks.3.motion_modules.0.temporal_transformer.norm.weight	F32	1280	temporal_conditional_unet_2d	weight
down_blocks.3.motion_modules.0.temporal_transformer.proj_in.bias	112	F32	1280	0	identity_bytes	down_blocks.3.motion_modules.0.temporal_transformer.proj_in.bias	F32	1280	temporal_conditional_unet_2d	weight
down_blocks.3.motion_modules.0.temporal_transformer.proj_in.weight	111	F32	1280,1280	0	identity_bytes	down_blocks.3.motion_modules.0.temporal_transformer.proj_in.weight	F32	1280,1280	temporal_conditional_unet_2d	weight
down_blocks.3.motion_modules.0.temporal_transformer.proj_out.bias	136	F32	1280	0	identity_bytes	down_blocks.3.motion_modules.0.temporal_transformer.proj_out.bias	F32	1280	temporal_conditional_unet_2d	weight
down_blocks.3.motion_modules.0.temporal_transformer.proj_out.weight	135	F32	1280,1280	0	identity_bytes	down_blocks.3.motion_modules.0.temporal_transformer.proj_out.weight	F32	1280,1280	temporal_conditional_unet_2d	weight
down_blocks.3.motion_modules.0.temporal_transformer.transformer_blocks.0.attention_blocks.0.pos_encoder.pe	118	F32	1,24,1280	0	identity_bytes	down_blocks.3.motion_modules.0.temporal_transformer.transformer_blocks.0.attention_blocks.0.pos_encoder.pe	F32	1,24,1280	temporal_conditional_unet_2d	weight
down_blocks.3.motion_modules.0.temporal_transformer.transformer_blocks.0.attention_blocks.0.to_k.weight	114	F32	1280,1280	0	identity_bytes	down_blocks.3.motion_modules.0.temporal_transformer.transformer_blocks.0.attention_blocks.0.to_k.weight	F32	1280,1280	temporal_conditional_unet_2d	weight
down_blocks.3.motion_modules.0.temporal_transformer.transformer_blocks.0.attention_blocks.0.to_out.0.bias	117	F32	1280	0	identity_bytes	down_blocks.3.motion_modules.0.temporal_transformer.transformer_blocks.0.attention_blocks.0.to_out.0.bias	F32	1280	temporal_conditional_unet_2d	weight
down_blocks.3.motion_modules.0.temporal_transformer.transformer_blocks.0.attention_blocks.0.to_out.0.weight	116	F32	1280,1280	0	identity_bytes	down_blocks.3.motion_modules.0.temporal_transformer.transformer_blocks.0.attention_blocks.0.to_out.0.weight	F32	1280,1280	temporal_conditional_unet_2d	weight
down_blocks.3.motion_modules.0.temporal_transformer.transformer_blocks.0.attention_blocks.0.to_q.weight	113	F32	1280,1280	0	identity_bytes	down_blocks.3.motion_modules.0.temporal_transformer.transformer_blocks.0.attention_blocks.0.to_q.weight	F32	1280,1280	temporal_conditional_unet_2d	weight
down_blocks.3.motion_modules.0.temporal_transformer.transformer_blocks.0.attention_blocks.0.to_v.weight	115	F32	1280,1280	0	identity_bytes	down_blocks.3.motion_modules.0.temporal_transformer.transformer_blocks.0.attention_blocks.0.to_v.weight	F32	1280,1280	temporal_conditional_unet_2d	weight
down_blocks.3.motion_modules.0.temporal_transformer.transformer_blocks.0.attention_blocks.1.pos_encoder.pe	124	F32	1,24,1280	0	identity_bytes	down_blocks.3.motion_modules.0.temporal_transformer.transformer_blocks.0.attention_blocks.1.pos_encoder.pe	F32	1,24,1280	temporal_conditional_unet_2d	weight
down_blocks.3.motion_modules.0.temporal_transformer.transformer_blocks.0.attention_blocks.1.to_k.weight	120	F32	1280,1280	0	identity_bytes	down_blocks.3.motion_modules.0.temporal_transformer.transformer_blocks.0.attention_blocks.1.to_k.weight	F32	1280,1280	temporal_conditional_unet_2d	weight
down_blocks.3.motion_modules.0.temporal_transformer.transformer_blocks.0.attention_blocks.1.to_out.0.bias	123	F32	1280	0	identity_bytes	down_blocks.3.motion_modules.0.temporal_transformer.transformer_blocks.0.attention_blocks.1.to_out.0.bias	F32	1280	temporal_conditional_unet_2d	weight
down_blocks.3.motion_modules.0.temporal_transformer.transformer_blocks.0.attention_blocks.1.to_out.0.weight	122	F32	1280,1280	0	identity_bytes	down_blocks.3.motion_modules.0.temporal_transformer.transformer_blocks.0.attention_blocks.1.to_out.0.weight	F32	1280,1280	temporal_conditional_unet_2d	weight
down_blocks.3.motion_modules.0.temporal_transformer.transformer_blocks.0.attention_blocks.1.to_q.weight	119	F32	1280,1280	0	identity_bytes	down_blocks.3.motion_modules.0.temporal_transformer.transformer_blocks.0.attention_blocks.1.to_q.weight	F32	1280,1280	temporal_conditional_unet_2d	weight
down_blocks.3.motion_modules.0.temporal_transformer.transformer_blocks.0.attention_blocks.1.to_v.weight	121	F32	1280,1280	0	identity_bytes	down_blocks.3.motion_modules.0.temporal_transformer.transformer_blocks.0.attention_blocks.1.to_v.weight	F32	1280,1280	temporal_conditional_unet_2d	weight
down_blocks.3.motion_modules.0.temporal_transformer.transformer_blocks.0.ff.net.0.proj.bias	130	F32	10240	0	identity_bytes	down_blocks.3.motion_modules.0.temporal_transformer.transformer_blocks.0.ff.net.0.proj.bias	F32	10240	temporal_conditional_unet_2d	weight
down_blocks.3.motion_modules.0.temporal_transformer.transformer_blocks.0.ff.net.0.proj.weight	129	F32	10240,1280	0	identity_bytes	down_blocks.3.motion_modules.0.temporal_transformer.transformer_blocks.0.ff.net.0.proj.weight	F32	10240,1280	temporal_conditional_unet_2d	weight
down_blocks.3.motion_modules.0.temporal_transformer.transformer_blocks.0.ff.net.2.bias	132	F32	1280	0	identity_bytes	down_blocks.3.motion_modules.0.temporal_transformer.transformer_blocks.0.ff.net.2.bias	F32	1280	temporal_conditional_unet_2d	weight
down_blocks.3.motion_modules.0.temporal_transformer.transformer_blocks.0.ff.net.2.weight	131	F32	1280,5120	0	identity_bytes	down_blocks.3.motion_modules.0.temporal_transformer.transformer_blocks.0.ff.net.2.weight	F32	1280,5120	temporal_conditional_unet_2d	weight
down_blocks.3.motion_modules.0.temporal_transformer.transformer_blocks.0.ff_norm.bias	134	F32	1280	0	identity_bytes	down_blocks.3.motion_modules.0.temporal_transformer.transformer_blocks.0.ff_norm.bias	F32	1280	temporal_conditional_unet_2d	weight
down_blocks.3.motion_modules.0.temporal_transformer.transformer_blocks.0.ff_norm.weight	133	F32	1280	0	identity_bytes	down_blocks.3.motion_modules.0.temporal_transformer.transformer_blocks.0.ff_norm.weight	F32	1280	temporal_conditional_unet_2d	weight
down_blocks.3.motion_modules.0.temporal_transformer.transformer_blocks.0.norms.0.bias	126	F32	1280	0	identity_bytes	down_blocks.3.motion_modules.0.temporal_transformer.transformer_blocks.0.norms.0.bias	F32	1280	temporal_conditional_unet_2d	weight
down_blocks.3.motion_modules.0.temporal_transformer.transformer_blocks.0.norms.0.weight	125	F32	1280	0	identity_bytes	down_blocks.3.motion_modules.0.temporal_transformer.transformer_blocks.0.norms.0.weight	F32	1280	temporal_conditional_unet_2d	weight
down_blocks.3.motion_modules.0.temporal_transformer.transformer_blocks.0.norms.1.bias	128	F32	1280	0	identity_bytes	down_blocks.3.motion_modules.0.temporal_transformer.transformer_blocks.0.norms.1.bias	F32	1280	temporal_conditional_unet_2d	weight
down_blocks.3.motion_modules.0.temporal_transformer.transformer_blocks.0.norms.1.weight	127	F32	1280	0	identity_bytes	down_blocks.3.motion_modules.0.temporal_transformer.transformer_blocks.0.norms.1.weight	F32	1280	temporal_conditional_unet_2d	weight
down_blocks.3.motion_modules.1.temporal_transformer.norm.bias	138	F32	1280	0	identity_bytes	down_blocks.3.motion_modules.1.temporal_transformer.norm.bias	F32	1280	temporal_conditional_unet_2d	weight
down_blocks.3.motion_modules.1.temporal_transformer.norm.weight	137	F32	1280	0	identity_bytes	down_blocks.3.motion_modules.1.temporal_transformer.norm.weight	F32	1280	temporal_conditional_unet_2d	weight
down_blocks.3.motion_modules.1.temporal_transformer.proj_in.bias	140	F32	1280	0	identity_bytes	down_blocks.3.motion_modules.1.temporal_transformer.proj_in.bias	F32	1280	temporal_conditional_unet_2d	weight
down_blocks.3.motion_modules.1.temporal_transformer.proj_in.weight	139	F32	1280,1280	0	identity_bytes	down_blocks.3.motion_modules.1.temporal_transformer.proj_in.weight	F32	1280,1280	temporal_conditional_unet_2d	weight
down_blocks.3.motion_modules.1.temporal_transformer.proj_out.bias	164	F32	1280	0	identity_bytes	down_blocks.3.motion_modules.1.temporal_transformer.proj_out.bias	F32	1280	temporal_conditional_unet_2d	weight
down_blocks.3.motion_modules.1.temporal_transformer.proj_out.weight	163	F32	1280,1280	0	identity_bytes	down_blocks.3.motion_modules.1.temporal_transformer.proj_out.weight	F32	1280,1280	temporal_conditional_unet_2d	weight
down_blocks.3.motion_modules.1.temporal_transformer.transformer_blocks.0.attention_blocks.0.pos_encoder.pe	146	F32	1,24,1280	0	identity_bytes	down_blocks.3.motion_modules.1.temporal_transformer.transformer_blocks.0.attention_blocks.0.pos_encoder.pe	F32	1,24,1280	temporal_conditional_unet_2d	weight
down_blocks.3.motion_modules.1.temporal_transformer.transformer_blocks.0.attention_blocks.0.to_k.weight	142	F32	1280,1280	0	identity_bytes	down_blocks.3.motion_modules.1.temporal_transformer.transformer_blocks.0.attention_blocks.0.to_k.weight	F32	1280,1280	temporal_conditional_unet_2d	weight
down_blocks.3.motion_modules.1.temporal_transformer.transformer_blocks.0.attention_blocks.0.to_out.0.bias	145	F32	1280	0	identity_bytes	down_blocks.3.motion_modules.1.temporal_transformer.transformer_blocks.0.attention_blocks.0.to_out.0.bias	F32	1280	temporal_conditional_unet_2d	weight
down_blocks.3.motion_modules.1.temporal_transformer.transformer_blocks.0.attention_blocks.0.to_out.0.weight	144	F32	1280,1280	0	identity_bytes	down_blocks.3.motion_modules.1.temporal_transformer.transformer_blocks.0.attention_blocks.0.to_out.0.weight	F32	1280,1280	temporal_conditional_unet_2d	weight
down_blocks.3.motion_modules.1.temporal_transformer.transformer_blocks.0.attention_blocks.0.to_q.weight	141	F32	1280,1280	0	identity_bytes	down_blocks.3.motion_modules.1.temporal_transformer.transformer_blocks.0.attention_blocks.0.to_q.weight	F32	1280,1280	temporal_conditional_unet_2d	weight
down_blocks.3.motion_modules.1.temporal_transformer.transformer_blocks.0.attention_blocks.0.to_v.weight	143	F32	1280,1280	0	identity_bytes	down_blocks.3.motion_modules.1.temporal_transformer.transformer_blocks.0.attention_blocks.0.to_v.weight	F32	1280,1280	temporal_conditional_unet_2d	weight
down_blocks.3.motion_modules.1.temporal_transformer.transformer_blocks.0.attention_blocks.1.pos_encoder.pe	152	F32	1,24,1280	0	identity_bytes	down_blocks.3.motion_modules.1.temporal_transformer.transformer_blocks.0.attention_blocks.1.pos_encoder.pe	F32	1,24,1280	temporal_conditional_unet_2d	weight
down_blocks.3.motion_modules.1.temporal_transformer.transformer_blocks.0.attention_blocks.1.to_k.weight	148	F32	1280,1280	0	identity_bytes	down_blocks.3.motion_modules.1.temporal_transformer.transformer_blocks.0.attention_blocks.1.to_k.weight	F32	1280,1280	temporal_conditional_unet_2d	weight
down_blocks.3.motion_modules.1.temporal_transformer.transformer_blocks.0.attention_blocks.1.to_out.0.bias	151	F32	1280	0	identity_bytes	down_blocks.3.motion_modules.1.temporal_transformer.transformer_blocks.0.attention_blocks.1.to_out.0.bias	F32	1280	temporal_conditional_unet_2d	weight
down_blocks.3.motion_modules.1.temporal_transformer.transformer_blocks.0.attention_blocks.1.to_out.0.weight	150	F32	1280,1280	0	identity_bytes	down_blocks.3.motion_modules.1.temporal_transformer.transformer_blocks.0.attention_blocks.1.to_out.0.weight	F32	1280,1280	temporal_conditional_unet_2d	weight
down_blocks.3.motion_modules.1.temporal_transformer.transformer_blocks.0.attention_blocks.1.to_q.weight	147	F32	1280,1280	0	identity_bytes	down_blocks.3.motion_modules.1.temporal_transformer.transformer_blocks.0.attention_blocks.1.to_q.weight	F32	1280,1280	temporal_conditional_unet_2d	weight
down_blocks.3.motion_modules.1.temporal_transformer.transformer_blocks.0.attention_blocks.1.to_v.weight	149	F32	1280,1280	0	identity_bytes	down_blocks.3.motion_modules.1.temporal_transformer.transformer_blocks.0.attention_blocks.1.to_v.weight	F32	1280,1280	temporal_conditional_unet_2d	weight
down_blocks.3.motion_modules.1.temporal_transformer.transformer_blocks.0.ff.net.0.proj.bias	158	F32	10240	0	identity_bytes	down_blocks.3.motion_modules.1.temporal_transformer.transformer_blocks.0.ff.net.0.proj.bias	F32	10240	temporal_conditional_unet_2d	weight
down_blocks.3.motion_modules.1.temporal_transformer.transformer_blocks.0.ff.net.0.proj.weight	157	F32	10240,1280	0	identity_bytes	down_blocks.3.motion_modules.1.temporal_transformer.transformer_blocks.0.ff.net.0.proj.weight	F32	10240,1280	temporal_conditional_unet_2d	weight
down_blocks.3.motion_modules.1.temporal_transformer.transformer_blocks.0.ff.net.2.bias	160	F32	1280	0	identity_bytes	down_blocks.3.motion_modules.1.temporal_transformer.transformer_blocks.0.ff.net.2.bias	F32	1280	temporal_conditional_unet_2d	weight
down_blocks.3.motion_modules.1.temporal_transformer.transformer_blocks.0.ff.net.2.weight	159	F32	1280,5120	0	identity_bytes	down_blocks.3.motion_modules.1.temporal_transformer.transformer_blocks.0.ff.net.2.weight	F32	1280,5120	temporal_conditional_unet_2d	weight
down_blocks.3.motion_modules.1.temporal_transformer.transformer_blocks.0.ff_norm.bias	162	F32	1280	0	identity_bytes	down_blocks.3.motion_modules.1.temporal_transformer.transformer_blocks.0.ff_norm.bias	F32	1280	temporal_conditional_unet_2d	weight
down_blocks.3.motion_modules.1.temporal_transformer.transformer_blocks.0.ff_norm.weight	161	F32	1280	0	identity_bytes	down_blocks.3.motion_modules.1.temporal_transformer.transformer_blocks.0.ff_norm.weight	F32	1280	temporal_conditional_unet_2d	weight
down_blocks.3.motion_modules.1.temporal_transformer.transformer_blocks.0.norms.0.bias	154	F32	1280	0	identity_bytes	down_blocks.3.motion_modules.1.temporal_transformer.transformer_blocks.0.norms.0.bias	F32	1280	temporal_conditional_unet_2d	weight
down_blocks.3.motion_modules.1.temporal_transformer.transformer_blocks.0.norms.0.weight	153	F32	1280	0	identity_bytes	down_blocks.3.motion_modules.1.temporal_transformer.transformer_blocks.0.norms.0.weight	F32	1280	temporal_conditional_unet_2d	weight
down_blocks.3.motion_modules.1.temporal_transformer.transformer_blocks.0.norms.1.bias	156	F32	1280	0	identity_bytes	down_blocks.3.motion_modules.1.temporal_transformer.transformer_blocks.0.norms.1.bias	F32	1280	temporal_conditional_unet_2d	weight
down_blocks.3.motion_modules.1.temporal_transformer.transformer_blocks.0.norms.1.weight	155	F32	1280	0	identity_bytes	down_blocks.3.motion_modules.1.temporal_transformer.transformer_blocks.0.norms.1.weight	F32	1280	temporal_conditional_unet_2d	weight
down_blocks.3.resnets.0.conv1.bias	92	F32	1280	0	identity_bytes	down_blocks.3.resnets.0.conv1.bias	F32	1280	temporal_conditional_unet_2d	weight
down_blocks.3.resnets.0.conv1.weight	91	F32	1280,1280,3,3	0	identity_bytes	down_blocks.3.resnets.0.conv1.weight	F32	1280,1280,3,3	temporal_conditional_unet_2d	weight
down_blocks.3.resnets.0.conv2.bias	98	F32	1280	0	identity_bytes	down_blocks.3.resnets.0.conv2.bias	F32	1280	temporal_conditional_unet_2d	weight
down_blocks.3.resnets.0.conv2.weight	97	F32	1280,1280,3,3	0	identity_bytes	down_blocks.3.resnets.0.conv2.weight	F32	1280,1280,3,3	temporal_conditional_unet_2d	weight
down_blocks.3.resnets.0.norm1.bias	90	F32	1280	0	identity_bytes	down_blocks.3.resnets.0.norm1.bias	F32	1280	temporal_conditional_unet_2d	weight
down_blocks.3.resnets.0.norm1.weight	89	F32	1280	0	identity_bytes	down_blocks.3.resnets.0.norm1.weight	F32	1280	temporal_conditional_unet_2d	weight
down_blocks.3.resnets.0.norm2.bias	96	F32	1280	0	identity_bytes	down_blocks.3.resnets.0.norm2.bias	F32	1280	temporal_conditional_unet_2d	weight
down_blocks.3.resnets.0.norm2.weight	95	F32	1280	0	identity_bytes	down_blocks.3.resnets.0.norm2.weight	F32	1280	temporal_conditional_unet_2d	weight
down_blocks.3.resnets.0.time_emb_proj.bias	94	F32	1280	0	identity_bytes	down_blocks.3.resnets.0.time_emb_proj.bias	F32	1280	temporal_conditional_unet_2d	weight
down_blocks.3.resnets.0.time_emb_proj.weight	93	F32	1280,1280	0	identity_bytes	down_blocks.3.resnets.0.time_emb_proj.weight	F32	1280,1280	temporal_conditional_unet_2d	weight
down_blocks.3.resnets.1.conv1.bias	102	F32	1280	0	identity_bytes	down_blocks.3.resnets.1.conv1.bias	F32	1280	temporal_conditional_unet_2d	weight
down_blocks.3.resnets.1.conv1.weight	101	F32	1280,1280,3,3	0	identity_bytes	down_blocks.3.resnets.1.conv1.weight	F32	1280,1280,3,3	temporal_conditional_unet_2d	weight
down_blocks.3.resnets.1.conv2.bias	108	F32	1280	0	identity_bytes	down_blocks.3.resnets.1.conv2.bias	F32	1280	temporal_conditional_unet_2d	weight
down_blocks.3.resnets.1.conv2.weight	107	F32	1280,1280,3,3	0	identity_bytes	down_blocks.3.resnets.1.conv2.weight	F32	1280,1280,3,3	temporal_conditional_unet_2d	weight
down_blocks.3.resnets.1.norm1.bias	100	F32	1280	0	identity_bytes	down_blocks.3.resnets.1.norm1.bias	F32	1280	temporal_conditional_unet_2d	weight
down_blocks.3.resnets.1.norm1.weight	99	F32	1280	0	identity_bytes	down_blocks.3.resnets.1.norm1.weight	F32	1280	temporal_conditional_unet_2d	weight
down_blocks.3.resnets.1.norm2.bias	106	F32	1280	0	identity_bytes	down_blocks.3.resnets.1.norm2.bias	F32	1280	temporal_conditional_unet_2d	weight
down_blocks.3.resnets.1.norm2.weight	105	F32	1280	0	identity_bytes	down_blocks.3.resnets.1.norm2.weight	F32	1280	temporal_conditional_unet_2d	weight
down_blocks.3.resnets.1.time_emb_proj.bias	104	F32	1280	0	identity_bytes	down_blocks.3.resnets.1.time_emb_proj.bias	F32	1280	temporal_conditional_unet_2d	weight
down_blocks.3.resnets.1.time_emb_proj.weight	103	F32	1280,1280	0	identity_bytes	down_blocks.3.resnets.1.time_emb_proj.weight	F32	1280,1280	temporal_conditional_unet_2d	weight
mid_block.attentions.0.norm.bias	886	F32	1280	0	identity_bytes	mid_block.attentions.0.norm.bias	F32	1280	temporal_conditional_unet_2d	weight
mid_block.attentions.0.norm.weight	885	F32	1280	0	identity_bytes	mid_block.attentions.0.norm.weight	F32	1280	temporal_conditional_unet_2d	weight
mid_block.attentions.0.proj_in.bias	888	F32	1280	0	identity_bytes	mid_block.attentions.0.proj_in.bias	F32	1280	temporal_conditional_unet_2d	weight
mid_block.attentions.0.proj_in.weight	887	F32	1280,1280,1,1	0	identity_bytes	mid_block.attentions.0.proj_in.weight	F32	1280,1280,1,1	temporal_conditional_unet_2d	weight
mid_block.attentions.0.proj_out.bias	910	F32	1280	0	identity_bytes	mid_block.attentions.0.proj_out.bias	F32	1280	temporal_conditional_unet_2d	weight
mid_block.attentions.0.proj_out.weight	909	F32	1280,1280,1,1	0	identity_bytes	mid_block.attentions.0.proj_out.weight	F32	1280,1280,1,1	temporal_conditional_unet_2d	weight
mid_block.attentions.0.transformer_blocks.0.attn1.to_k.weight	892	F32	1280,1280	0	identity_bytes	mid_block.attentions.0.transformer_blocks.0.attn1.to_k.weight	F32	1280,1280	temporal_conditional_unet_2d	weight
mid_block.attentions.0.transformer_blocks.0.attn1.to_out.0.bias	895	F32	1280	0	identity_bytes	mid_block.attentions.0.transformer_blocks.0.attn1.to_out.0.bias	F32	1280	temporal_conditional_unet_2d	weight
mid_block.attentions.0.transformer_blocks.0.attn1.to_out.0.weight	894	F32	1280,1280	0	identity_bytes	mid_block.attentions.0.transformer_blocks.0.attn1.to_out.0.weight	F32	1280,1280	temporal_conditional_unet_2d	weight
mid_block.attentions.0.transformer_blocks.0.attn1.to_q.weight	891	F32	1280,1280	0	identity_bytes	mid_block.attentions.0.transformer_blocks.0.attn1.to_q.weight	F32	1280,1280	temporal_conditional_unet_2d	weight
mid_block.attentions.0.transformer_blocks.0.attn1.to_v.weight	893	F32	1280,1280	0	identity_bytes	mid_block.attentions.0.transformer_blocks.0.attn1.to_v.weight	F32	1280,1280	temporal_conditional_unet_2d	weight
mid_block.attentions.0.transformer_blocks.0.attn2.to_k.weight	899	F32	1280,384	0	identity_bytes	mid_block.attentions.0.transformer_blocks.0.attn2.to_k.weight	F32	1280,384	temporal_conditional_unet_2d	weight
mid_block.attentions.0.transformer_blocks.0.attn2.to_out.0.bias	902	F32	1280	0	identity_bytes	mid_block.attentions.0.transformer_blocks.0.attn2.to_out.0.bias	F32	1280	temporal_conditional_unet_2d	weight
mid_block.attentions.0.transformer_blocks.0.attn2.to_out.0.weight	901	F32	1280,1280	0	identity_bytes	mid_block.attentions.0.transformer_blocks.0.attn2.to_out.0.weight	F32	1280,1280	temporal_conditional_unet_2d	weight
mid_block.attentions.0.transformer_blocks.0.attn2.to_q.weight	898	F32	1280,1280	0	identity_bytes	mid_block.attentions.0.transformer_blocks.0.attn2.to_q.weight	F32	1280,1280	temporal_conditional_unet_2d	weight
mid_block.attentions.0.transformer_blocks.0.attn2.to_v.weight	900	F32	1280,384	0	identity_bytes	mid_block.attentions.0.transformer_blocks.0.attn2.to_v.weight	F32	1280,384	temporal_conditional_unet_2d	weight
mid_block.attentions.0.transformer_blocks.0.ff.net.0.proj.bias	904	F32	10240	0	identity_bytes	mid_block.attentions.0.transformer_blocks.0.ff.net.0.proj.bias	F32	10240	temporal_conditional_unet_2d	weight
mid_block.attentions.0.transformer_blocks.0.ff.net.0.proj.weight	903	F32	10240,1280	0	identity_bytes	mid_block.attentions.0.transformer_blocks.0.ff.net.0.proj.weight	F32	10240,1280	temporal_conditional_unet_2d	weight
mid_block.attentions.0.transformer_blocks.0.ff.net.2.bias	906	F32	1280	0	identity_bytes	mid_block.attentions.0.transformer_blocks.0.ff.net.2.bias	F32	1280	temporal_conditional_unet_2d	weight
mid_block.attentions.0.transformer_blocks.0.ff.net.2.weight	905	F32	1280,5120	0	identity_bytes	mid_block.attentions.0.transformer_blocks.0.ff.net.2.weight	F32	1280,5120	temporal_conditional_unet_2d	weight
mid_block.attentions.0.transformer_blocks.0.norm1.bias	890	F32	1280	0	identity_bytes	mid_block.attentions.0.transformer_blocks.0.norm1.bias	F32	1280	temporal_conditional_unet_2d	weight
mid_block.attentions.0.transformer_blocks.0.norm1.weight	889	F32	1280	0	identity_bytes	mid_block.attentions.0.transformer_blocks.0.norm1.weight	F32	1280	temporal_conditional_unet_2d	weight
mid_block.attentions.0.transformer_blocks.0.norm2.bias	897	F32	1280	0	identity_bytes	mid_block.attentions.0.transformer_blocks.0.norm2.bias	F32	1280	temporal_conditional_unet_2d	weight
mid_block.attentions.0.transformer_blocks.0.norm2.weight	896	F32	1280	0	identity_bytes	mid_block.attentions.0.transformer_blocks.0.norm2.weight	F32	1280	temporal_conditional_unet_2d	weight
mid_block.attentions.0.transformer_blocks.0.norm3.bias	908	F32	1280	0	identity_bytes	mid_block.attentions.0.transformer_blocks.0.norm3.bias	F32	1280	temporal_conditional_unet_2d	weight
mid_block.attentions.0.transformer_blocks.0.norm3.weight	907	F32	1280	0	identity_bytes	mid_block.attentions.0.transformer_blocks.0.norm3.weight	F32	1280	temporal_conditional_unet_2d	weight
mid_block.resnets.0.conv1.bias	914	F32	1280	0	identity_bytes	mid_block.resnets.0.conv1.bias	F32	1280	temporal_conditional_unet_2d	weight
mid_block.resnets.0.conv1.weight	913	F32	1280,1280,3,3	0	identity_bytes	mid_block.resnets.0.conv1.weight	F32	1280,1280,3,3	temporal_conditional_unet_2d	weight
mid_block.resnets.0.conv2.bias	920	F32	1280	0	identity_bytes	mid_block.resnets.0.conv2.bias	F32	1280	temporal_conditional_unet_2d	weight
mid_block.resnets.0.conv2.weight	919	F32	1280,1280,3,3	0	identity_bytes	mid_block.resnets.0.conv2.weight	F32	1280,1280,3,3	temporal_conditional_unet_2d	weight
mid_block.resnets.0.norm1.bias	912	F32	1280	0	identity_bytes	mid_block.resnets.0.norm1.bias	F32	1280	temporal_conditional_unet_2d	weight
mid_block.resnets.0.norm1.weight	911	F32	1280	0	identity_bytes	mid_block.resnets.0.norm1.weight	F32	1280	temporal_conditional_unet_2d	weight
mid_block.resnets.0.norm2.bias	918	F32	1280	0	identity_bytes	mid_block.resnets.0.norm2.bias	F32	1280	temporal_conditional_unet_2d	weight
mid_block.resnets.0.norm2.weight	917	F32	1280	0	identity_bytes	mid_block.resnets.0.norm2.weight	F32	1280	temporal_conditional_unet_2d	weight
mid_block.resnets.0.time_emb_proj.bias	916	F32	1280	0	identity_bytes	mid_block.resnets.0.time_emb_proj.bias	F32	1280	temporal_conditional_unet_2d	weight
mid_block.resnets.0.time_emb_proj.weight	915	F32	1280,1280	0	identity_bytes	mid_block.resnets.0.time_emb_proj.weight	F32	1280,1280	temporal_conditional_unet_2d	weight
mid_block.resnets.1.conv1.bias	924	F32	1280	0	identity_bytes	mid_block.resnets.1.conv1.bias	F32	1280	temporal_conditional_unet_2d	weight
mid_block.resnets.1.conv1.weight	923	F32	1280,1280,3,3	0	identity_bytes	mid_block.resnets.1.conv1.weight	F32	1280,1280,3,3	temporal_conditional_unet_2d	weight
mid_block.resnets.1.conv2.bias	930	F32	1280	0	identity_bytes	mid_block.resnets.1.conv2.bias	F32	1280	temporal_conditional_unet_2d	weight
mid_block.resnets.1.conv2.weight	929	F32	1280,1280,3,3	0	identity_bytes	mid_block.resnets.1.conv2.weight	F32	1280,1280,3,3	temporal_conditional_unet_2d	weight
mid_block.resnets.1.norm1.bias	922	F32	1280	0	identity_bytes	mid_block.resnets.1.norm1.bias	F32	1280	temporal_conditional_unet_2d	weight
mid_block.resnets.1.norm1.weight	921	F32	1280	0	identity_bytes	mid_block.resnets.1.norm1.weight	F32	1280	temporal_conditional_unet_2d	weight
mid_block.resnets.1.norm2.bias	928	F32	1280	0	identity_bytes	mid_block.resnets.1.norm2.bias	F32	1280	temporal_conditional_unet_2d	weight
mid_block.resnets.1.norm2.weight	927	F32	1280	0	identity_bytes	mid_block.resnets.1.norm2.weight	F32	1280	temporal_conditional_unet_2d	weight
mid_block.resnets.1.time_emb_proj.bias	926	F32	1280	0	identity_bytes	mid_block.resnets.1.time_emb_proj.bias	F32	1280	temporal_conditional_unet_2d	weight
mid_block.resnets.1.time_emb_proj.weight	925	F32	1280,1280	0	identity_bytes	mid_block.resnets.1.time_emb_proj.weight	F32	1280,1280	temporal_conditional_unet_2d	weight
time_embedding.linear_1.bias	938	F32	1280	0	identity_bytes	time_embedding.linear_1.bias	F32	1280	temporal_conditional_unet_2d	weight
time_embedding.linear_1.weight	937	F32	1280,320	0	identity_bytes	time_embedding.linear_1.weight	F32	1280,320	temporal_conditional_unet_2d	weight
time_embedding.linear_2.bias	940	F32	1280	0	identity_bytes	time_embedding.linear_2.bias	F32	1280	temporal_conditional_unet_2d	weight
time_embedding.linear_2.weight	939	F32	1280,1280	0	identity_bytes	time_embedding.linear_2.weight	F32	1280,1280	temporal_conditional_unet_2d	weight
up_blocks.0.motion_modules.0.temporal_transformer.norm.bias	202	F32	1280	0	identity_bytes	up_blocks.0.motion_modules.0.temporal_transformer.norm.bias	F32	1280	temporal_conditional_unet_2d	weight
up_blocks.0.motion_modules.0.temporal_transformer.norm.weight	201	F32	1280	0	identity_bytes	up_blocks.0.motion_modules.0.temporal_transformer.norm.weight	F32	1280	temporal_conditional_unet_2d	weight
up_blocks.0.motion_modules.0.temporal_transformer.proj_in.bias	204	F32	1280	0	identity_bytes	up_blocks.0.motion_modules.0.temporal_transformer.proj_in.bias	F32	1280	temporal_conditional_unet_2d	weight
up_blocks.0.motion_modules.0.temporal_transformer.proj_in.weight	203	F32	1280,1280	0	identity_bytes	up_blocks.0.motion_modules.0.temporal_transformer.proj_in.weight	F32	1280,1280	temporal_conditional_unet_2d	weight
up_blocks.0.motion_modules.0.temporal_transformer.proj_out.bias	228	F32	1280	0	identity_bytes	up_blocks.0.motion_modules.0.temporal_transformer.proj_out.bias	F32	1280	temporal_conditional_unet_2d	weight
up_blocks.0.motion_modules.0.temporal_transformer.proj_out.weight	227	F32	1280,1280	0	identity_bytes	up_blocks.0.motion_modules.0.temporal_transformer.proj_out.weight	F32	1280,1280	temporal_conditional_unet_2d	weight
up_blocks.0.motion_modules.0.temporal_transformer.transformer_blocks.0.attention_blocks.0.pos_encoder.pe	210	F32	1,24,1280	0	identity_bytes	up_blocks.0.motion_modules.0.temporal_transformer.transformer_blocks.0.attention_blocks.0.pos_encoder.pe	F32	1,24,1280	temporal_conditional_unet_2d	weight
up_blocks.0.motion_modules.0.temporal_transformer.transformer_blocks.0.attention_blocks.0.to_k.weight	206	F32	1280,1280	0	identity_bytes	up_blocks.0.motion_modules.0.temporal_transformer.transformer_blocks.0.attention_blocks.0.to_k.weight	F32	1280,1280	temporal_conditional_unet_2d	weight
up_blocks.0.motion_modules.0.temporal_transformer.transformer_blocks.0.attention_blocks.0.to_out.0.bias	209	F32	1280	0	identity_bytes	up_blocks.0.motion_modules.0.temporal_transformer.transformer_blocks.0.attention_blocks.0.to_out.0.bias	F32	1280	temporal_conditional_unet_2d	weight
up_blocks.0.motion_modules.0.temporal_transformer.transformer_blocks.0.attention_blocks.0.to_out.0.weight	208	F32	1280,1280	0	identity_bytes	up_blocks.0.motion_modules.0.temporal_transformer.transformer_blocks.0.attention_blocks.0.to_out.0.weight	F32	1280,1280	temporal_conditional_unet_2d	weight
up_blocks.0.motion_modules.0.temporal_transformer.transformer_blocks.0.attention_blocks.0.to_q.weight	205	F32	1280,1280	0	identity_bytes	up_blocks.0.motion_modules.0.temporal_transformer.transformer_blocks.0.attention_blocks.0.to_q.weight	F32	1280,1280	temporal_conditional_unet_2d	weight
up_blocks.0.motion_modules.0.temporal_transformer.transformer_blocks.0.attention_blocks.0.to_v.weight	207	F32	1280,1280	0	identity_bytes	up_blocks.0.motion_modules.0.temporal_transformer.transformer_blocks.0.attention_blocks.0.to_v.weight	F32	1280,1280	temporal_conditional_unet_2d	weight
up_blocks.0.motion_modules.0.temporal_transformer.transformer_blocks.0.attention_blocks.1.pos_encoder.pe	216	F32	1,24,1280	0	identity_bytes	up_blocks.0.motion_modules.0.temporal_transformer.transformer_blocks.0.attention_blocks.1.pos_encoder.pe	F32	1,24,1280	temporal_conditional_unet_2d	weight
up_blocks.0.motion_modules.0.temporal_transformer.transformer_blocks.0.attention_blocks.1.to_k.weight	212	F32	1280,1280	0	identity_bytes	up_blocks.0.motion_modules.0.temporal_transformer.transformer_blocks.0.attention_blocks.1.to_k.weight	F32	1280,1280	temporal_conditional_unet_2d	weight
up_blocks.0.motion_modules.0.temporal_transformer.transformer_blocks.0.attention_blocks.1.to_out.0.bias	215	F32	1280	0	identity_bytes	up_blocks.0.motion_modules.0.temporal_transformer.transformer_blocks.0.attention_blocks.1.to_out.0.bias	F32	1280	temporal_conditional_unet_2d	weight
up_blocks.0.motion_modules.0.temporal_transformer.transformer_blocks.0.attention_blocks.1.to_out.0.weight	214	F32	1280,1280	0	identity_bytes	up_blocks.0.motion_modules.0.temporal_transformer.transformer_blocks.0.attention_blocks.1.to_out.0.weight	F32	1280,1280	temporal_conditional_unet_2d	weight
up_blocks.0.motion_modules.0.temporal_transformer.transformer_blocks.0.attention_blocks.1.to_q.weight	211	F32	1280,1280	0	identity_bytes	up_blocks.0.motion_modules.0.temporal_transformer.transformer_blocks.0.attention_blocks.1.to_q.weight	F32	1280,1280	temporal_conditional_unet_2d	weight
up_blocks.0.motion_modules.0.temporal_transformer.transformer_blocks.0.attention_blocks.1.to_v.weight	213	F32	1280,1280	0	identity_bytes	up_blocks.0.motion_modules.0.temporal_transformer.transformer_blocks.0.attention_blocks.1.to_v.weight	F32	1280,1280	temporal_conditional_unet_2d	weight
up_blocks.0.motion_modules.0.temporal_transformer.transformer_blocks.0.ff.net.0.proj.bias	222	F32	10240	0	identity_bytes	up_blocks.0.motion_modules.0.temporal_transformer.transformer_blocks.0.ff.net.0.proj.bias	F32	10240	temporal_conditional_unet_2d	weight
up_blocks.0.motion_modules.0.temporal_transformer.transformer_blocks.0.ff.net.0.proj.weight	221	F32	10240,1280	0	identity_bytes	up_blocks.0.motion_modules.0.temporal_transformer.transformer_blocks.0.ff.net.0.proj.weight	F32	10240,1280	temporal_conditional_unet_2d	weight
up_blocks.0.motion_modules.0.temporal_transformer.transformer_blocks.0.ff.net.2.bias	224	F32	1280	0	identity_bytes	up_blocks.0.motion_modules.0.temporal_transformer.transformer_blocks.0.ff.net.2.bias	F32	1280	temporal_conditional_unet_2d	weight
up_blocks.0.motion_modules.0.temporal_transformer.transformer_blocks.0.ff.net.2.weight	223	F32	1280,5120	0	identity_bytes	up_blocks.0.motion_modules.0.temporal_transformer.transformer_blocks.0.ff.net.2.weight	F32	1280,5120	temporal_conditional_unet_2d	weight
up_blocks.0.motion_modules.0.temporal_transformer.transformer_blocks.0.ff_norm.bias	226	F32	1280	0	identity_bytes	up_blocks.0.motion_modules.0.temporal_transformer.transformer_blocks.0.ff_norm.bias	F32	1280	temporal_conditional_unet_2d	weight
up_blocks.0.motion_modules.0.temporal_transformer.transformer_blocks.0.ff_norm.weight	225	F32	1280	0	identity_bytes	up_blocks.0.motion_modules.0.temporal_transformer.transformer_blocks.0.ff_norm.weight	F32	1280	temporal_conditional_unet_2d	weight
up_blocks.0.motion_modules.0.temporal_transformer.transformer_blocks.0.norms.0.bias	218	F32	1280	0	identity_bytes	up_blocks.0.motion_modules.0.temporal_transformer.transformer_blocks.0.norms.0.bias	F32	1280	temporal_conditional_unet_2d	weight
up_blocks.0.motion_modules.0.temporal_transformer.transformer_blocks.0.norms.0.weight	217	F32	1280	0	identity_bytes	up_blocks.0.motion_modules.0.temporal_transformer.transformer_blocks.0.norms.0.weight	F32	1280	temporal_conditional_unet_2d	weight
up_blocks.0.motion_modules.0.temporal_transformer.transformer_blocks.0.norms.1.bias	220	F32	1280	0	identity_bytes	up_blocks.0.motion_modules.0.temporal_transformer.transformer_blocks.0.norms.1.bias	F32	1280	temporal_conditional_unet_2d	weight
up_blocks.0.motion_modules.0.temporal_transformer.transformer_blocks.0.norms.1.weight	219	F32	1280	0	identity_bytes	up_blocks.0.motion_modules.0.temporal_transformer.transformer_blocks.0.norms.1.weight	F32	1280	temporal_conditional_unet_2d	weight
up_blocks.0.motion_modules.1.temporal_transformer.norm.bias	230	F32	1280	0	identity_bytes	up_blocks.0.motion_modules.1.temporal_transformer.norm.bias	F32	1280	temporal_conditional_unet_2d	weight
up_blocks.0.motion_modules.1.temporal_transformer.norm.weight	229	F32	1280	0	identity_bytes	up_blocks.0.motion_modules.1.temporal_transformer.norm.weight	F32	1280	temporal_conditional_unet_2d	weight
up_blocks.0.motion_modules.1.temporal_transformer.proj_in.bias	232	F32	1280	0	identity_bytes	up_blocks.0.motion_modules.1.temporal_transformer.proj_in.bias	F32	1280	temporal_conditional_unet_2d	weight
up_blocks.0.motion_modules.1.temporal_transformer.proj_in.weight	231	F32	1280,1280	0	identity_bytes	up_blocks.0.motion_modules.1.temporal_transformer.proj_in.weight	F32	1280,1280	temporal_conditional_unet_2d	weight
up_blocks.0.motion_modules.1.temporal_transformer.proj_out.bias	256	F32	1280	0	identity_bytes	up_blocks.0.motion_modules.1.temporal_transformer.proj_out.bias	F32	1280	temporal_conditional_unet_2d	weight
up_blocks.0.motion_modules.1.temporal_transformer.proj_out.weight	255	F32	1280,1280	0	identity_bytes	up_blocks.0.motion_modules.1.temporal_transformer.proj_out.weight	F32	1280,1280	temporal_conditional_unet_2d	weight
up_blocks.0.motion_modules.1.temporal_transformer.transformer_blocks.0.attention_blocks.0.pos_encoder.pe	238	F32	1,24,1280	0	identity_bytes	up_blocks.0.motion_modules.1.temporal_transformer.transformer_blocks.0.attention_blocks.0.pos_encoder.pe	F32	1,24,1280	temporal_conditional_unet_2d	weight
up_blocks.0.motion_modules.1.temporal_transformer.transformer_blocks.0.attention_blocks.0.to_k.weight	234	F32	1280,1280	0	identity_bytes	up_blocks.0.motion_modules.1.temporal_transformer.transformer_blocks.0.attention_blocks.0.to_k.weight	F32	1280,1280	temporal_conditional_unet_2d	weight
up_blocks.0.motion_modules.1.temporal_transformer.transformer_blocks.0.attention_blocks.0.to_out.0.bias	237	F32	1280	0	identity_bytes	up_blocks.0.motion_modules.1.temporal_transformer.transformer_blocks.0.attention_blocks.0.to_out.0.bias	F32	1280	temporal_conditional_unet_2d	weight
up_blocks.0.motion_modules.1.temporal_transformer.transformer_blocks.0.attention_blocks.0.to_out.0.weight	236	F32	1280,1280	0	identity_bytes	up_blocks.0.motion_modules.1.temporal_transformer.transformer_blocks.0.attention_blocks.0.to_out.0.weight	F32	1280,1280	temporal_conditional_unet_2d	weight
up_blocks.0.motion_modules.1.temporal_transformer.transformer_blocks.0.attention_blocks.0.to_q.weight	233	F32	1280,1280	0	identity_bytes	up_blocks.0.motion_modules.1.temporal_transformer.transformer_blocks.0.attention_blocks.0.to_q.weight	F32	1280,1280	temporal_conditional_unet_2d	weight
up_blocks.0.motion_modules.1.temporal_transformer.transformer_blocks.0.attention_blocks.0.to_v.weight	235	F32	1280,1280	0	identity_bytes	up_blocks.0.motion_modules.1.temporal_transformer.transformer_blocks.0.attention_blocks.0.to_v.weight	F32	1280,1280	temporal_conditional_unet_2d	weight
up_blocks.0.motion_modules.1.temporal_transformer.transformer_blocks.0.attention_blocks.1.pos_encoder.pe	244	F32	1,24,1280	0	identity_bytes	up_blocks.0.motion_modules.1.temporal_transformer.transformer_blocks.0.attention_blocks.1.pos_encoder.pe	F32	1,24,1280	temporal_conditional_unet_2d	weight
up_blocks.0.motion_modules.1.temporal_transformer.transformer_blocks.0.attention_blocks.1.to_k.weight	240	F32	1280,1280	0	identity_bytes	up_blocks.0.motion_modules.1.temporal_transformer.transformer_blocks.0.attention_blocks.1.to_k.weight	F32	1280,1280	temporal_conditional_unet_2d	weight
up_blocks.0.motion_modules.1.temporal_transformer.transformer_blocks.0.attention_blocks.1.to_out.0.bias	243	F32	1280	0	identity_bytes	up_blocks.0.motion_modules.1.temporal_transformer.transformer_blocks.0.attention_blocks.1.to_out.0.bias	F32	1280	temporal_conditional_unet_2d	weight
up_blocks.0.motion_modules.1.temporal_transformer.transformer_blocks.0.attention_blocks.1.to_out.0.weight	242	F32	1280,1280	0	identity_bytes	up_blocks.0.motion_modules.1.temporal_transformer.transformer_blocks.0.attention_blocks.1.to_out.0.weight	F32	1280,1280	temporal_conditional_unet_2d	weight
up_blocks.0.motion_modules.1.temporal_transformer.transformer_blocks.0.attention_blocks.1.to_q.weight	239	F32	1280,1280	0	identity_bytes	up_blocks.0.motion_modules.1.temporal_transformer.transformer_blocks.0.attention_blocks.1.to_q.weight	F32	1280,1280	temporal_conditional_unet_2d	weight
up_blocks.0.motion_modules.1.temporal_transformer.transformer_blocks.0.attention_blocks.1.to_v.weight	241	F32	1280,1280	0	identity_bytes	up_blocks.0.motion_modules.1.temporal_transformer.transformer_blocks.0.attention_blocks.1.to_v.weight	F32	1280,1280	temporal_conditional_unet_2d	weight
up_blocks.0.motion_modules.1.temporal_transformer.transformer_blocks.0.ff.net.0.proj.bias	250	F32	10240	0	identity_bytes	up_blocks.0.motion_modules.1.temporal_transformer.transformer_blocks.0.ff.net.0.proj.bias	F32	10240	temporal_conditional_unet_2d	weight
up_blocks.0.motion_modules.1.temporal_transformer.transformer_blocks.0.ff.net.0.proj.weight	249	F32	10240,1280	0	identity_bytes	up_blocks.0.motion_modules.1.temporal_transformer.transformer_blocks.0.ff.net.0.proj.weight	F32	10240,1280	temporal_conditional_unet_2d	weight
up_blocks.0.motion_modules.1.temporal_transformer.transformer_blocks.0.ff.net.2.bias	252	F32	1280	0	identity_bytes	up_blocks.0.motion_modules.1.temporal_transformer.transformer_blocks.0.ff.net.2.bias	F32	1280	temporal_conditional_unet_2d	weight
up_blocks.0.motion_modules.1.temporal_transformer.transformer_blocks.0.ff.net.2.weight	251	F32	1280,5120	0	identity_bytes	up_blocks.0.motion_modules.1.temporal_transformer.transformer_blocks.0.ff.net.2.weight	F32	1280,5120	temporal_conditional_unet_2d	weight
up_blocks.0.motion_modules.1.temporal_transformer.transformer_blocks.0.ff_norm.bias	254	F32	1280	0	identity_bytes	up_blocks.0.motion_modules.1.temporal_transformer.transformer_blocks.0.ff_norm.bias	F32	1280	temporal_conditional_unet_2d	weight
up_blocks.0.motion_modules.1.temporal_transformer.transformer_blocks.0.ff_norm.weight	253	F32	1280	0	identity_bytes	up_blocks.0.motion_modules.1.temporal_transformer.transformer_blocks.0.ff_norm.weight	F32	1280	temporal_conditional_unet_2d	weight
up_blocks.0.motion_modules.1.temporal_transformer.transformer_blocks.0.norms.0.bias	246	F32	1280	0	identity_bytes	up_blocks.0.motion_modules.1.temporal_transformer.transformer_blocks.0.norms.0.bias	F32	1280	temporal_conditional_unet_2d	weight
up_blocks.0.motion_modules.1.temporal_transformer.transformer_blocks.0.norms.0.weight	245	F32	1280	0	identity_bytes	up_blocks.0.motion_modules.1.temporal_transformer.transformer_blocks.0.norms.0.weight	F32	1280	temporal_conditional_unet_2d	weight
up_blocks.0.motion_modules.1.temporal_transformer.transformer_blocks.0.norms.1.bias	248	F32	1280	0	identity_bytes	up_blocks.0.motion_modules.1.temporal_transformer.transformer_blocks.0.norms.1.bias	F32	1280	temporal_conditional_unet_2d	weight
up_blocks.0.motion_modules.1.temporal_transformer.transformer_blocks.0.norms.1.weight	247	F32	1280	0	identity_bytes	up_blocks.0.motion_modules.1.temporal_transformer.transformer_blocks.0.norms.1.weight	F32	1280	temporal_conditional_unet_2d	weight
up_blocks.0.motion_modules.2.temporal_transformer.norm.bias	258	F32	1280	0	identity_bytes	up_blocks.0.motion_modules.2.temporal_transformer.norm.bias	F32	1280	temporal_conditional_unet_2d	weight
up_blocks.0.motion_modules.2.temporal_transformer.norm.weight	257	F32	1280	0	identity_bytes	up_blocks.0.motion_modules.2.temporal_transformer.norm.weight	F32	1280	temporal_conditional_unet_2d	weight
up_blocks.0.motion_modules.2.temporal_transformer.proj_in.bias	260	F32	1280	0	identity_bytes	up_blocks.0.motion_modules.2.temporal_transformer.proj_in.bias	F32	1280	temporal_conditional_unet_2d	weight
up_blocks.0.motion_modules.2.temporal_transformer.proj_in.weight	259	F32	1280,1280	0	identity_bytes	up_blocks.0.motion_modules.2.temporal_transformer.proj_in.weight	F32	1280,1280	temporal_conditional_unet_2d	weight
up_blocks.0.motion_modules.2.temporal_transformer.proj_out.bias	284	F32	1280	0	identity_bytes	up_blocks.0.motion_modules.2.temporal_transformer.proj_out.bias	F32	1280	temporal_conditional_unet_2d	weight
up_blocks.0.motion_modules.2.temporal_transformer.proj_out.weight	283	F32	1280,1280	0	identity_bytes	up_blocks.0.motion_modules.2.temporal_transformer.proj_out.weight	F32	1280,1280	temporal_conditional_unet_2d	weight
up_blocks.0.motion_modules.2.temporal_transformer.transformer_blocks.0.attention_blocks.0.pos_encoder.pe	266	F32	1,24,1280	0	identity_bytes	up_blocks.0.motion_modules.2.temporal_transformer.transformer_blocks.0.attention_blocks.0.pos_encoder.pe	F32	1,24,1280	temporal_conditional_unet_2d	weight
up_blocks.0.motion_modules.2.temporal_transformer.transformer_blocks.0.attention_blocks.0.to_k.weight	262	F32	1280,1280	0	identity_bytes	up_blocks.0.motion_modules.2.temporal_transformer.transformer_blocks.0.attention_blocks.0.to_k.weight	F32	1280,1280	temporal_conditional_unet_2d	weight
up_blocks.0.motion_modules.2.temporal_transformer.transformer_blocks.0.attention_blocks.0.to_out.0.bias	265	F32	1280	0	identity_bytes	up_blocks.0.motion_modules.2.temporal_transformer.transformer_blocks.0.attention_blocks.0.to_out.0.bias	F32	1280	temporal_conditional_unet_2d	weight
up_blocks.0.motion_modules.2.temporal_transformer.transformer_blocks.0.attention_blocks.0.to_out.0.weight	264	F32	1280,1280	0	identity_bytes	up_blocks.0.motion_modules.2.temporal_transformer.transformer_blocks.0.attention_blocks.0.to_out.0.weight	F32	1280,1280	temporal_conditional_unet_2d	weight
up_blocks.0.motion_modules.2.temporal_transformer.transformer_blocks.0.attention_blocks.0.to_q.weight	261	F32	1280,1280	0	identity_bytes	up_blocks.0.motion_modules.2.temporal_transformer.transformer_blocks.0.attention_blocks.0.to_q.weight	F32	1280,1280	temporal_conditional_unet_2d	weight
up_blocks.0.motion_modules.2.temporal_transformer.transformer_blocks.0.attention_blocks.0.to_v.weight	263	F32	1280,1280	0	identity_bytes	up_blocks.0.motion_modules.2.temporal_transformer.transformer_blocks.0.attention_blocks.0.to_v.weight	F32	1280,1280	temporal_conditional_unet_2d	weight
up_blocks.0.motion_modules.2.temporal_transformer.transformer_blocks.0.attention_blocks.1.pos_encoder.pe	272	F32	1,24,1280	0	identity_bytes	up_blocks.0.motion_modules.2.temporal_transformer.transformer_blocks.0.attention_blocks.1.pos_encoder.pe	F32	1,24,1280	temporal_conditional_unet_2d	weight
up_blocks.0.motion_modules.2.temporal_transformer.transformer_blocks.0.attention_blocks.1.to_k.weight	268	F32	1280,1280	0	identity_bytes	up_blocks.0.motion_modules.2.temporal_transformer.transformer_blocks.0.attention_blocks.1.to_k.weight	F32	1280,1280	temporal_conditional_unet_2d	weight
up_blocks.0.motion_modules.2.temporal_transformer.transformer_blocks.0.attention_blocks.1.to_out.0.bias	271	F32	1280	0	identity_bytes	up_blocks.0.motion_modules.2.temporal_transformer.transformer_blocks.0.attention_blocks.1.to_out.0.bias	F32	1280	temporal_conditional_unet_2d	weight
up_blocks.0.motion_modules.2.temporal_transformer.transformer_blocks.0.attention_blocks.1.to_out.0.weight	270	F32	1280,1280	0	identity_bytes	up_blocks.0.motion_modules.2.temporal_transformer.transformer_blocks.0.attention_blocks.1.to_out.0.weight	F32	1280,1280	temporal_conditional_unet_2d	weight
up_blocks.0.motion_modules.2.temporal_transformer.transformer_blocks.0.attention_blocks.1.to_q.weight	267	F32	1280,1280	0	identity_bytes	up_blocks.0.motion_modules.2.temporal_transformer.transformer_blocks.0.attention_blocks.1.to_q.weight	F32	1280,1280	temporal_conditional_unet_2d	weight
up_blocks.0.motion_modules.2.temporal_transformer.transformer_blocks.0.attention_blocks.1.to_v.weight	269	F32	1280,1280	0	identity_bytes	up_blocks.0.motion_modules.2.temporal_transformer.transformer_blocks.0.attention_blocks.1.to_v.weight	F32	1280,1280	temporal_conditional_unet_2d	weight
up_blocks.0.motion_modules.2.temporal_transformer.transformer_blocks.0.ff.net.0.proj.bias	278	F32	10240	0	identity_bytes	up_blocks.0.motion_modules.2.temporal_transformer.transformer_blocks.0.ff.net.0.proj.bias	F32	10240	temporal_conditional_unet_2d	weight
up_blocks.0.motion_modules.2.temporal_transformer.transformer_blocks.0.ff.net.0.proj.weight	277	F32	10240,1280	0	identity_bytes	up_blocks.0.motion_modules.2.temporal_transformer.transformer_blocks.0.ff.net.0.proj.weight	F32	10240,1280	temporal_conditional_unet_2d	weight
up_blocks.0.motion_modules.2.temporal_transformer.transformer_blocks.0.ff.net.2.bias	280	F32	1280	0	identity_bytes	up_blocks.0.motion_modules.2.temporal_transformer.transformer_blocks.0.ff.net.2.bias	F32	1280	temporal_conditional_unet_2d	weight
up_blocks.0.motion_modules.2.temporal_transformer.transformer_blocks.0.ff.net.2.weight	279	F32	1280,5120	0	identity_bytes	up_blocks.0.motion_modules.2.temporal_transformer.transformer_blocks.0.ff.net.2.weight	F32	1280,5120	temporal_conditional_unet_2d	weight
up_blocks.0.motion_modules.2.temporal_transformer.transformer_blocks.0.ff_norm.bias	282	F32	1280	0	identity_bytes	up_blocks.0.motion_modules.2.temporal_transformer.transformer_blocks.0.ff_norm.bias	F32	1280	temporal_conditional_unet_2d	weight
up_blocks.0.motion_modules.2.temporal_transformer.transformer_blocks.0.ff_norm.weight	281	F32	1280	0	identity_bytes	up_blocks.0.motion_modules.2.temporal_transformer.transformer_blocks.0.ff_norm.weight	F32	1280	temporal_conditional_unet_2d	weight
up_blocks.0.motion_modules.2.temporal_transformer.transformer_blocks.0.norms.0.bias	274	F32	1280	0	identity_bytes	up_blocks.0.motion_modules.2.temporal_transformer.transformer_blocks.0.norms.0.bias	F32	1280	temporal_conditional_unet_2d	weight
up_blocks.0.motion_modules.2.temporal_transformer.transformer_blocks.0.norms.0.weight	273	F32	1280	0	identity_bytes	up_blocks.0.motion_modules.2.temporal_transformer.transformer_blocks.0.norms.0.weight	F32	1280	temporal_conditional_unet_2d	weight
up_blocks.0.motion_modules.2.temporal_transformer.transformer_blocks.0.norms.1.bias	276	F32	1280	0	identity_bytes	up_blocks.0.motion_modules.2.temporal_transformer.transformer_blocks.0.norms.1.bias	F32	1280	temporal_conditional_unet_2d	weight
up_blocks.0.motion_modules.2.temporal_transformer.transformer_blocks.0.norms.1.weight	275	F32	1280	0	identity_bytes	up_blocks.0.motion_modules.2.temporal_transformer.transformer_blocks.0.norms.1.weight	F32	1280	temporal_conditional_unet_2d	weight
up_blocks.0.resnets.0.conv1.bias	168	F32	1280	0	identity_bytes	up_blocks.0.resnets.0.conv1.bias	F32	1280	temporal_conditional_unet_2d	weight
up_blocks.0.resnets.0.conv1.weight	167	F32	1280,2560,3,3	0	identity_bytes	up_blocks.0.resnets.0.conv1.weight	F32	1280,2560,3,3	temporal_conditional_unet_2d	weight
up_blocks.0.resnets.0.conv2.bias	174	F32	1280	0	identity_bytes	up_blocks.0.resnets.0.conv2.bias	F32	1280	temporal_conditional_unet_2d	weight
up_blocks.0.resnets.0.conv2.weight	173	F32	1280,1280,3,3	0	identity_bytes	up_blocks.0.resnets.0.conv2.weight	F32	1280,1280,3,3	temporal_conditional_unet_2d	weight
up_blocks.0.resnets.0.conv_shortcut.bias	176	F32	1280	0	identity_bytes	up_blocks.0.resnets.0.conv_shortcut.bias	F32	1280	temporal_conditional_unet_2d	weight
up_blocks.0.resnets.0.conv_shortcut.weight	175	F32	1280,2560,1,1	0	identity_bytes	up_blocks.0.resnets.0.conv_shortcut.weight	F32	1280,2560,1,1	temporal_conditional_unet_2d	weight
up_blocks.0.resnets.0.norm1.bias	166	F32	2560	0	identity_bytes	up_blocks.0.resnets.0.norm1.bias	F32	2560	temporal_conditional_unet_2d	weight
up_blocks.0.resnets.0.norm1.weight	165	F32	2560	0	identity_bytes	up_blocks.0.resnets.0.norm1.weight	F32	2560	temporal_conditional_unet_2d	weight
up_blocks.0.resnets.0.norm2.bias	172	F32	1280	0	identity_bytes	up_blocks.0.resnets.0.norm2.bias	F32	1280	temporal_conditional_unet_2d	weight
up_blocks.0.resnets.0.norm2.weight	171	F32	1280	0	identity_bytes	up_blocks.0.resnets.0.norm2.weight	F32	1280	temporal_conditional_unet_2d	weight
up_blocks.0.resnets.0.time_emb_proj.bias	170	F32	1280	0	identity_bytes	up_blocks.0.resnets.0.time_emb_proj.bias	F32	1280	temporal_conditional_unet_2d	weight
up_blocks.0.resnets.0.time_emb_proj.weight	169	F32	1280,1280	0	identity_bytes	up_blocks.0.resnets.0.time_emb_proj.weight	F32	1280,1280	temporal_conditional_unet_2d	weight
up_blocks.0.resnets.1.conv1.bias	180	F32	1280	0	identity_bytes	up_blocks.0.resnets.1.conv1.bias	F32	1280	temporal_conditional_unet_2d	weight
up_blocks.0.resnets.1.conv1.weight	179	F32	1280,2560,3,3	0	identity_bytes	up_blocks.0.resnets.1.conv1.weight	F32	1280,2560,3,3	temporal_conditional_unet_2d	weight
up_blocks.0.resnets.1.conv2.bias	186	F32	1280	0	identity_bytes	up_blocks.0.resnets.1.conv2.bias	F32	1280	temporal_conditional_unet_2d	weight
up_blocks.0.resnets.1.conv2.weight	185	F32	1280,1280,3,3	0	identity_bytes	up_blocks.0.resnets.1.conv2.weight	F32	1280,1280,3,3	temporal_conditional_unet_2d	weight
up_blocks.0.resnets.1.conv_shortcut.bias	188	F32	1280	0	identity_bytes	up_blocks.0.resnets.1.conv_shortcut.bias	F32	1280	temporal_conditional_unet_2d	weight
up_blocks.0.resnets.1.conv_shortcut.weight	187	F32	1280,2560,1,1	0	identity_bytes	up_blocks.0.resnets.1.conv_shortcut.weight	F32	1280,2560,1,1	temporal_conditional_unet_2d	weight
up_blocks.0.resnets.1.norm1.bias	178	F32	2560	0	identity_bytes	up_blocks.0.resnets.1.norm1.bias	F32	2560	temporal_conditional_unet_2d	weight
up_blocks.0.resnets.1.norm1.weight	177	F32	2560	0	identity_bytes	up_blocks.0.resnets.1.norm1.weight	F32	2560	temporal_conditional_unet_2d	weight
up_blocks.0.resnets.1.norm2.bias	184	F32	1280	0	identity_bytes	up_blocks.0.resnets.1.norm2.bias	F32	1280	temporal_conditional_unet_2d	weight
up_blocks.0.resnets.1.norm2.weight	183	F32	1280	0	identity_bytes	up_blocks.0.resnets.1.norm2.weight	F32	1280	temporal_conditional_unet_2d	weight
up_blocks.0.resnets.1.time_emb_proj.bias	182	F32	1280	0	identity_bytes	up_blocks.0.resnets.1.time_emb_proj.bias	F32	1280	temporal_conditional_unet_2d	weight
up_blocks.0.resnets.1.time_emb_proj.weight	181	F32	1280,1280	0	identity_bytes	up_blocks.0.resnets.1.time_emb_proj.weight	F32	1280,1280	temporal_conditional_unet_2d	weight
up_blocks.0.resnets.2.conv1.bias	192	F32	1280	0	identity_bytes	up_blocks.0.resnets.2.conv1.bias	F32	1280	temporal_conditional_unet_2d	weight
up_blocks.0.resnets.2.conv1.weight	191	F32	1280,2560,3,3	0	identity_bytes	up_blocks.0.resnets.2.conv1.weight	F32	1280,2560,3,3	temporal_conditional_unet_2d	weight
up_blocks.0.resnets.2.conv2.bias	198	F32	1280	0	identity_bytes	up_blocks.0.resnets.2.conv2.bias	F32	1280	temporal_conditional_unet_2d	weight
up_blocks.0.resnets.2.conv2.weight	197	F32	1280,1280,3,3	0	identity_bytes	up_blocks.0.resnets.2.conv2.weight	F32	1280,1280,3,3	temporal_conditional_unet_2d	weight
up_blocks.0.resnets.2.conv_shortcut.bias	200	F32	1280	0	identity_bytes	up_blocks.0.resnets.2.conv_shortcut.bias	F32	1280	temporal_conditional_unet_2d	weight
up_blocks.0.resnets.2.conv_shortcut.weight	199	F32	1280,2560,1,1	0	identity_bytes	up_blocks.0.resnets.2.conv_shortcut.weight	F32	1280,2560,1,1	temporal_conditional_unet_2d	weight
up_blocks.0.resnets.2.norm1.bias	190	F32	2560	0	identity_bytes	up_blocks.0.resnets.2.norm1.bias	F32	2560	temporal_conditional_unet_2d	weight
up_blocks.0.resnets.2.norm1.weight	189	F32	2560	0	identity_bytes	up_blocks.0.resnets.2.norm1.weight	F32	2560	temporal_conditional_unet_2d	weight
up_blocks.0.resnets.2.norm2.bias	196	F32	1280	0	identity_bytes	up_blocks.0.resnets.2.norm2.bias	F32	1280	temporal_conditional_unet_2d	weight
up_blocks.0.resnets.2.norm2.weight	195	F32	1280	0	identity_bytes	up_blocks.0.resnets.2.norm2.weight	F32	1280	temporal_conditional_unet_2d	weight
up_blocks.0.resnets.2.time_emb_proj.bias	194	F32	1280	0	identity_bytes	up_blocks.0.resnets.2.time_emb_proj.bias	F32	1280	temporal_conditional_unet_2d	weight
up_blocks.0.resnets.2.time_emb_proj.weight	193	F32	1280,1280	0	identity_bytes	up_blocks.0.resnets.2.time_emb_proj.weight	F32	1280,1280	temporal_conditional_unet_2d	weight
up_blocks.0.upsamplers.0.conv.bias	286	F32	1280	0	identity_bytes	up_blocks.0.upsamplers.0.conv.bias	F32	1280	temporal_conditional_unet_2d	weight
up_blocks.0.upsamplers.0.conv.weight	285	F32	1280,1280,3,3	0	identity_bytes	up_blocks.0.upsamplers.0.conv.weight	F32	1280,1280,3,3	temporal_conditional_unet_2d	weight
up_blocks.1.attentions.0.norm.bias	288	F32	1280	0	identity_bytes	up_blocks.1.attentions.0.norm.bias	F32	1280	temporal_conditional_unet_2d	weight
up_blocks.1.attentions.0.norm.weight	287	F32	1280	0	identity_bytes	up_blocks.1.attentions.0.norm.weight	F32	1280	temporal_conditional_unet_2d	weight
up_blocks.1.attentions.0.proj_in.bias	290	F32	1280	0	identity_bytes	up_blocks.1.attentions.0.proj_in.bias	F32	1280	temporal_conditional_unet_2d	weight
up_blocks.1.attentions.0.proj_in.weight	289	F32	1280,1280,1,1	0	identity_bytes	up_blocks.1.attentions.0.proj_in.weight	F32	1280,1280,1,1	temporal_conditional_unet_2d	weight
up_blocks.1.attentions.0.proj_out.bias	312	F32	1280	0	identity_bytes	up_blocks.1.attentions.0.proj_out.bias	F32	1280	temporal_conditional_unet_2d	weight
up_blocks.1.attentions.0.proj_out.weight	311	F32	1280,1280,1,1	0	identity_bytes	up_blocks.1.attentions.0.proj_out.weight	F32	1280,1280,1,1	temporal_conditional_unet_2d	weight
up_blocks.1.attentions.0.transformer_blocks.0.attn1.to_k.weight	294	F32	1280,1280	0	identity_bytes	up_blocks.1.attentions.0.transformer_blocks.0.attn1.to_k.weight	F32	1280,1280	temporal_conditional_unet_2d	weight
up_blocks.1.attentions.0.transformer_blocks.0.attn1.to_out.0.bias	297	F32	1280	0	identity_bytes	up_blocks.1.attentions.0.transformer_blocks.0.attn1.to_out.0.bias	F32	1280	temporal_conditional_unet_2d	weight
up_blocks.1.attentions.0.transformer_blocks.0.attn1.to_out.0.weight	296	F32	1280,1280	0	identity_bytes	up_blocks.1.attentions.0.transformer_blocks.0.attn1.to_out.0.weight	F32	1280,1280	temporal_conditional_unet_2d	weight
up_blocks.1.attentions.0.transformer_blocks.0.attn1.to_q.weight	293	F32	1280,1280	0	identity_bytes	up_blocks.1.attentions.0.transformer_blocks.0.attn1.to_q.weight	F32	1280,1280	temporal_conditional_unet_2d	weight
up_blocks.1.attentions.0.transformer_blocks.0.attn1.to_v.weight	295	F32	1280,1280	0	identity_bytes	up_blocks.1.attentions.0.transformer_blocks.0.attn1.to_v.weight	F32	1280,1280	temporal_conditional_unet_2d	weight
up_blocks.1.attentions.0.transformer_blocks.0.attn2.to_k.weight	301	F32	1280,384	0	identity_bytes	up_blocks.1.attentions.0.transformer_blocks.0.attn2.to_k.weight	F32	1280,384	temporal_conditional_unet_2d	weight
up_blocks.1.attentions.0.transformer_blocks.0.attn2.to_out.0.bias	304	F32	1280	0	identity_bytes	up_blocks.1.attentions.0.transformer_blocks.0.attn2.to_out.0.bias	F32	1280	temporal_conditional_unet_2d	weight
up_blocks.1.attentions.0.transformer_blocks.0.attn2.to_out.0.weight	303	F32	1280,1280	0	identity_bytes	up_blocks.1.attentions.0.transformer_blocks.0.attn2.to_out.0.weight	F32	1280,1280	temporal_conditional_unet_2d	weight
up_blocks.1.attentions.0.transformer_blocks.0.attn2.to_q.weight	300	F32	1280,1280	0	identity_bytes	up_blocks.1.attentions.0.transformer_blocks.0.attn2.to_q.weight	F32	1280,1280	temporal_conditional_unet_2d	weight
up_blocks.1.attentions.0.transformer_blocks.0.attn2.to_v.weight	302	F32	1280,384	0	identity_bytes	up_blocks.1.attentions.0.transformer_blocks.0.attn2.to_v.weight	F32	1280,384	temporal_conditional_unet_2d	weight
up_blocks.1.attentions.0.transformer_blocks.0.ff.net.0.proj.bias	306	F32	10240	0	identity_bytes	up_blocks.1.attentions.0.transformer_blocks.0.ff.net.0.proj.bias	F32	10240	temporal_conditional_unet_2d	weight
up_blocks.1.attentions.0.transformer_blocks.0.ff.net.0.proj.weight	305	F32	10240,1280	0	identity_bytes	up_blocks.1.attentions.0.transformer_blocks.0.ff.net.0.proj.weight	F32	10240,1280	temporal_conditional_unet_2d	weight
up_blocks.1.attentions.0.transformer_blocks.0.ff.net.2.bias	308	F32	1280	0	identity_bytes	up_blocks.1.attentions.0.transformer_blocks.0.ff.net.2.bias	F32	1280	temporal_conditional_unet_2d	weight
up_blocks.1.attentions.0.transformer_blocks.0.ff.net.2.weight	307	F32	1280,5120	0	identity_bytes	up_blocks.1.attentions.0.transformer_blocks.0.ff.net.2.weight	F32	1280,5120	temporal_conditional_unet_2d	weight
up_blocks.1.attentions.0.transformer_blocks.0.norm1.bias	292	F32	1280	0	identity_bytes	up_blocks.1.attentions.0.transformer_blocks.0.norm1.bias	F32	1280	temporal_conditional_unet_2d	weight
up_blocks.1.attentions.0.transformer_blocks.0.norm1.weight	291	F32	1280	0	identity_bytes	up_blocks.1.attentions.0.transformer_blocks.0.norm1.weight	F32	1280	temporal_conditional_unet_2d	weight
up_blocks.1.attentions.0.transformer_blocks.0.norm2.bias	299	F32	1280	0	identity_bytes	up_blocks.1.attentions.0.transformer_blocks.0.norm2.bias	F32	1280	temporal_conditional_unet_2d	weight
up_blocks.1.attentions.0.transformer_blocks.0.norm2.weight	298	F32	1280	0	identity_bytes	up_blocks.1.attentions.0.transformer_blocks.0.norm2.weight	F32	1280	temporal_conditional_unet_2d	weight
up_blocks.1.attentions.0.transformer_blocks.0.norm3.bias	310	F32	1280	0	identity_bytes	up_blocks.1.attentions.0.transformer_blocks.0.norm3.bias	F32	1280	temporal_conditional_unet_2d	weight
up_blocks.1.attentions.0.transformer_blocks.0.norm3.weight	309	F32	1280	0	identity_bytes	up_blocks.1.attentions.0.transformer_blocks.0.norm3.weight	F32	1280	temporal_conditional_unet_2d	weight
up_blocks.1.attentions.1.norm.bias	314	F32	1280	0	identity_bytes	up_blocks.1.attentions.1.norm.bias	F32	1280	temporal_conditional_unet_2d	weight
up_blocks.1.attentions.1.norm.weight	313	F32	1280	0	identity_bytes	up_blocks.1.attentions.1.norm.weight	F32	1280	temporal_conditional_unet_2d	weight
up_blocks.1.attentions.1.proj_in.bias	316	F32	1280	0	identity_bytes	up_blocks.1.attentions.1.proj_in.bias	F32	1280	temporal_conditional_unet_2d	weight
up_blocks.1.attentions.1.proj_in.weight	315	F32	1280,1280,1,1	0	identity_bytes	up_blocks.1.attentions.1.proj_in.weight	F32	1280,1280,1,1	temporal_conditional_unet_2d	weight
up_blocks.1.attentions.1.proj_out.bias	338	F32	1280	0	identity_bytes	up_blocks.1.attentions.1.proj_out.bias	F32	1280	temporal_conditional_unet_2d	weight
up_blocks.1.attentions.1.proj_out.weight	337	F32	1280,1280,1,1	0	identity_bytes	up_blocks.1.attentions.1.proj_out.weight	F32	1280,1280,1,1	temporal_conditional_unet_2d	weight
up_blocks.1.attentions.1.transformer_blocks.0.attn1.to_k.weight	320	F32	1280,1280	0	identity_bytes	up_blocks.1.attentions.1.transformer_blocks.0.attn1.to_k.weight	F32	1280,1280	temporal_conditional_unet_2d	weight
up_blocks.1.attentions.1.transformer_blocks.0.attn1.to_out.0.bias	323	F32	1280	0	identity_bytes	up_blocks.1.attentions.1.transformer_blocks.0.attn1.to_out.0.bias	F32	1280	temporal_conditional_unet_2d	weight
up_blocks.1.attentions.1.transformer_blocks.0.attn1.to_out.0.weight	322	F32	1280,1280	0	identity_bytes	up_blocks.1.attentions.1.transformer_blocks.0.attn1.to_out.0.weight	F32	1280,1280	temporal_conditional_unet_2d	weight
up_blocks.1.attentions.1.transformer_blocks.0.attn1.to_q.weight	319	F32	1280,1280	0	identity_bytes	up_blocks.1.attentions.1.transformer_blocks.0.attn1.to_q.weight	F32	1280,1280	temporal_conditional_unet_2d	weight
up_blocks.1.attentions.1.transformer_blocks.0.attn1.to_v.weight	321	F32	1280,1280	0	identity_bytes	up_blocks.1.attentions.1.transformer_blocks.0.attn1.to_v.weight	F32	1280,1280	temporal_conditional_unet_2d	weight
up_blocks.1.attentions.1.transformer_blocks.0.attn2.to_k.weight	327	F32	1280,384	0	identity_bytes	up_blocks.1.attentions.1.transformer_blocks.0.attn2.to_k.weight	F32	1280,384	temporal_conditional_unet_2d	weight
up_blocks.1.attentions.1.transformer_blocks.0.attn2.to_out.0.bias	330	F32	1280	0	identity_bytes	up_blocks.1.attentions.1.transformer_blocks.0.attn2.to_out.0.bias	F32	1280	temporal_conditional_unet_2d	weight
up_blocks.1.attentions.1.transformer_blocks.0.attn2.to_out.0.weight	329	F32	1280,1280	0	identity_bytes	up_blocks.1.attentions.1.transformer_blocks.0.attn2.to_out.0.weight	F32	1280,1280	temporal_conditional_unet_2d	weight
up_blocks.1.attentions.1.transformer_blocks.0.attn2.to_q.weight	326	F32	1280,1280	0	identity_bytes	up_blocks.1.attentions.1.transformer_blocks.0.attn2.to_q.weight	F32	1280,1280	temporal_conditional_unet_2d	weight
up_blocks.1.attentions.1.transformer_blocks.0.attn2.to_v.weight	328	F32	1280,384	0	identity_bytes	up_blocks.1.attentions.1.transformer_blocks.0.attn2.to_v.weight	F32	1280,384	temporal_conditional_unet_2d	weight
up_blocks.1.attentions.1.transformer_blocks.0.ff.net.0.proj.bias	332	F32	10240	0	identity_bytes	up_blocks.1.attentions.1.transformer_blocks.0.ff.net.0.proj.bias	F32	10240	temporal_conditional_unet_2d	weight
up_blocks.1.attentions.1.transformer_blocks.0.ff.net.0.proj.weight	331	F32	10240,1280	0	identity_bytes	up_blocks.1.attentions.1.transformer_blocks.0.ff.net.0.proj.weight	F32	10240,1280	temporal_conditional_unet_2d	weight
up_blocks.1.attentions.1.transformer_blocks.0.ff.net.2.bias	334	F32	1280	0	identity_bytes	up_blocks.1.attentions.1.transformer_blocks.0.ff.net.2.bias	F32	1280	temporal_conditional_unet_2d	weight
up_blocks.1.attentions.1.transformer_blocks.0.ff.net.2.weight	333	F32	1280,5120	0	identity_bytes	up_blocks.1.attentions.1.transformer_blocks.0.ff.net.2.weight	F32	1280,5120	temporal_conditional_unet_2d	weight
up_blocks.1.attentions.1.transformer_blocks.0.norm1.bias	318	F32	1280	0	identity_bytes	up_blocks.1.attentions.1.transformer_blocks.0.norm1.bias	F32	1280	temporal_conditional_unet_2d	weight
up_blocks.1.attentions.1.transformer_blocks.0.norm1.weight	317	F32	1280	0	identity_bytes	up_blocks.1.attentions.1.transformer_blocks.0.norm1.weight	F32	1280	temporal_conditional_unet_2d	weight
up_blocks.1.attentions.1.transformer_blocks.0.norm2.bias	325	F32	1280	0	identity_bytes	up_blocks.1.attentions.1.transformer_blocks.0.norm2.bias	F32	1280	temporal_conditional_unet_2d	weight
up_blocks.1.attentions.1.transformer_blocks.0.norm2.weight	324	F32	1280	0	identity_bytes	up_blocks.1.attentions.1.transformer_blocks.0.norm2.weight	F32	1280	temporal_conditional_unet_2d	weight
up_blocks.1.attentions.1.transformer_blocks.0.norm3.bias	336	F32	1280	0	identity_bytes	up_blocks.1.attentions.1.transformer_blocks.0.norm3.bias	F32	1280	temporal_conditional_unet_2d	weight
up_blocks.1.attentions.1.transformer_blocks.0.norm3.weight	335	F32	1280	0	identity_bytes	up_blocks.1.attentions.1.transformer_blocks.0.norm3.weight	F32	1280	temporal_conditional_unet_2d	weight
up_blocks.1.attentions.2.norm.bias	340	F32	1280	0	identity_bytes	up_blocks.1.attentions.2.norm.bias	F32	1280	temporal_conditional_unet_2d	weight
up_blocks.1.attentions.2.norm.weight	339	F32	1280	0	identity_bytes	up_blocks.1.attentions.2.norm.weight	F32	1280	temporal_conditional_unet_2d	weight
up_blocks.1.attentions.2.proj_in.bias	342	F32	1280	0	identity_bytes	up_blocks.1.attentions.2.proj_in.bias	F32	1280	temporal_conditional_unet_2d	weight
up_blocks.1.attentions.2.proj_in.weight	341	F32	1280,1280,1,1	0	identity_bytes	up_blocks.1.attentions.2.proj_in.weight	F32	1280,1280,1,1	temporal_conditional_unet_2d	weight
up_blocks.1.attentions.2.proj_out.bias	364	F32	1280	0	identity_bytes	up_blocks.1.attentions.2.proj_out.bias	F32	1280	temporal_conditional_unet_2d	weight
up_blocks.1.attentions.2.proj_out.weight	363	F32	1280,1280,1,1	0	identity_bytes	up_blocks.1.attentions.2.proj_out.weight	F32	1280,1280,1,1	temporal_conditional_unet_2d	weight
up_blocks.1.attentions.2.transformer_blocks.0.attn1.to_k.weight	346	F32	1280,1280	0	identity_bytes	up_blocks.1.attentions.2.transformer_blocks.0.attn1.to_k.weight	F32	1280,1280	temporal_conditional_unet_2d	weight
up_blocks.1.attentions.2.transformer_blocks.0.attn1.to_out.0.bias	349	F32	1280	0	identity_bytes	up_blocks.1.attentions.2.transformer_blocks.0.attn1.to_out.0.bias	F32	1280	temporal_conditional_unet_2d	weight
up_blocks.1.attentions.2.transformer_blocks.0.attn1.to_out.0.weight	348	F32	1280,1280	0	identity_bytes	up_blocks.1.attentions.2.transformer_blocks.0.attn1.to_out.0.weight	F32	1280,1280	temporal_conditional_unet_2d	weight
up_blocks.1.attentions.2.transformer_blocks.0.attn1.to_q.weight	345	F32	1280,1280	0	identity_bytes	up_blocks.1.attentions.2.transformer_blocks.0.attn1.to_q.weight	F32	1280,1280	temporal_conditional_unet_2d	weight
up_blocks.1.attentions.2.transformer_blocks.0.attn1.to_v.weight	347	F32	1280,1280	0	identity_bytes	up_blocks.1.attentions.2.transformer_blocks.0.attn1.to_v.weight	F32	1280,1280	temporal_conditional_unet_2d	weight
up_blocks.1.attentions.2.transformer_blocks.0.attn2.to_k.weight	353	F32	1280,384	0	identity_bytes	up_blocks.1.attentions.2.transformer_blocks.0.attn2.to_k.weight	F32	1280,384	temporal_conditional_unet_2d	weight
up_blocks.1.attentions.2.transformer_blocks.0.attn2.to_out.0.bias	356	F32	1280	0	identity_bytes	up_blocks.1.attentions.2.transformer_blocks.0.attn2.to_out.0.bias	F32	1280	temporal_conditional_unet_2d	weight
up_blocks.1.attentions.2.transformer_blocks.0.attn2.to_out.0.weight	355	F32	1280,1280	0	identity_bytes	up_blocks.1.attentions.2.transformer_blocks.0.attn2.to_out.0.weight	F32	1280,1280	temporal_conditional_unet_2d	weight
up_blocks.1.attentions.2.transformer_blocks.0.attn2.to_q.weight	352	F32	1280,1280	0	identity_bytes	up_blocks.1.attentions.2.transformer_blocks.0.attn2.to_q.weight	F32	1280,1280	temporal_conditional_unet_2d	weight
up_blocks.1.attentions.2.transformer_blocks.0.attn2.to_v.weight	354	F32	1280,384	0	identity_bytes	up_blocks.1.attentions.2.transformer_blocks.0.attn2.to_v.weight	F32	1280,384	temporal_conditional_unet_2d	weight
up_blocks.1.attentions.2.transformer_blocks.0.ff.net.0.proj.bias	358	F32	10240	0	identity_bytes	up_blocks.1.attentions.2.transformer_blocks.0.ff.net.0.proj.bias	F32	10240	temporal_conditional_unet_2d	weight
up_blocks.1.attentions.2.transformer_blocks.0.ff.net.0.proj.weight	357	F32	10240,1280	0	identity_bytes	up_blocks.1.attentions.2.transformer_blocks.0.ff.net.0.proj.weight	F32	10240,1280	temporal_conditional_unet_2d	weight
up_blocks.1.attentions.2.transformer_blocks.0.ff.net.2.bias	360	F32	1280	0	identity_bytes	up_blocks.1.attentions.2.transformer_blocks.0.ff.net.2.bias	F32	1280	temporal_conditional_unet_2d	weight
up_blocks.1.attentions.2.transformer_blocks.0.ff.net.2.weight	359	F32	1280,5120	0	identity_bytes	up_blocks.1.attentions.2.transformer_blocks.0.ff.net.2.weight	F32	1280,5120	temporal_conditional_unet_2d	weight
up_blocks.1.attentions.2.transformer_blocks.0.norm1.bias	344	F32	1280	0	identity_bytes	up_blocks.1.attentions.2.transformer_blocks.0.norm1.bias	F32	1280	temporal_conditional_unet_2d	weight
up_blocks.1.attentions.2.transformer_blocks.0.norm1.weight	343	F32	1280	0	identity_bytes	up_blocks.1.attentions.2.transformer_blocks.0.norm1.weight	F32	1280	temporal_conditional_unet_2d	weight
up_blocks.1.attentions.2.transformer_blocks.0.norm2.bias	351	F32	1280	0	identity_bytes	up_blocks.1.attentions.2.transformer_blocks.0.norm2.bias	F32	1280	temporal_conditional_unet_2d	weight
up_blocks.1.attentions.2.transformer_blocks.0.norm2.weight	350	F32	1280	0	identity_bytes	up_blocks.1.attentions.2.transformer_blocks.0.norm2.weight	F32	1280	temporal_conditional_unet_2d	weight
up_blocks.1.attentions.2.transformer_blocks.0.norm3.bias	362	F32	1280	0	identity_bytes	up_blocks.1.attentions.2.transformer_blocks.0.norm3.bias	F32	1280	temporal_conditional_unet_2d	weight
up_blocks.1.attentions.2.transformer_blocks.0.norm3.weight	361	F32	1280	0	identity_bytes	up_blocks.1.attentions.2.transformer_blocks.0.norm3.weight	F32	1280	temporal_conditional_unet_2d	weight
up_blocks.1.motion_modules.0.temporal_transformer.norm.bias	402	F32	1280	0	identity_bytes	up_blocks.1.motion_modules.0.temporal_transformer.norm.bias	F32	1280	temporal_conditional_unet_2d	weight
up_blocks.1.motion_modules.0.temporal_transformer.norm.weight	401	F32	1280	0	identity_bytes	up_blocks.1.motion_modules.0.temporal_transformer.norm.weight	F32	1280	temporal_conditional_unet_2d	weight
up_blocks.1.motion_modules.0.temporal_transformer.proj_in.bias	404	F32	1280	0	identity_bytes	up_blocks.1.motion_modules.0.temporal_transformer.proj_in.bias	F32	1280	temporal_conditional_unet_2d	weight
up_blocks.1.motion_modules.0.temporal_transformer.proj_in.weight	403	F32	1280,1280	0	identity_bytes	up_blocks.1.motion_modules.0.temporal_transformer.proj_in.weight	F32	1280,1280	temporal_conditional_unet_2d	weight
up_blocks.1.motion_modules.0.temporal_transformer.proj_out.bias	428	F32	1280	0	identity_bytes	up_blocks.1.motion_modules.0.temporal_transformer.proj_out.bias	F32	1280	temporal_conditional_unet_2d	weight
up_blocks.1.motion_modules.0.temporal_transformer.proj_out.weight	427	F32	1280,1280	0	identity_bytes	up_blocks.1.motion_modules.0.temporal_transformer.proj_out.weight	F32	1280,1280	temporal_conditional_unet_2d	weight
up_blocks.1.motion_modules.0.temporal_transformer.transformer_blocks.0.attention_blocks.0.pos_encoder.pe	410	F32	1,24,1280	0	identity_bytes	up_blocks.1.motion_modules.0.temporal_transformer.transformer_blocks.0.attention_blocks.0.pos_encoder.pe	F32	1,24,1280	temporal_conditional_unet_2d	weight
up_blocks.1.motion_modules.0.temporal_transformer.transformer_blocks.0.attention_blocks.0.to_k.weight	406	F32	1280,1280	0	identity_bytes	up_blocks.1.motion_modules.0.temporal_transformer.transformer_blocks.0.attention_blocks.0.to_k.weight	F32	1280,1280	temporal_conditional_unet_2d	weight
up_blocks.1.motion_modules.0.temporal_transformer.transformer_blocks.0.attention_blocks.0.to_out.0.bias	409	F32	1280	0	identity_bytes	up_blocks.1.motion_modules.0.temporal_transformer.transformer_blocks.0.attention_blocks.0.to_out.0.bias	F32	1280	temporal_conditional_unet_2d	weight
up_blocks.1.motion_modules.0.temporal_transformer.transformer_blocks.0.attention_blocks.0.to_out.0.weight	408	F32	1280,1280	0	identity_bytes	up_blocks.1.motion_modules.0.temporal_transformer.transformer_blocks.0.attention_blocks.0.to_out.0.weight	F32	1280,1280	temporal_conditional_unet_2d	weight
up_blocks.1.motion_modules.0.temporal_transformer.transformer_blocks.0.attention_blocks.0.to_q.weight	405	F32	1280,1280	0	identity_bytes	up_blocks.1.motion_modules.0.temporal_transformer.transformer_blocks.0.attention_blocks.0.to_q.weight	F32	1280,1280	temporal_conditional_unet_2d	weight
up_blocks.1.motion_modules.0.temporal_transformer.transformer_blocks.0.attention_blocks.0.to_v.weight	407	F32	1280,1280	0	identity_bytes	up_blocks.1.motion_modules.0.temporal_transformer.transformer_blocks.0.attention_blocks.0.to_v.weight	F32	1280,1280	temporal_conditional_unet_2d	weight
up_blocks.1.motion_modules.0.temporal_transformer.transformer_blocks.0.attention_blocks.1.pos_encoder.pe	416	F32	1,24,1280	0	identity_bytes	up_blocks.1.motion_modules.0.temporal_transformer.transformer_blocks.0.attention_blocks.1.pos_encoder.pe	F32	1,24,1280	temporal_conditional_unet_2d	weight
up_blocks.1.motion_modules.0.temporal_transformer.transformer_blocks.0.attention_blocks.1.to_k.weight	412	F32	1280,1280	0	identity_bytes	up_blocks.1.motion_modules.0.temporal_transformer.transformer_blocks.0.attention_blocks.1.to_k.weight	F32	1280,1280	temporal_conditional_unet_2d	weight
up_blocks.1.motion_modules.0.temporal_transformer.transformer_blocks.0.attention_blocks.1.to_out.0.bias	415	F32	1280	0	identity_bytes	up_blocks.1.motion_modules.0.temporal_transformer.transformer_blocks.0.attention_blocks.1.to_out.0.bias	F32	1280	temporal_conditional_unet_2d	weight
up_blocks.1.motion_modules.0.temporal_transformer.transformer_blocks.0.attention_blocks.1.to_out.0.weight	414	F32	1280,1280	0	identity_bytes	up_blocks.1.motion_modules.0.temporal_transformer.transformer_blocks.0.attention_blocks.1.to_out.0.weight	F32	1280,1280	temporal_conditional_unet_2d	weight
up_blocks.1.motion_modules.0.temporal_transformer.transformer_blocks.0.attention_blocks.1.to_q.weight	411	F32	1280,1280	0	identity_bytes	up_blocks.1.motion_modules.0.temporal_transformer.transformer_blocks.0.attention_blocks.1.to_q.weight	F32	1280,1280	temporal_conditional_unet_2d	weight
up_blocks.1.motion_modules.0.temporal_transformer.transformer_blocks.0.attention_blocks.1.to_v.weight	413	F32	1280,1280	0	identity_bytes	up_blocks.1.motion_modules.0.temporal_transformer.transformer_blocks.0.attention_blocks.1.to_v.weight	F32	1280,1280	temporal_conditional_unet_2d	weight
up_blocks.1.motion_modules.0.temporal_transformer.transformer_blocks.0.ff.net.0.proj.bias	422	F32	10240	0	identity_bytes	up_blocks.1.motion_modules.0.temporal_transformer.transformer_blocks.0.ff.net.0.proj.bias	F32	10240	temporal_conditional_unet_2d	weight
up_blocks.1.motion_modules.0.temporal_transformer.transformer_blocks.0.ff.net.0.proj.weight	421	F32	10240,1280	0	identity_bytes	up_blocks.1.motion_modules.0.temporal_transformer.transformer_blocks.0.ff.net.0.proj.weight	F32	10240,1280	temporal_conditional_unet_2d	weight
up_blocks.1.motion_modules.0.temporal_transformer.transformer_blocks.0.ff.net.2.bias	424	F32	1280	0	identity_bytes	up_blocks.1.motion_modules.0.temporal_transformer.transformer_blocks.0.ff.net.2.bias	F32	1280	temporal_conditional_unet_2d	weight
up_blocks.1.motion_modules.0.temporal_transformer.transformer_blocks.0.ff.net.2.weight	423	F32	1280,5120	0	identity_bytes	up_blocks.1.motion_modules.0.temporal_transformer.transformer_blocks.0.ff.net.2.weight	F32	1280,5120	temporal_conditional_unet_2d	weight
up_blocks.1.motion_modules.0.temporal_transformer.transformer_blocks.0.ff_norm.bias	426	F32	1280	0	identity_bytes	up_blocks.1.motion_modules.0.temporal_transformer.transformer_blocks.0.ff_norm.bias	F32	1280	temporal_conditional_unet_2d	weight
up_blocks.1.motion_modules.0.temporal_transformer.transformer_blocks.0.ff_norm.weight	425	F32	1280	0	identity_bytes	up_blocks.1.motion_modules.0.temporal_transformer.transformer_blocks.0.ff_norm.weight	F32	1280	temporal_conditional_unet_2d	weight
up_blocks.1.motion_modules.0.temporal_transformer.transformer_blocks.0.norms.0.bias	418	F32	1280	0	identity_bytes	up_blocks.1.motion_modules.0.temporal_transformer.transformer_blocks.0.norms.0.bias	F32	1280	temporal_conditional_unet_2d	weight
up_blocks.1.motion_modules.0.temporal_transformer.transformer_blocks.0.norms.0.weight	417	F32	1280	0	identity_bytes	up_blocks.1.motion_modules.0.temporal_transformer.transformer_blocks.0.norms.0.weight	F32	1280	temporal_conditional_unet_2d	weight
up_blocks.1.motion_modules.0.temporal_transformer.transformer_blocks.0.norms.1.bias	420	F32	1280	0	identity_bytes	up_blocks.1.motion_modules.0.temporal_transformer.transformer_blocks.0.norms.1.bias	F32	1280	temporal_conditional_unet_2d	weight
up_blocks.1.motion_modules.0.temporal_transformer.transformer_blocks.0.norms.1.weight	419	F32	1280	0	identity_bytes	up_blocks.1.motion_modules.0.temporal_transformer.transformer_blocks.0.norms.1.weight	F32	1280	temporal_conditional_unet_2d	weight
up_blocks.1.motion_modules.1.temporal_transformer.norm.bias	430	F32	1280	0	identity_bytes	up_blocks.1.motion_modules.1.temporal_transformer.norm.bias	F32	1280	temporal_conditional_unet_2d	weight
up_blocks.1.motion_modules.1.temporal_transformer.norm.weight	429	F32	1280	0	identity_bytes	up_blocks.1.motion_modules.1.temporal_transformer.norm.weight	F32	1280	temporal_conditional_unet_2d	weight
up_blocks.1.motion_modules.1.temporal_transformer.proj_in.bias	432	F32	1280	0	identity_bytes	up_blocks.1.motion_modules.1.temporal_transformer.proj_in.bias	F32	1280	temporal_conditional_unet_2d	weight
up_blocks.1.motion_modules.1.temporal_transformer.proj_in.weight	431	F32	1280,1280	0	identity_bytes	up_blocks.1.motion_modules.1.temporal_transformer.proj_in.weight	F32	1280,1280	temporal_conditional_unet_2d	weight
up_blocks.1.motion_modules.1.temporal_transformer.proj_out.bias	456	F32	1280	0	identity_bytes	up_blocks.1.motion_modules.1.temporal_transformer.proj_out.bias	F32	1280	temporal_conditional_unet_2d	weight
up_blocks.1.motion_modules.1.temporal_transformer.proj_out.weight	455	F32	1280,1280	0	identity_bytes	up_blocks.1.motion_modules.1.temporal_transformer.proj_out.weight	F32	1280,1280	temporal_conditional_unet_2d	weight
up_blocks.1.motion_modules.1.temporal_transformer.transformer_blocks.0.attention_blocks.0.pos_encoder.pe	438	F32	1,24,1280	0	identity_bytes	up_blocks.1.motion_modules.1.temporal_transformer.transformer_blocks.0.attention_blocks.0.pos_encoder.pe	F32	1,24,1280	temporal_conditional_unet_2d	weight
up_blocks.1.motion_modules.1.temporal_transformer.transformer_blocks.0.attention_blocks.0.to_k.weight	434	F32	1280,1280	0	identity_bytes	up_blocks.1.motion_modules.1.temporal_transformer.transformer_blocks.0.attention_blocks.0.to_k.weight	F32	1280,1280	temporal_conditional_unet_2d	weight
up_blocks.1.motion_modules.1.temporal_transformer.transformer_blocks.0.attention_blocks.0.to_out.0.bias	437	F32	1280	0	identity_bytes	up_blocks.1.motion_modules.1.temporal_transformer.transformer_blocks.0.attention_blocks.0.to_out.0.bias	F32	1280	temporal_conditional_unet_2d	weight
up_blocks.1.motion_modules.1.temporal_transformer.transformer_blocks.0.attention_blocks.0.to_out.0.weight	436	F32	1280,1280	0	identity_bytes	up_blocks.1.motion_modules.1.temporal_transformer.transformer_blocks.0.attention_blocks.0.to_out.0.weight	F32	1280,1280	temporal_conditional_unet_2d	weight
up_blocks.1.motion_modules.1.temporal_transformer.transformer_blocks.0.attention_blocks.0.to_q.weight	433	F32	1280,1280	0	identity_bytes	up_blocks.1.motion_modules.1.temporal_transformer.transformer_blocks.0.attention_blocks.0.to_q.weight	F32	1280,1280	temporal_conditional_unet_2d	weight
up_blocks.1.motion_modules.1.temporal_transformer.transformer_blocks.0.attention_blocks.0.to_v.weight	435	F32	1280,1280	0	identity_bytes	up_blocks.1.motion_modules.1.temporal_transformer.transformer_blocks.0.attention_blocks.0.to_v.weight	F32	1280,1280	temporal_conditional_unet_2d	weight
up_blocks.1.motion_modules.1.temporal_transformer.transformer_blocks.0.attention_blocks.1.pos_encoder.pe	444	F32	1,24,1280	0	identity_bytes	up_blocks.1.motion_modules.1.temporal_transformer.transformer_blocks.0.attention_blocks.1.pos_encoder.pe	F32	1,24,1280	temporal_conditional_unet_2d	weight
up_blocks.1.motion_modules.1.temporal_transformer.transformer_blocks.0.attention_blocks.1.to_k.weight	440	F32	1280,1280	0	identity_bytes	up_blocks.1.motion_modules.1.temporal_transformer.transformer_blocks.0.attention_blocks.1.to_k.weight	F32	1280,1280	temporal_conditional_unet_2d	weight
up_blocks.1.motion_modules.1.temporal_transformer.transformer_blocks.0.attention_blocks.1.to_out.0.bias	443	F32	1280	0	identity_bytes	up_blocks.1.motion_modules.1.temporal_transformer.transformer_blocks.0.attention_blocks.1.to_out.0.bias	F32	1280	temporal_conditional_unet_2d	weight
up_blocks.1.motion_modules.1.temporal_transformer.transformer_blocks.0.attention_blocks.1.to_out.0.weight	442	F32	1280,1280	0	identity_bytes	up_blocks.1.motion_modules.1.temporal_transformer.transformer_blocks.0.attention_blocks.1.to_out.0.weight	F32	1280,1280	temporal_conditional_unet_2d	weight
up_blocks.1.motion_modules.1.temporal_transformer.transformer_blocks.0.attention_blocks.1.to_q.weight	439	F32	1280,1280	0	identity_bytes	up_blocks.1.motion_modules.1.temporal_transformer.transformer_blocks.0.attention_blocks.1.to_q.weight	F32	1280,1280	temporal_conditional_unet_2d	weight
up_blocks.1.motion_modules.1.temporal_transformer.transformer_blocks.0.attention_blocks.1.to_v.weight	441	F32	1280,1280	0	identity_bytes	up_blocks.1.motion_modules.1.temporal_transformer.transformer_blocks.0.attention_blocks.1.to_v.weight	F32	1280,1280	temporal_conditional_unet_2d	weight
up_blocks.1.motion_modules.1.temporal_transformer.transformer_blocks.0.ff.net.0.proj.bias	450	F32	10240	0	identity_bytes	up_blocks.1.motion_modules.1.temporal_transformer.transformer_blocks.0.ff.net.0.proj.bias	F32	10240	temporal_conditional_unet_2d	weight
up_blocks.1.motion_modules.1.temporal_transformer.transformer_blocks.0.ff.net.0.proj.weight	449	F32	10240,1280	0	identity_bytes	up_blocks.1.motion_modules.1.temporal_transformer.transformer_blocks.0.ff.net.0.proj.weight	F32	10240,1280	temporal_conditional_unet_2d	weight
up_blocks.1.motion_modules.1.temporal_transformer.transformer_blocks.0.ff.net.2.bias	452	F32	1280	0	identity_bytes	up_blocks.1.motion_modules.1.temporal_transformer.transformer_blocks.0.ff.net.2.bias	F32	1280	temporal_conditional_unet_2d	weight
up_blocks.1.motion_modules.1.temporal_transformer.transformer_blocks.0.ff.net.2.weight	451	F32	1280,5120	0	identity_bytes	up_blocks.1.motion_modules.1.temporal_transformer.transformer_blocks.0.ff.net.2.weight	F32	1280,5120	temporal_conditional_unet_2d	weight
up_blocks.1.motion_modules.1.temporal_transformer.transformer_blocks.0.ff_norm.bias	454	F32	1280	0	identity_bytes	up_blocks.1.motion_modules.1.temporal_transformer.transformer_blocks.0.ff_norm.bias	F32	1280	temporal_conditional_unet_2d	weight
up_blocks.1.motion_modules.1.temporal_transformer.transformer_blocks.0.ff_norm.weight	453	F32	1280	0	identity_bytes	up_blocks.1.motion_modules.1.temporal_transformer.transformer_blocks.0.ff_norm.weight	F32	1280	temporal_conditional_unet_2d	weight
up_blocks.1.motion_modules.1.temporal_transformer.transformer_blocks.0.norms.0.bias	446	F32	1280	0	identity_bytes	up_blocks.1.motion_modules.1.temporal_transformer.transformer_blocks.0.norms.0.bias	F32	1280	temporal_conditional_unet_2d	weight
up_blocks.1.motion_modules.1.temporal_transformer.transformer_blocks.0.norms.0.weight	445	F32	1280	0	identity_bytes	up_blocks.1.motion_modules.1.temporal_transformer.transformer_blocks.0.norms.0.weight	F32	1280	temporal_conditional_unet_2d	weight
up_blocks.1.motion_modules.1.temporal_transformer.transformer_blocks.0.norms.1.bias	448	F32	1280	0	identity_bytes	up_blocks.1.motion_modules.1.temporal_transformer.transformer_blocks.0.norms.1.bias	F32	1280	temporal_conditional_unet_2d	weight
up_blocks.1.motion_modules.1.temporal_transformer.transformer_blocks.0.norms.1.weight	447	F32	1280	0	identity_bytes	up_blocks.1.motion_modules.1.temporal_transformer.transformer_blocks.0.norms.1.weight	F32	1280	temporal_conditional_unet_2d	weight
up_blocks.1.motion_modules.2.temporal_transformer.norm.bias	458	F32	1280	0	identity_bytes	up_blocks.1.motion_modules.2.temporal_transformer.norm.bias	F32	1280	temporal_conditional_unet_2d	weight
up_blocks.1.motion_modules.2.temporal_transformer.norm.weight	457	F32	1280	0	identity_bytes	up_blocks.1.motion_modules.2.temporal_transformer.norm.weight	F32	1280	temporal_conditional_unet_2d	weight
up_blocks.1.motion_modules.2.temporal_transformer.proj_in.bias	460	F32	1280	0	identity_bytes	up_blocks.1.motion_modules.2.temporal_transformer.proj_in.bias	F32	1280	temporal_conditional_unet_2d	weight
up_blocks.1.motion_modules.2.temporal_transformer.proj_in.weight	459	F32	1280,1280	0	identity_bytes	up_blocks.1.motion_modules.2.temporal_transformer.proj_in.weight	F32	1280,1280	temporal_conditional_unet_2d	weight
up_blocks.1.motion_modules.2.temporal_transformer.proj_out.bias	484	F32	1280	0	identity_bytes	up_blocks.1.motion_modules.2.temporal_transformer.proj_out.bias	F32	1280	temporal_conditional_unet_2d	weight
up_blocks.1.motion_modules.2.temporal_transformer.proj_out.weight	483	F32	1280,1280	0	identity_bytes	up_blocks.1.motion_modules.2.temporal_transformer.proj_out.weight	F32	1280,1280	temporal_conditional_unet_2d	weight
up_blocks.1.motion_modules.2.temporal_transformer.transformer_blocks.0.attention_blocks.0.pos_encoder.pe	466	F32	1,24,1280	0	identity_bytes	up_blocks.1.motion_modules.2.temporal_transformer.transformer_blocks.0.attention_blocks.0.pos_encoder.pe	F32	1,24,1280	temporal_conditional_unet_2d	weight
up_blocks.1.motion_modules.2.temporal_transformer.transformer_blocks.0.attention_blocks.0.to_k.weight	462	F32	1280,1280	0	identity_bytes	up_blocks.1.motion_modules.2.temporal_transformer.transformer_blocks.0.attention_blocks.0.to_k.weight	F32	1280,1280	temporal_conditional_unet_2d	weight
up_blocks.1.motion_modules.2.temporal_transformer.transformer_blocks.0.attention_blocks.0.to_out.0.bias	465	F32	1280	0	identity_bytes	up_blocks.1.motion_modules.2.temporal_transformer.transformer_blocks.0.attention_blocks.0.to_out.0.bias	F32	1280	temporal_conditional_unet_2d	weight
up_blocks.1.motion_modules.2.temporal_transformer.transformer_blocks.0.attention_blocks.0.to_out.0.weight	464	F32	1280,1280	0	identity_bytes	up_blocks.1.motion_modules.2.temporal_transformer.transformer_blocks.0.attention_blocks.0.to_out.0.weight	F32	1280,1280	temporal_conditional_unet_2d	weight
up_blocks.1.motion_modules.2.temporal_transformer.transformer_blocks.0.attention_blocks.0.to_q.weight	461	F32	1280,1280	0	identity_bytes	up_blocks.1.motion_modules.2.temporal_transformer.transformer_blocks.0.attention_blocks.0.to_q.weight	F32	1280,1280	temporal_conditional_unet_2d	weight
up_blocks.1.motion_modules.2.temporal_transformer.transformer_blocks.0.attention_blocks.0.to_v.weight	463	F32	1280,1280	0	identity_bytes	up_blocks.1.motion_modules.2.temporal_transformer.transformer_blocks.0.attention_blocks.0.to_v.weight	F32	1280,1280	temporal_conditional_unet_2d	weight
up_blocks.1.motion_modules.2.temporal_transformer.transformer_blocks.0.attention_blocks.1.pos_encoder.pe	472	F32	1,24,1280	0	identity_bytes	up_blocks.1.motion_modules.2.temporal_transformer.transformer_blocks.0.attention_blocks.1.pos_encoder.pe	F32	1,24,1280	temporal_conditional_unet_2d	weight
up_blocks.1.motion_modules.2.temporal_transformer.transformer_blocks.0.attention_blocks.1.to_k.weight	468	F32	1280,1280	0	identity_bytes	up_blocks.1.motion_modules.2.temporal_transformer.transformer_blocks.0.attention_blocks.1.to_k.weight	F32	1280,1280	temporal_conditional_unet_2d	weight
up_blocks.1.motion_modules.2.temporal_transformer.transformer_blocks.0.attention_blocks.1.to_out.0.bias	471	F32	1280	0	identity_bytes	up_blocks.1.motion_modules.2.temporal_transformer.transformer_blocks.0.attention_blocks.1.to_out.0.bias	F32	1280	temporal_conditional_unet_2d	weight
up_blocks.1.motion_modules.2.temporal_transformer.transformer_blocks.0.attention_blocks.1.to_out.0.weight	470	F32	1280,1280	0	identity_bytes	up_blocks.1.motion_modules.2.temporal_transformer.transformer_blocks.0.attention_blocks.1.to_out.0.weight	F32	1280,1280	temporal_conditional_unet_2d	weight
up_blocks.1.motion_modules.2.temporal_transformer.transformer_blocks.0.attention_blocks.1.to_q.weight	467	F32	1280,1280	0	identity_bytes	up_blocks.1.motion_modules.2.temporal_transformer.transformer_blocks.0.attention_blocks.1.to_q.weight	F32	1280,1280	temporal_conditional_unet_2d	weight
up_blocks.1.motion_modules.2.temporal_transformer.transformer_blocks.0.attention_blocks.1.to_v.weight	469	F32	1280,1280	0	identity_bytes	up_blocks.1.motion_modules.2.temporal_transformer.transformer_blocks.0.attention_blocks.1.to_v.weight	F32	1280,1280	temporal_conditional_unet_2d	weight
up_blocks.1.motion_modules.2.temporal_transformer.transformer_blocks.0.ff.net.0.proj.bias	478	F32	10240	0	identity_bytes	up_blocks.1.motion_modules.2.temporal_transformer.transformer_blocks.0.ff.net.0.proj.bias	F32	10240	temporal_conditional_unet_2d	weight
up_blocks.1.motion_modules.2.temporal_transformer.transformer_blocks.0.ff.net.0.proj.weight	477	F32	10240,1280	0	identity_bytes	up_blocks.1.motion_modules.2.temporal_transformer.transformer_blocks.0.ff.net.0.proj.weight	F32	10240,1280	temporal_conditional_unet_2d	weight
up_blocks.1.motion_modules.2.temporal_transformer.transformer_blocks.0.ff.net.2.bias	480	F32	1280	0	identity_bytes	up_blocks.1.motion_modules.2.temporal_transformer.transformer_blocks.0.ff.net.2.bias	F32	1280	temporal_conditional_unet_2d	weight
up_blocks.1.motion_modules.2.temporal_transformer.transformer_blocks.0.ff.net.2.weight	479	F32	1280,5120	0	identity_bytes	up_blocks.1.motion_modules.2.temporal_transformer.transformer_blocks.0.ff.net.2.weight	F32	1280,5120	temporal_conditional_unet_2d	weight
up_blocks.1.motion_modules.2.temporal_transformer.transformer_blocks.0.ff_norm.bias	482	F32	1280	0	identity_bytes	up_blocks.1.motion_modules.2.temporal_transformer.transformer_blocks.0.ff_norm.bias	F32	1280	temporal_conditional_unet_2d	weight
up_blocks.1.motion_modules.2.temporal_transformer.transformer_blocks.0.ff_norm.weight	481	F32	1280	0	identity_bytes	up_blocks.1.motion_modules.2.temporal_transformer.transformer_blocks.0.ff_norm.weight	F32	1280	temporal_conditional_unet_2d	weight
up_blocks.1.motion_modules.2.temporal_transformer.transformer_blocks.0.norms.0.bias	474	F32	1280	0	identity_bytes	up_blocks.1.motion_modules.2.temporal_transformer.transformer_blocks.0.norms.0.bias	F32	1280	temporal_conditional_unet_2d	weight
up_blocks.1.motion_modules.2.temporal_transformer.transformer_blocks.0.norms.0.weight	473	F32	1280	0	identity_bytes	up_blocks.1.motion_modules.2.temporal_transformer.transformer_blocks.0.norms.0.weight	F32	1280	temporal_conditional_unet_2d	weight
up_blocks.1.motion_modules.2.temporal_transformer.transformer_blocks.0.norms.1.bias	476	F32	1280	0	identity_bytes	up_blocks.1.motion_modules.2.temporal_transformer.transformer_blocks.0.norms.1.bias	F32	1280	temporal_conditional_unet_2d	weight
up_blocks.1.motion_modules.2.temporal_transformer.transformer_blocks.0.norms.1.weight	475	F32	1280	0	identity_bytes	up_blocks.1.motion_modules.2.temporal_transformer.transformer_blocks.0.norms.1.weight	F32	1280	temporal_conditional_unet_2d	weight
up_blocks.1.resnets.0.conv1.bias	368	F32	1280	0	identity_bytes	up_blocks.1.resnets.0.conv1.bias	F32	1280	temporal_conditional_unet_2d	weight
up_blocks.1.resnets.0.conv1.weight	367	F32	1280,2560,3,3	0	identity_bytes	up_blocks.1.resnets.0.conv1.weight	F32	1280,2560,3,3	temporal_conditional_unet_2d	weight
up_blocks.1.resnets.0.conv2.bias	374	F32	1280	0	identity_bytes	up_blocks.1.resnets.0.conv2.bias	F32	1280	temporal_conditional_unet_2d	weight
up_blocks.1.resnets.0.conv2.weight	373	F32	1280,1280,3,3	0	identity_bytes	up_blocks.1.resnets.0.conv2.weight	F32	1280,1280,3,3	temporal_conditional_unet_2d	weight
up_blocks.1.resnets.0.conv_shortcut.bias	376	F32	1280	0	identity_bytes	up_blocks.1.resnets.0.conv_shortcut.bias	F32	1280	temporal_conditional_unet_2d	weight
up_blocks.1.resnets.0.conv_shortcut.weight	375	F32	1280,2560,1,1	0	identity_bytes	up_blocks.1.resnets.0.conv_shortcut.weight	F32	1280,2560,1,1	temporal_conditional_unet_2d	weight
up_blocks.1.resnets.0.norm1.bias	366	F32	2560	0	identity_bytes	up_blocks.1.resnets.0.norm1.bias	F32	2560	temporal_conditional_unet_2d	weight
up_blocks.1.resnets.0.norm1.weight	365	F32	2560	0	identity_bytes	up_blocks.1.resnets.0.norm1.weight	F32	2560	temporal_conditional_unet_2d	weight
up_blocks.1.resnets.0.norm2.bias	372	F32	1280	0	identity_bytes	up_blocks.1.resnets.0.norm2.bias	F32	1280	temporal_conditional_unet_2d	weight
up_blocks.1.resnets.0.norm2.weight	371	F32	1280	0	identity_bytes	up_blocks.1.resnets.0.norm2.weight	F32	1280	temporal_conditional_unet_2d	weight
up_blocks.1.resnets.0.time_emb_proj.bias	370	F32	1280	0	identity_bytes	up_blocks.1.resnets.0.time_emb_proj.bias	F32	1280	temporal_conditional_unet_2d	weight
up_blocks.1.resnets.0.time_emb_proj.weight	369	F32	1280,1280	0	identity_bytes	up_blocks.1.resnets.0.time_emb_proj.weight	F32	1280,1280	temporal_conditional_unet_2d	weight
up_blocks.1.resnets.1.conv1.bias	380	F32	1280	0	identity_bytes	up_blocks.1.resnets.1.conv1.bias	F32	1280	temporal_conditional_unet_2d	weight
up_blocks.1.resnets.1.conv1.weight	379	F32	1280,2560,3,3	0	identity_bytes	up_blocks.1.resnets.1.conv1.weight	F32	1280,2560,3,3	temporal_conditional_unet_2d	weight
up_blocks.1.resnets.1.conv2.bias	386	F32	1280	0	identity_bytes	up_blocks.1.resnets.1.conv2.bias	F32	1280	temporal_conditional_unet_2d	weight
up_blocks.1.resnets.1.conv2.weight	385	F32	1280,1280,3,3	0	identity_bytes	up_blocks.1.resnets.1.conv2.weight	F32	1280,1280,3,3	temporal_conditional_unet_2d	weight
up_blocks.1.resnets.1.conv_shortcut.bias	388	F32	1280	0	identity_bytes	up_blocks.1.resnets.1.conv_shortcut.bias	F32	1280	temporal_conditional_unet_2d	weight
up_blocks.1.resnets.1.conv_shortcut.weight	387	F32	1280,2560,1,1	0	identity_bytes	up_blocks.1.resnets.1.conv_shortcut.weight	F32	1280,2560,1,1	temporal_conditional_unet_2d	weight
up_blocks.1.resnets.1.norm1.bias	378	F32	2560	0	identity_bytes	up_blocks.1.resnets.1.norm1.bias	F32	2560	temporal_conditional_unet_2d	weight
up_blocks.1.resnets.1.norm1.weight	377	F32	2560	0	identity_bytes	up_blocks.1.resnets.1.norm1.weight	F32	2560	temporal_conditional_unet_2d	weight
up_blocks.1.resnets.1.norm2.bias	384	F32	1280	0	identity_bytes	up_blocks.1.resnets.1.norm2.bias	F32	1280	temporal_conditional_unet_2d	weight
up_blocks.1.resnets.1.norm2.weight	383	F32	1280	0	identity_bytes	up_blocks.1.resnets.1.norm2.weight	F32	1280	temporal_conditional_unet_2d	weight
up_blocks.1.resnets.1.time_emb_proj.bias	382	F32	1280	0	identity_bytes	up_blocks.1.resnets.1.time_emb_proj.bias	F32	1280	temporal_conditional_unet_2d	weight
up_blocks.1.resnets.1.time_emb_proj.weight	381	F32	1280,1280	0	identity_bytes	up_blocks.1.resnets.1.time_emb_proj.weight	F32	1280,1280	temporal_conditional_unet_2d	weight
up_blocks.1.resnets.2.conv1.bias	392	F32	1280	0	identity_bytes	up_blocks.1.resnets.2.conv1.bias	F32	1280	temporal_conditional_unet_2d	weight
up_blocks.1.resnets.2.conv1.weight	391	F32	1280,1920,3,3	0	identity_bytes	up_blocks.1.resnets.2.conv1.weight	F32	1280,1920,3,3	temporal_conditional_unet_2d	weight
up_blocks.1.resnets.2.conv2.bias	398	F32	1280	0	identity_bytes	up_blocks.1.resnets.2.conv2.bias	F32	1280	temporal_conditional_unet_2d	weight
up_blocks.1.resnets.2.conv2.weight	397	F32	1280,1280,3,3	0	identity_bytes	up_blocks.1.resnets.2.conv2.weight	F32	1280,1280,3,3	temporal_conditional_unet_2d	weight
up_blocks.1.resnets.2.conv_shortcut.bias	400	F32	1280	0	identity_bytes	up_blocks.1.resnets.2.conv_shortcut.bias	F32	1280	temporal_conditional_unet_2d	weight
up_blocks.1.resnets.2.conv_shortcut.weight	399	F32	1280,1920,1,1	0	identity_bytes	up_blocks.1.resnets.2.conv_shortcut.weight	F32	1280,1920,1,1	temporal_conditional_unet_2d	weight
up_blocks.1.resnets.2.norm1.bias	390	F32	1920	0	identity_bytes	up_blocks.1.resnets.2.norm1.bias	F32	1920	temporal_conditional_unet_2d	weight
up_blocks.1.resnets.2.norm1.weight	389	F32	1920	0	identity_bytes	up_blocks.1.resnets.2.norm1.weight	F32	1920	temporal_conditional_unet_2d	weight
up_blocks.1.resnets.2.norm2.bias	396	F32	1280	0	identity_bytes	up_blocks.1.resnets.2.norm2.bias	F32	1280	temporal_conditional_unet_2d	weight
up_blocks.1.resnets.2.norm2.weight	395	F32	1280	0	identity_bytes	up_blocks.1.resnets.2.norm2.weight	F32	1280	temporal_conditional_unet_2d	weight
up_blocks.1.resnets.2.time_emb_proj.bias	394	F32	1280	0	identity_bytes	up_blocks.1.resnets.2.time_emb_proj.bias	F32	1280	temporal_conditional_unet_2d	weight
up_blocks.1.resnets.2.time_emb_proj.weight	393	F32	1280,1280	0	identity_bytes	up_blocks.1.resnets.2.time_emb_proj.weight	F32	1280,1280	temporal_conditional_unet_2d	weight
up_blocks.1.upsamplers.0.conv.bias	486	F32	1280	0	identity_bytes	up_blocks.1.upsamplers.0.conv.bias	F32	1280	temporal_conditional_unet_2d	weight
up_blocks.1.upsamplers.0.conv.weight	485	F32	1280,1280,3,3	0	identity_bytes	up_blocks.1.upsamplers.0.conv.weight	F32	1280,1280,3,3	temporal_conditional_unet_2d	weight
up_blocks.2.attentions.0.norm.bias	488	F32	640	0	identity_bytes	up_blocks.2.attentions.0.norm.bias	F32	640	temporal_conditional_unet_2d	weight
up_blocks.2.attentions.0.norm.weight	487	F32	640	0	identity_bytes	up_blocks.2.attentions.0.norm.weight	F32	640	temporal_conditional_unet_2d	weight
up_blocks.2.attentions.0.proj_in.bias	490	F32	640	0	identity_bytes	up_blocks.2.attentions.0.proj_in.bias	F32	640	temporal_conditional_unet_2d	weight
up_blocks.2.attentions.0.proj_in.weight	489	F32	640,640,1,1	0	identity_bytes	up_blocks.2.attentions.0.proj_in.weight	F32	640,640,1,1	temporal_conditional_unet_2d	weight
up_blocks.2.attentions.0.proj_out.bias	512	F32	640	0	identity_bytes	up_blocks.2.attentions.0.proj_out.bias	F32	640	temporal_conditional_unet_2d	weight
up_blocks.2.attentions.0.proj_out.weight	511	F32	640,640,1,1	0	identity_bytes	up_blocks.2.attentions.0.proj_out.weight	F32	640,640,1,1	temporal_conditional_unet_2d	weight
up_blocks.2.attentions.0.transformer_blocks.0.attn1.to_k.weight	494	F32	640,640	0	identity_bytes	up_blocks.2.attentions.0.transformer_blocks.0.attn1.to_k.weight	F32	640,640	temporal_conditional_unet_2d	weight
up_blocks.2.attentions.0.transformer_blocks.0.attn1.to_out.0.bias	497	F32	640	0	identity_bytes	up_blocks.2.attentions.0.transformer_blocks.0.attn1.to_out.0.bias	F32	640	temporal_conditional_unet_2d	weight
up_blocks.2.attentions.0.transformer_blocks.0.attn1.to_out.0.weight	496	F32	640,640	0	identity_bytes	up_blocks.2.attentions.0.transformer_blocks.0.attn1.to_out.0.weight	F32	640,640	temporal_conditional_unet_2d	weight
up_blocks.2.attentions.0.transformer_blocks.0.attn1.to_q.weight	493	F32	640,640	0	identity_bytes	up_blocks.2.attentions.0.transformer_blocks.0.attn1.to_q.weight	F32	640,640	temporal_conditional_unet_2d	weight
up_blocks.2.attentions.0.transformer_blocks.0.attn1.to_v.weight	495	F32	640,640	0	identity_bytes	up_blocks.2.attentions.0.transformer_blocks.0.attn1.to_v.weight	F32	640,640	temporal_conditional_unet_2d	weight
up_blocks.2.attentions.0.transformer_blocks.0.attn2.to_k.weight	501	F32	640,384	0	identity_bytes	up_blocks.2.attentions.0.transformer_blocks.0.attn2.to_k.weight	F32	640,384	temporal_conditional_unet_2d	weight
up_blocks.2.attentions.0.transformer_blocks.0.attn2.to_out.0.bias	504	F32	640	0	identity_bytes	up_blocks.2.attentions.0.transformer_blocks.0.attn2.to_out.0.bias	F32	640	temporal_conditional_unet_2d	weight
up_blocks.2.attentions.0.transformer_blocks.0.attn2.to_out.0.weight	503	F32	640,640	0	identity_bytes	up_blocks.2.attentions.0.transformer_blocks.0.attn2.to_out.0.weight	F32	640,640	temporal_conditional_unet_2d	weight
up_blocks.2.attentions.0.transformer_blocks.0.attn2.to_q.weight	500	F32	640,640	0	identity_bytes	up_blocks.2.attentions.0.transformer_blocks.0.attn2.to_q.weight	F32	640,640	temporal_conditional_unet_2d	weight
up_blocks.2.attentions.0.transformer_blocks.0.attn2.to_v.weight	502	F32	640,384	0	identity_bytes	up_blocks.2.attentions.0.transformer_blocks.0.attn2.to_v.weight	F32	640,384	temporal_conditional_unet_2d	weight
up_blocks.2.attentions.0.transformer_blocks.0.ff.net.0.proj.bias	506	F32	5120	0	identity_bytes	up_blocks.2.attentions.0.transformer_blocks.0.ff.net.0.proj.bias	F32	5120	temporal_conditional_unet_2d	weight
up_blocks.2.attentions.0.transformer_blocks.0.ff.net.0.proj.weight	505	F32	5120,640	0	identity_bytes	up_blocks.2.attentions.0.transformer_blocks.0.ff.net.0.proj.weight	F32	5120,640	temporal_conditional_unet_2d	weight
up_blocks.2.attentions.0.transformer_blocks.0.ff.net.2.bias	508	F32	640	0	identity_bytes	up_blocks.2.attentions.0.transformer_blocks.0.ff.net.2.bias	F32	640	temporal_conditional_unet_2d	weight
up_blocks.2.attentions.0.transformer_blocks.0.ff.net.2.weight	507	F32	640,2560	0	identity_bytes	up_blocks.2.attentions.0.transformer_blocks.0.ff.net.2.weight	F32	640,2560	temporal_conditional_unet_2d	weight
up_blocks.2.attentions.0.transformer_blocks.0.norm1.bias	492	F32	640	0	identity_bytes	up_blocks.2.attentions.0.transformer_blocks.0.norm1.bias	F32	640	temporal_conditional_unet_2d	weight
up_blocks.2.attentions.0.transformer_blocks.0.norm1.weight	491	F32	640	0	identity_bytes	up_blocks.2.attentions.0.transformer_blocks.0.norm1.weight	F32	640	temporal_conditional_unet_2d	weight
up_blocks.2.attentions.0.transformer_blocks.0.norm2.bias	499	F32	640	0	identity_bytes	up_blocks.2.attentions.0.transformer_blocks.0.norm2.bias	F32	640	temporal_conditional_unet_2d	weight
up_blocks.2.attentions.0.transformer_blocks.0.norm2.weight	498	F32	640	0	identity_bytes	up_blocks.2.attentions.0.transformer_blocks.0.norm2.weight	F32	640	temporal_conditional_unet_2d	weight
up_blocks.2.attentions.0.transformer_blocks.0.norm3.bias	510	F32	640	0	identity_bytes	up_blocks.2.attentions.0.transformer_blocks.0.norm3.bias	F32	640	temporal_conditional_unet_2d	weight
up_blocks.2.attentions.0.transformer_blocks.0.norm3.weight	509	F32	640	0	identity_bytes	up_blocks.2.attentions.0.transformer_blocks.0.norm3.weight	F32	640	temporal_conditional_unet_2d	weight
up_blocks.2.attentions.1.norm.bias	514	F32	640	0	identity_bytes	up_blocks.2.attentions.1.norm.bias	F32	640	temporal_conditional_unet_2d	weight
up_blocks.2.attentions.1.norm.weight	513	F32	640	0	identity_bytes	up_blocks.2.attentions.1.norm.weight	F32	640	temporal_conditional_unet_2d	weight
up_blocks.2.attentions.1.proj_in.bias	516	F32	640	0	identity_bytes	up_blocks.2.attentions.1.proj_in.bias	F32	640	temporal_conditional_unet_2d	weight
up_blocks.2.attentions.1.proj_in.weight	515	F32	640,640,1,1	0	identity_bytes	up_blocks.2.attentions.1.proj_in.weight	F32	640,640,1,1	temporal_conditional_unet_2d	weight
up_blocks.2.attentions.1.proj_out.bias	538	F32	640	0	identity_bytes	up_blocks.2.attentions.1.proj_out.bias	F32	640	temporal_conditional_unet_2d	weight
up_blocks.2.attentions.1.proj_out.weight	537	F32	640,640,1,1	0	identity_bytes	up_blocks.2.attentions.1.proj_out.weight	F32	640,640,1,1	temporal_conditional_unet_2d	weight
up_blocks.2.attentions.1.transformer_blocks.0.attn1.to_k.weight	520	F32	640,640	0	identity_bytes	up_blocks.2.attentions.1.transformer_blocks.0.attn1.to_k.weight	F32	640,640	temporal_conditional_unet_2d	weight
up_blocks.2.attentions.1.transformer_blocks.0.attn1.to_out.0.bias	523	F32	640	0	identity_bytes	up_blocks.2.attentions.1.transformer_blocks.0.attn1.to_out.0.bias	F32	640	temporal_conditional_unet_2d	weight
up_blocks.2.attentions.1.transformer_blocks.0.attn1.to_out.0.weight	522	F32	640,640	0	identity_bytes	up_blocks.2.attentions.1.transformer_blocks.0.attn1.to_out.0.weight	F32	640,640	temporal_conditional_unet_2d	weight
up_blocks.2.attentions.1.transformer_blocks.0.attn1.to_q.weight	519	F32	640,640	0	identity_bytes	up_blocks.2.attentions.1.transformer_blocks.0.attn1.to_q.weight	F32	640,640	temporal_conditional_unet_2d	weight
up_blocks.2.attentions.1.transformer_blocks.0.attn1.to_v.weight	521	F32	640,640	0	identity_bytes	up_blocks.2.attentions.1.transformer_blocks.0.attn1.to_v.weight	F32	640,640	temporal_conditional_unet_2d	weight
up_blocks.2.attentions.1.transformer_blocks.0.attn2.to_k.weight	527	F32	640,384	0	identity_bytes	up_blocks.2.attentions.1.transformer_blocks.0.attn2.to_k.weight	F32	640,384	temporal_conditional_unet_2d	weight
up_blocks.2.attentions.1.transformer_blocks.0.attn2.to_out.0.bias	530	F32	640	0	identity_bytes	up_blocks.2.attentions.1.transformer_blocks.0.attn2.to_out.0.bias	F32	640	temporal_conditional_unet_2d	weight
up_blocks.2.attentions.1.transformer_blocks.0.attn2.to_out.0.weight	529	F32	640,640	0	identity_bytes	up_blocks.2.attentions.1.transformer_blocks.0.attn2.to_out.0.weight	F32	640,640	temporal_conditional_unet_2d	weight
up_blocks.2.attentions.1.transformer_blocks.0.attn2.to_q.weight	526	F32	640,640	0	identity_bytes	up_blocks.2.attentions.1.transformer_blocks.0.attn2.to_q.weight	F32	640,640	temporal_conditional_unet_2d	weight
up_blocks.2.attentions.1.transformer_blocks.0.attn2.to_v.weight	528	F32	640,384	0	identity_bytes	up_blocks.2.attentions.1.transformer_blocks.0.attn2.to_v.weight	F32	640,384	temporal_conditional_unet_2d	weight
up_blocks.2.attentions.1.transformer_blocks.0.ff.net.0.proj.bias	532	F32	5120	0	identity_bytes	up_blocks.2.attentions.1.transformer_blocks.0.ff.net.0.proj.bias	F32	5120	temporal_conditional_unet_2d	weight
up_blocks.2.attentions.1.transformer_blocks.0.ff.net.0.proj.weight	531	F32	5120,640	0	identity_bytes	up_blocks.2.attentions.1.transformer_blocks.0.ff.net.0.proj.weight	F32	5120,640	temporal_conditional_unet_2d	weight
up_blocks.2.attentions.1.transformer_blocks.0.ff.net.2.bias	534	F32	640	0	identity_bytes	up_blocks.2.attentions.1.transformer_blocks.0.ff.net.2.bias	F32	640	temporal_conditional_unet_2d	weight
up_blocks.2.attentions.1.transformer_blocks.0.ff.net.2.weight	533	F32	640,2560	0	identity_bytes	up_blocks.2.attentions.1.transformer_blocks.0.ff.net.2.weight	F32	640,2560	temporal_conditional_unet_2d	weight
up_blocks.2.attentions.1.transformer_blocks.0.norm1.bias	518	F32	640	0	identity_bytes	up_blocks.2.attentions.1.transformer_blocks.0.norm1.bias	F32	640	temporal_conditional_unet_2d	weight
up_blocks.2.attentions.1.transformer_blocks.0.norm1.weight	517	F32	640	0	identity_bytes	up_blocks.2.attentions.1.transformer_blocks.0.norm1.weight	F32	640	temporal_conditional_unet_2d	weight
up_blocks.2.attentions.1.transformer_blocks.0.norm2.bias	525	F32	640	0	identity_bytes	up_blocks.2.attentions.1.transformer_blocks.0.norm2.bias	F32	640	temporal_conditional_unet_2d	weight
up_blocks.2.attentions.1.transformer_blocks.0.norm2.weight	524	F32	640	0	identity_bytes	up_blocks.2.attentions.1.transformer_blocks.0.norm2.weight	F32	640	temporal_conditional_unet_2d	weight
up_blocks.2.attentions.1.transformer_blocks.0.norm3.bias	536	F32	640	0	identity_bytes	up_blocks.2.attentions.1.transformer_blocks.0.norm3.bias	F32	640	temporal_conditional_unet_2d	weight
up_blocks.2.attentions.1.transformer_blocks.0.norm3.weight	535	F32	640	0	identity_bytes	up_blocks.2.attentions.1.transformer_blocks.0.norm3.weight	F32	640	temporal_conditional_unet_2d	weight
up_blocks.2.attentions.2.norm.bias	540	F32	640	0	identity_bytes	up_blocks.2.attentions.2.norm.bias	F32	640	temporal_conditional_unet_2d	weight
up_blocks.2.attentions.2.norm.weight	539	F32	640	0	identity_bytes	up_blocks.2.attentions.2.norm.weight	F32	640	temporal_conditional_unet_2d	weight
up_blocks.2.attentions.2.proj_in.bias	542	F32	640	0	identity_bytes	up_blocks.2.attentions.2.proj_in.bias	F32	640	temporal_conditional_unet_2d	weight
up_blocks.2.attentions.2.proj_in.weight	541	F32	640,640,1,1	0	identity_bytes	up_blocks.2.attentions.2.proj_in.weight	F32	640,640,1,1	temporal_conditional_unet_2d	weight
up_blocks.2.attentions.2.proj_out.bias	564	F32	640	0	identity_bytes	up_blocks.2.attentions.2.proj_out.bias	F32	640	temporal_conditional_unet_2d	weight
up_blocks.2.attentions.2.proj_out.weight	563	F32	640,640,1,1	0	identity_bytes	up_blocks.2.attentions.2.proj_out.weight	F32	640,640,1,1	temporal_conditional_unet_2d	weight
up_blocks.2.attentions.2.transformer_blocks.0.attn1.to_k.weight	546	F32	640,640	0	identity_bytes	up_blocks.2.attentions.2.transformer_blocks.0.attn1.to_k.weight	F32	640,640	temporal_conditional_unet_2d	weight
up_blocks.2.attentions.2.transformer_blocks.0.attn1.to_out.0.bias	549	F32	640	0	identity_bytes	up_blocks.2.attentions.2.transformer_blocks.0.attn1.to_out.0.bias	F32	640	temporal_conditional_unet_2d	weight
up_blocks.2.attentions.2.transformer_blocks.0.attn1.to_out.0.weight	548	F32	640,640	0	identity_bytes	up_blocks.2.attentions.2.transformer_blocks.0.attn1.to_out.0.weight	F32	640,640	temporal_conditional_unet_2d	weight
up_blocks.2.attentions.2.transformer_blocks.0.attn1.to_q.weight	545	F32	640,640	0	identity_bytes	up_blocks.2.attentions.2.transformer_blocks.0.attn1.to_q.weight	F32	640,640	temporal_conditional_unet_2d	weight
up_blocks.2.attentions.2.transformer_blocks.0.attn1.to_v.weight	547	F32	640,640	0	identity_bytes	up_blocks.2.attentions.2.transformer_blocks.0.attn1.to_v.weight	F32	640,640	temporal_conditional_unet_2d	weight
up_blocks.2.attentions.2.transformer_blocks.0.attn2.to_k.weight	553	F32	640,384	0	identity_bytes	up_blocks.2.attentions.2.transformer_blocks.0.attn2.to_k.weight	F32	640,384	temporal_conditional_unet_2d	weight
up_blocks.2.attentions.2.transformer_blocks.0.attn2.to_out.0.bias	556	F32	640	0	identity_bytes	up_blocks.2.attentions.2.transformer_blocks.0.attn2.to_out.0.bias	F32	640	temporal_conditional_unet_2d	weight
up_blocks.2.attentions.2.transformer_blocks.0.attn2.to_out.0.weight	555	F32	640,640	0	identity_bytes	up_blocks.2.attentions.2.transformer_blocks.0.attn2.to_out.0.weight	F32	640,640	temporal_conditional_unet_2d	weight
up_blocks.2.attentions.2.transformer_blocks.0.attn2.to_q.weight	552	F32	640,640	0	identity_bytes	up_blocks.2.attentions.2.transformer_blocks.0.attn2.to_q.weight	F32	640,640	temporal_conditional_unet_2d	weight
up_blocks.2.attentions.2.transformer_blocks.0.attn2.to_v.weight	554	F32	640,384	0	identity_bytes	up_blocks.2.attentions.2.transformer_blocks.0.attn2.to_v.weight	F32	640,384	temporal_conditional_unet_2d	weight
up_blocks.2.attentions.2.transformer_blocks.0.ff.net.0.proj.bias	558	F32	5120	0	identity_bytes	up_blocks.2.attentions.2.transformer_blocks.0.ff.net.0.proj.bias	F32	5120	temporal_conditional_unet_2d	weight
up_blocks.2.attentions.2.transformer_blocks.0.ff.net.0.proj.weight	557	F32	5120,640	0	identity_bytes	up_blocks.2.attentions.2.transformer_blocks.0.ff.net.0.proj.weight	F32	5120,640	temporal_conditional_unet_2d	weight
up_blocks.2.attentions.2.transformer_blocks.0.ff.net.2.bias	560	F32	640	0	identity_bytes	up_blocks.2.attentions.2.transformer_blocks.0.ff.net.2.bias	F32	640	temporal_conditional_unet_2d	weight
up_blocks.2.attentions.2.transformer_blocks.0.ff.net.2.weight	559	F32	640,2560	0	identity_bytes	up_blocks.2.attentions.2.transformer_blocks.0.ff.net.2.weight	F32	640,2560	temporal_conditional_unet_2d	weight
up_blocks.2.attentions.2.transformer_blocks.0.norm1.bias	544	F32	640	0	identity_bytes	up_blocks.2.attentions.2.transformer_blocks.0.norm1.bias	F32	640	temporal_conditional_unet_2d	weight
up_blocks.2.attentions.2.transformer_blocks.0.norm1.weight	543	F32	640	0	identity_bytes	up_blocks.2.attentions.2.transformer_blocks.0.norm1.weight	F32	640	temporal_conditional_unet_2d	weight
up_blocks.2.attentions.2.transformer_blocks.0.norm2.bias	551	F32	640	0	identity_bytes	up_blocks.2.attentions.2.transformer_blocks.0.norm2.bias	F32	640	temporal_conditional_unet_2d	weight
up_blocks.2.attentions.2.transformer_blocks.0.norm2.weight	550	F32	640	0	identity_bytes	up_blocks.2.attentions.2.transformer_blocks.0.norm2.weight	F32	640	temporal_conditional_unet_2d	weight
up_blocks.2.attentions.2.transformer_blocks.0.norm3.bias	562	F32	640	0	identity_bytes	up_blocks.2.attentions.2.transformer_blocks.0.norm3.bias	F32	640	temporal_conditional_unet_2d	weight
up_blocks.2.attentions.2.transformer_blocks.0.norm3.weight	561	F32	640	0	identity_bytes	up_blocks.2.attentions.2.transformer_blocks.0.norm3.weight	F32	640	temporal_conditional_unet_2d	weight
up_blocks.2.motion_modules.0.temporal_transformer.norm.bias	602	F32	640	0	identity_bytes	up_blocks.2.motion_modules.0.temporal_transformer.norm.bias	F32	640	temporal_conditional_unet_2d	weight
up_blocks.2.motion_modules.0.temporal_transformer.norm.weight	601	F32	640	0	identity_bytes	up_blocks.2.motion_modules.0.temporal_transformer.norm.weight	F32	640	temporal_conditional_unet_2d	weight
up_blocks.2.motion_modules.0.temporal_transformer.proj_in.bias	604	F32	640	0	identity_bytes	up_blocks.2.motion_modules.0.temporal_transformer.proj_in.bias	F32	640	temporal_conditional_unet_2d	weight
up_blocks.2.motion_modules.0.temporal_transformer.proj_in.weight	603	F32	640,640	0	identity_bytes	up_blocks.2.motion_modules.0.temporal_transformer.proj_in.weight	F32	640,640	temporal_conditional_unet_2d	weight
up_blocks.2.motion_modules.0.temporal_transformer.proj_out.bias	628	F32	640	0	identity_bytes	up_blocks.2.motion_modules.0.temporal_transformer.proj_out.bias	F32	640	temporal_conditional_unet_2d	weight
up_blocks.2.motion_modules.0.temporal_transformer.proj_out.weight	627	F32	640,640	0	identity_bytes	up_blocks.2.motion_modules.0.temporal_transformer.proj_out.weight	F32	640,640	temporal_conditional_unet_2d	weight
up_blocks.2.motion_modules.0.temporal_transformer.transformer_blocks.0.attention_blocks.0.pos_encoder.pe	610	F32	1,24,640	0	identity_bytes	up_blocks.2.motion_modules.0.temporal_transformer.transformer_blocks.0.attention_blocks.0.pos_encoder.pe	F32	1,24,640	temporal_conditional_unet_2d	weight
up_blocks.2.motion_modules.0.temporal_transformer.transformer_blocks.0.attention_blocks.0.to_k.weight	606	F32	640,640	0	identity_bytes	up_blocks.2.motion_modules.0.temporal_transformer.transformer_blocks.0.attention_blocks.0.to_k.weight	F32	640,640	temporal_conditional_unet_2d	weight
up_blocks.2.motion_modules.0.temporal_transformer.transformer_blocks.0.attention_blocks.0.to_out.0.bias	609	F32	640	0	identity_bytes	up_blocks.2.motion_modules.0.temporal_transformer.transformer_blocks.0.attention_blocks.0.to_out.0.bias	F32	640	temporal_conditional_unet_2d	weight
up_blocks.2.motion_modules.0.temporal_transformer.transformer_blocks.0.attention_blocks.0.to_out.0.weight	608	F32	640,640	0	identity_bytes	up_blocks.2.motion_modules.0.temporal_transformer.transformer_blocks.0.attention_blocks.0.to_out.0.weight	F32	640,640	temporal_conditional_unet_2d	weight
up_blocks.2.motion_modules.0.temporal_transformer.transformer_blocks.0.attention_blocks.0.to_q.weight	605	F32	640,640	0	identity_bytes	up_blocks.2.motion_modules.0.temporal_transformer.transformer_blocks.0.attention_blocks.0.to_q.weight	F32	640,640	temporal_conditional_unet_2d	weight
up_blocks.2.motion_modules.0.temporal_transformer.transformer_blocks.0.attention_blocks.0.to_v.weight	607	F32	640,640	0	identity_bytes	up_blocks.2.motion_modules.0.temporal_transformer.transformer_blocks.0.attention_blocks.0.to_v.weight	F32	640,640	temporal_conditional_unet_2d	weight
up_blocks.2.motion_modules.0.temporal_transformer.transformer_blocks.0.attention_blocks.1.pos_encoder.pe	616	F32	1,24,640	0	identity_bytes	up_blocks.2.motion_modules.0.temporal_transformer.transformer_blocks.0.attention_blocks.1.pos_encoder.pe	F32	1,24,640	temporal_conditional_unet_2d	weight
up_blocks.2.motion_modules.0.temporal_transformer.transformer_blocks.0.attention_blocks.1.to_k.weight	612	F32	640,640	0	identity_bytes	up_blocks.2.motion_modules.0.temporal_transformer.transformer_blocks.0.attention_blocks.1.to_k.weight	F32	640,640	temporal_conditional_unet_2d	weight
up_blocks.2.motion_modules.0.temporal_transformer.transformer_blocks.0.attention_blocks.1.to_out.0.bias	615	F32	640	0	identity_bytes	up_blocks.2.motion_modules.0.temporal_transformer.transformer_blocks.0.attention_blocks.1.to_out.0.bias	F32	640	temporal_conditional_unet_2d	weight
up_blocks.2.motion_modules.0.temporal_transformer.transformer_blocks.0.attention_blocks.1.to_out.0.weight	614	F32	640,640	0	identity_bytes	up_blocks.2.motion_modules.0.temporal_transformer.transformer_blocks.0.attention_blocks.1.to_out.0.weight	F32	640,640	temporal_conditional_unet_2d	weight
up_blocks.2.motion_modules.0.temporal_transformer.transformer_blocks.0.attention_blocks.1.to_q.weight	611	F32	640,640	0	identity_bytes	up_blocks.2.motion_modules.0.temporal_transformer.transformer_blocks.0.attention_blocks.1.to_q.weight	F32	640,640	temporal_conditional_unet_2d	weight
up_blocks.2.motion_modules.0.temporal_transformer.transformer_blocks.0.attention_blocks.1.to_v.weight	613	F32	640,640	0	identity_bytes	up_blocks.2.motion_modules.0.temporal_transformer.transformer_blocks.0.attention_blocks.1.to_v.weight	F32	640,640	temporal_conditional_unet_2d	weight
up_blocks.2.motion_modules.0.temporal_transformer.transformer_blocks.0.ff.net.0.proj.bias	622	F32	5120	0	identity_bytes	up_blocks.2.motion_modules.0.temporal_transformer.transformer_blocks.0.ff.net.0.proj.bias	F32	5120	temporal_conditional_unet_2d	weight
up_blocks.2.motion_modules.0.temporal_transformer.transformer_blocks.0.ff.net.0.proj.weight	621	F32	5120,640	0	identity_bytes	up_blocks.2.motion_modules.0.temporal_transformer.transformer_blocks.0.ff.net.0.proj.weight	F32	5120,640	temporal_conditional_unet_2d	weight
up_blocks.2.motion_modules.0.temporal_transformer.transformer_blocks.0.ff.net.2.bias	624	F32	640	0	identity_bytes	up_blocks.2.motion_modules.0.temporal_transformer.transformer_blocks.0.ff.net.2.bias	F32	640	temporal_conditional_unet_2d	weight
up_blocks.2.motion_modules.0.temporal_transformer.transformer_blocks.0.ff.net.2.weight	623	F32	640,2560	0	identity_bytes	up_blocks.2.motion_modules.0.temporal_transformer.transformer_blocks.0.ff.net.2.weight	F32	640,2560	temporal_conditional_unet_2d	weight
up_blocks.2.motion_modules.0.temporal_transformer.transformer_blocks.0.ff_norm.bias	626	F32	640	0	identity_bytes	up_blocks.2.motion_modules.0.temporal_transformer.transformer_blocks.0.ff_norm.bias	F32	640	temporal_conditional_unet_2d	weight
up_blocks.2.motion_modules.0.temporal_transformer.transformer_blocks.0.ff_norm.weight	625	F32	640	0	identity_bytes	up_blocks.2.motion_modules.0.temporal_transformer.transformer_blocks.0.ff_norm.weight	F32	640	temporal_conditional_unet_2d	weight
up_blocks.2.motion_modules.0.temporal_transformer.transformer_blocks.0.norms.0.bias	618	F32	640	0	identity_bytes	up_blocks.2.motion_modules.0.temporal_transformer.transformer_blocks.0.norms.0.bias	F32	640	temporal_conditional_unet_2d	weight
up_blocks.2.motion_modules.0.temporal_transformer.transformer_blocks.0.norms.0.weight	617	F32	640	0	identity_bytes	up_blocks.2.motion_modules.0.temporal_transformer.transformer_blocks.0.norms.0.weight	F32	640	temporal_conditional_unet_2d	weight
up_blocks.2.motion_modules.0.temporal_transformer.transformer_blocks.0.norms.1.bias	620	F32	640	0	identity_bytes	up_blocks.2.motion_modules.0.temporal_transformer.transformer_blocks.0.norms.1.bias	F32	640	temporal_conditional_unet_2d	weight
up_blocks.2.motion_modules.0.temporal_transformer.transformer_blocks.0.norms.1.weight	619	F32	640	0	identity_bytes	up_blocks.2.motion_modules.0.temporal_transformer.transformer_blocks.0.norms.1.weight	F32	640	temporal_conditional_unet_2d	weight
up_blocks.2.motion_modules.1.temporal_transformer.norm.bias	630	F32	640	0	identity_bytes	up_blocks.2.motion_modules.1.temporal_transformer.norm.bias	F32	640	temporal_conditional_unet_2d	weight
up_blocks.2.motion_modules.1.temporal_transformer.norm.weight	629	F32	640	0	identity_bytes	up_blocks.2.motion_modules.1.temporal_transformer.norm.weight	F32	640	temporal_conditional_unet_2d	weight
up_blocks.2.motion_modules.1.temporal_transformer.proj_in.bias	632	F32	640	0	identity_bytes	up_blocks.2.motion_modules.1.temporal_transformer.proj_in.bias	F32	640	temporal_conditional_unet_2d	weight
up_blocks.2.motion_modules.1.temporal_transformer.proj_in.weight	631	F32	640,640	0	identity_bytes	up_blocks.2.motion_modules.1.temporal_transformer.proj_in.weight	F32	640,640	temporal_conditional_unet_2d	weight
up_blocks.2.motion_modules.1.temporal_transformer.proj_out.bias	656	F32	640	0	identity_bytes	up_blocks.2.motion_modules.1.temporal_transformer.proj_out.bias	F32	640	temporal_conditional_unet_2d	weight
up_blocks.2.motion_modules.1.temporal_transformer.proj_out.weight	655	F32	640,640	0	identity_bytes	up_blocks.2.motion_modules.1.temporal_transformer.proj_out.weight	F32	640,640	temporal_conditional_unet_2d	weight
up_blocks.2.motion_modules.1.temporal_transformer.transformer_blocks.0.attention_blocks.0.pos_encoder.pe	638	F32	1,24,640	0	identity_bytes	up_blocks.2.motion_modules.1.temporal_transformer.transformer_blocks.0.attention_blocks.0.pos_encoder.pe	F32	1,24,640	temporal_conditional_unet_2d	weight
up_blocks.2.motion_modules.1.temporal_transformer.transformer_blocks.0.attention_blocks.0.to_k.weight	634	F32	640,640	0	identity_bytes	up_blocks.2.motion_modules.1.temporal_transformer.transformer_blocks.0.attention_blocks.0.to_k.weight	F32	640,640	temporal_conditional_unet_2d	weight
up_blocks.2.motion_modules.1.temporal_transformer.transformer_blocks.0.attention_blocks.0.to_out.0.bias	637	F32	640	0	identity_bytes	up_blocks.2.motion_modules.1.temporal_transformer.transformer_blocks.0.attention_blocks.0.to_out.0.bias	F32	640	temporal_conditional_unet_2d	weight
up_blocks.2.motion_modules.1.temporal_transformer.transformer_blocks.0.attention_blocks.0.to_out.0.weight	636	F32	640,640	0	identity_bytes	up_blocks.2.motion_modules.1.temporal_transformer.transformer_blocks.0.attention_blocks.0.to_out.0.weight	F32	640,640	temporal_conditional_unet_2d	weight
up_blocks.2.motion_modules.1.temporal_transformer.transformer_blocks.0.attention_blocks.0.to_q.weight	633	F32	640,640	0	identity_bytes	up_blocks.2.motion_modules.1.temporal_transformer.transformer_blocks.0.attention_blocks.0.to_q.weight	F32	640,640	temporal_conditional_unet_2d	weight
up_blocks.2.motion_modules.1.temporal_transformer.transformer_blocks.0.attention_blocks.0.to_v.weight	635	F32	640,640	0	identity_bytes	up_blocks.2.motion_modules.1.temporal_transformer.transformer_blocks.0.attention_blocks.0.to_v.weight	F32	640,640	temporal_conditional_unet_2d	weight
up_blocks.2.motion_modules.1.temporal_transformer.transformer_blocks.0.attention_blocks.1.pos_encoder.pe	644	F32	1,24,640	0	identity_bytes	up_blocks.2.motion_modules.1.temporal_transformer.transformer_blocks.0.attention_blocks.1.pos_encoder.pe	F32	1,24,640	temporal_conditional_unet_2d	weight
up_blocks.2.motion_modules.1.temporal_transformer.transformer_blocks.0.attention_blocks.1.to_k.weight	640	F32	640,640	0	identity_bytes	up_blocks.2.motion_modules.1.temporal_transformer.transformer_blocks.0.attention_blocks.1.to_k.weight	F32	640,640	temporal_conditional_unet_2d	weight
up_blocks.2.motion_modules.1.temporal_transformer.transformer_blocks.0.attention_blocks.1.to_out.0.bias	643	F32	640	0	identity_bytes	up_blocks.2.motion_modules.1.temporal_transformer.transformer_blocks.0.attention_blocks.1.to_out.0.bias	F32	640	temporal_conditional_unet_2d	weight
up_blocks.2.motion_modules.1.temporal_transformer.transformer_blocks.0.attention_blocks.1.to_out.0.weight	642	F32	640,640	0	identity_bytes	up_blocks.2.motion_modules.1.temporal_transformer.transformer_blocks.0.attention_blocks.1.to_out.0.weight	F32	640,640	temporal_conditional_unet_2d	weight
up_blocks.2.motion_modules.1.temporal_transformer.transformer_blocks.0.attention_blocks.1.to_q.weight	639	F32	640,640	0	identity_bytes	up_blocks.2.motion_modules.1.temporal_transformer.transformer_blocks.0.attention_blocks.1.to_q.weight	F32	640,640	temporal_conditional_unet_2d	weight
up_blocks.2.motion_modules.1.temporal_transformer.transformer_blocks.0.attention_blocks.1.to_v.weight	641	F32	640,640	0	identity_bytes	up_blocks.2.motion_modules.1.temporal_transformer.transformer_blocks.0.attention_blocks.1.to_v.weight	F32	640,640	temporal_conditional_unet_2d	weight
up_blocks.2.motion_modules.1.temporal_transformer.transformer_blocks.0.ff.net.0.proj.bias	650	F32	5120	0	identity_bytes	up_blocks.2.motion_modules.1.temporal_transformer.transformer_blocks.0.ff.net.0.proj.bias	F32	5120	temporal_conditional_unet_2d	weight
up_blocks.2.motion_modules.1.temporal_transformer.transformer_blocks.0.ff.net.0.proj.weight	649	F32	5120,640	0	identity_bytes	up_blocks.2.motion_modules.1.temporal_transformer.transformer_blocks.0.ff.net.0.proj.weight	F32	5120,640	temporal_conditional_unet_2d	weight
up_blocks.2.motion_modules.1.temporal_transformer.transformer_blocks.0.ff.net.2.bias	652	F32	640	0	identity_bytes	up_blocks.2.motion_modules.1.temporal_transformer.transformer_blocks.0.ff.net.2.bias	F32	640	temporal_conditional_unet_2d	weight
up_blocks.2.motion_modules.1.temporal_transformer.transformer_blocks.0.ff.net.2.weight	651	F32	640,2560	0	identity_bytes	up_blocks.2.motion_modules.1.temporal_transformer.transformer_blocks.0.ff.net.2.weight	F32	640,2560	temporal_conditional_unet_2d	weight
up_blocks.2.motion_modules.1.temporal_transformer.transformer_blocks.0.ff_norm.bias	654	F32	640	0	identity_bytes	up_blocks.2.motion_modules.1.temporal_transformer.transformer_blocks.0.ff_norm.bias	F32	640	temporal_conditional_unet_2d	weight
up_blocks.2.motion_modules.1.temporal_transformer.transformer_blocks.0.ff_norm.weight	653	F32	640	0	identity_bytes	up_blocks.2.motion_modules.1.temporal_transformer.transformer_blocks.0.ff_norm.weight	F32	640	temporal_conditional_unet_2d	weight
up_blocks.2.motion_modules.1.temporal_transformer.transformer_blocks.0.norms.0.bias	646	F32	640	0	identity_bytes	up_blocks.2.motion_modules.1.temporal_transformer.transformer_blocks.0.norms.0.bias	F32	640	temporal_conditional_unet_2d	weight
up_blocks.2.motion_modules.1.temporal_transformer.transformer_blocks.0.norms.0.weight	645	F32	640	0	identity_bytes	up_blocks.2.motion_modules.1.temporal_transformer.transformer_blocks.0.norms.0.weight	F32	640	temporal_conditional_unet_2d	weight
up_blocks.2.motion_modules.1.temporal_transformer.transformer_blocks.0.norms.1.bias	648	F32	640	0	identity_bytes	up_blocks.2.motion_modules.1.temporal_transformer.transformer_blocks.0.norms.1.bias	F32	640	temporal_conditional_unet_2d	weight
up_blocks.2.motion_modules.1.temporal_transformer.transformer_blocks.0.norms.1.weight	647	F32	640	0	identity_bytes	up_blocks.2.motion_modules.1.temporal_transformer.transformer_blocks.0.norms.1.weight	F32	640	temporal_conditional_unet_2d	weight
up_blocks.2.motion_modules.2.temporal_transformer.norm.bias	658	F32	640	0	identity_bytes	up_blocks.2.motion_modules.2.temporal_transformer.norm.bias	F32	640	temporal_conditional_unet_2d	weight
up_blocks.2.motion_modules.2.temporal_transformer.norm.weight	657	F32	640	0	identity_bytes	up_blocks.2.motion_modules.2.temporal_transformer.norm.weight	F32	640	temporal_conditional_unet_2d	weight
up_blocks.2.motion_modules.2.temporal_transformer.proj_in.bias	660	F32	640	0	identity_bytes	up_blocks.2.motion_modules.2.temporal_transformer.proj_in.bias	F32	640	temporal_conditional_unet_2d	weight
up_blocks.2.motion_modules.2.temporal_transformer.proj_in.weight	659	F32	640,640	0	identity_bytes	up_blocks.2.motion_modules.2.temporal_transformer.proj_in.weight	F32	640,640	temporal_conditional_unet_2d	weight
up_blocks.2.motion_modules.2.temporal_transformer.proj_out.bias	684	F32	640	0	identity_bytes	up_blocks.2.motion_modules.2.temporal_transformer.proj_out.bias	F32	640	temporal_conditional_unet_2d	weight
up_blocks.2.motion_modules.2.temporal_transformer.proj_out.weight	683	F32	640,640	0	identity_bytes	up_blocks.2.motion_modules.2.temporal_transformer.proj_out.weight	F32	640,640	temporal_conditional_unet_2d	weight
up_blocks.2.motion_modules.2.temporal_transformer.transformer_blocks.0.attention_blocks.0.pos_encoder.pe	666	F32	1,24,640	0	identity_bytes	up_blocks.2.motion_modules.2.temporal_transformer.transformer_blocks.0.attention_blocks.0.pos_encoder.pe	F32	1,24,640	temporal_conditional_unet_2d	weight
up_blocks.2.motion_modules.2.temporal_transformer.transformer_blocks.0.attention_blocks.0.to_k.weight	662	F32	640,640	0	identity_bytes	up_blocks.2.motion_modules.2.temporal_transformer.transformer_blocks.0.attention_blocks.0.to_k.weight	F32	640,640	temporal_conditional_unet_2d	weight
up_blocks.2.motion_modules.2.temporal_transformer.transformer_blocks.0.attention_blocks.0.to_out.0.bias	665	F32	640	0	identity_bytes	up_blocks.2.motion_modules.2.temporal_transformer.transformer_blocks.0.attention_blocks.0.to_out.0.bias	F32	640	temporal_conditional_unet_2d	weight
up_blocks.2.motion_modules.2.temporal_transformer.transformer_blocks.0.attention_blocks.0.to_out.0.weight	664	F32	640,640	0	identity_bytes	up_blocks.2.motion_modules.2.temporal_transformer.transformer_blocks.0.attention_blocks.0.to_out.0.weight	F32	640,640	temporal_conditional_unet_2d	weight
up_blocks.2.motion_modules.2.temporal_transformer.transformer_blocks.0.attention_blocks.0.to_q.weight	661	F32	640,640	0	identity_bytes	up_blocks.2.motion_modules.2.temporal_transformer.transformer_blocks.0.attention_blocks.0.to_q.weight	F32	640,640	temporal_conditional_unet_2d	weight
up_blocks.2.motion_modules.2.temporal_transformer.transformer_blocks.0.attention_blocks.0.to_v.weight	663	F32	640,640	0	identity_bytes	up_blocks.2.motion_modules.2.temporal_transformer.transformer_blocks.0.attention_blocks.0.to_v.weight	F32	640,640	temporal_conditional_unet_2d	weight
up_blocks.2.motion_modules.2.temporal_transformer.transformer_blocks.0.attention_blocks.1.pos_encoder.pe	672	F32	1,24,640	0	identity_bytes	up_blocks.2.motion_modules.2.temporal_transformer.transformer_blocks.0.attention_blocks.1.pos_encoder.pe	F32	1,24,640	temporal_conditional_unet_2d	weight
up_blocks.2.motion_modules.2.temporal_transformer.transformer_blocks.0.attention_blocks.1.to_k.weight	668	F32	640,640	0	identity_bytes	up_blocks.2.motion_modules.2.temporal_transformer.transformer_blocks.0.attention_blocks.1.to_k.weight	F32	640,640	temporal_conditional_unet_2d	weight
up_blocks.2.motion_modules.2.temporal_transformer.transformer_blocks.0.attention_blocks.1.to_out.0.bias	671	F32	640	0	identity_bytes	up_blocks.2.motion_modules.2.temporal_transformer.transformer_blocks.0.attention_blocks.1.to_out.0.bias	F32	640	temporal_conditional_unet_2d	weight
up_blocks.2.motion_modules.2.temporal_transformer.transformer_blocks.0.attention_blocks.1.to_out.0.weight	670	F32	640,640	0	identity_bytes	up_blocks.2.motion_modules.2.temporal_transformer.transformer_blocks.0.attention_blocks.1.to_out.0.weight	F32	640,640	temporal_conditional_unet_2d	weight
up_blocks.2.motion_modules.2.temporal_transformer.transformer_blocks.0.attention_blocks.1.to_q.weight	667	F32	640,640	0	identity_bytes	up_blocks.2.motion_modules.2.temporal_transformer.transformer_blocks.0.attention_blocks.1.to_q.weight	F32	640,640	temporal_conditional_unet_2d	weight
up_blocks.2.motion_modules.2.temporal_transformer.transformer_blocks.0.attention_blocks.1.to_v.weight	669	F32	640,640	0	identity_bytes	up_blocks.2.motion_modules.2.temporal_transformer.transformer_blocks.0.attention_blocks.1.to_v.weight	F32	640,640	temporal_conditional_unet_2d	weight
up_blocks.2.motion_modules.2.temporal_transformer.transformer_blocks.0.ff.net.0.proj.bias	678	F32	5120	0	identity_bytes	up_blocks.2.motion_modules.2.temporal_transformer.transformer_blocks.0.ff.net.0.proj.bias	F32	5120	temporal_conditional_unet_2d	weight
up_blocks.2.motion_modules.2.temporal_transformer.transformer_blocks.0.ff.net.0.proj.weight	677	F32	5120,640	0	identity_bytes	up_blocks.2.motion_modules.2.temporal_transformer.transformer_blocks.0.ff.net.0.proj.weight	F32	5120,640	temporal_conditional_unet_2d	weight
up_blocks.2.motion_modules.2.temporal_transformer.transformer_blocks.0.ff.net.2.bias	680	F32	640	0	identity_bytes	up_blocks.2.motion_modules.2.temporal_transformer.transformer_blocks.0.ff.net.2.bias	F32	640	temporal_conditional_unet_2d	weight
up_blocks.2.motion_modules.2.temporal_transformer.transformer_blocks.0.ff.net.2.weight	679	F32	640,2560	0	identity_bytes	up_blocks.2.motion_modules.2.temporal_transformer.transformer_blocks.0.ff.net.2.weight	F32	640,2560	temporal_conditional_unet_2d	weight
up_blocks.2.motion_modules.2.temporal_transformer.transformer_blocks.0.ff_norm.bias	682	F32	640	0	identity_bytes	up_blocks.2.motion_modules.2.temporal_transformer.transformer_blocks.0.ff_norm.bias	F32	640	temporal_conditional_unet_2d	weight
up_blocks.2.motion_modules.2.temporal_transformer.transformer_blocks.0.ff_norm.weight	681	F32	640	0	identity_bytes	up_blocks.2.motion_modules.2.temporal_transformer.transformer_blocks.0.ff_norm.weight	F32	640	temporal_conditional_unet_2d	weight
up_blocks.2.motion_modules.2.temporal_transformer.transformer_blocks.0.norms.0.bias	674	F32	640	0	identity_bytes	up_blocks.2.motion_modules.2.temporal_transformer.transformer_blocks.0.norms.0.bias	F32	640	temporal_conditional_unet_2d	weight
up_blocks.2.motion_modules.2.temporal_transformer.transformer_blocks.0.norms.0.weight	673	F32	640	0	identity_bytes	up_blocks.2.motion_modules.2.temporal_transformer.transformer_blocks.0.norms.0.weight	F32	640	temporal_conditional_unet_2d	weight
up_blocks.2.motion_modules.2.temporal_transformer.transformer_blocks.0.norms.1.bias	676	F32	640	0	identity_bytes	up_blocks.2.motion_modules.2.temporal_transformer.transformer_blocks.0.norms.1.bias	F32	640	temporal_conditional_unet_2d	weight
up_blocks.2.motion_modules.2.temporal_transformer.transformer_blocks.0.norms.1.weight	675	F32	640	0	identity_bytes	up_blocks.2.motion_modules.2.temporal_transformer.transformer_blocks.0.norms.1.weight	F32	640	temporal_conditional_unet_2d	weight
up_blocks.2.resnets.0.conv1.bias	568	F32	640	0	identity_bytes	up_blocks.2.resnets.0.conv1.bias	F32	640	temporal_conditional_unet_2d	weight
up_blocks.2.resnets.0.conv1.weight	567	F32	640,1920,3,3	0	identity_bytes	up_blocks.2.resnets.0.conv1.weight	F32	640,1920,3,3	temporal_conditional_unet_2d	weight
up_blocks.2.resnets.0.conv2.bias	574	F32	640	0	identity_bytes	up_blocks.2.resnets.0.conv2.bias	F32	640	temporal_conditional_unet_2d	weight
up_blocks.2.resnets.0.conv2.weight	573	F32	640,640,3,3	0	identity_bytes	up_blocks.2.resnets.0.conv2.weight	F32	640,640,3,3	temporal_conditional_unet_2d	weight
up_blocks.2.resnets.0.conv_shortcut.bias	576	F32	640	0	identity_bytes	up_blocks.2.resnets.0.conv_shortcut.bias	F32	640	temporal_conditional_unet_2d	weight
up_blocks.2.resnets.0.conv_shortcut.weight	575	F32	640,1920,1,1	0	identity_bytes	up_blocks.2.resnets.0.conv_shortcut.weight	F32	640,1920,1,1	temporal_conditional_unet_2d	weight
up_blocks.2.resnets.0.norm1.bias	566	F32	1920	0	identity_bytes	up_blocks.2.resnets.0.norm1.bias	F32	1920	temporal_conditional_unet_2d	weight
up_blocks.2.resnets.0.norm1.weight	565	F32	1920	0	identity_bytes	up_blocks.2.resnets.0.norm1.weight	F32	1920	temporal_conditional_unet_2d	weight
up_blocks.2.resnets.0.norm2.bias	572	F32	640	0	identity_bytes	up_blocks.2.resnets.0.norm2.bias	F32	640	temporal_conditional_unet_2d	weight
up_blocks.2.resnets.0.norm2.weight	571	F32	640	0	identity_bytes	up_blocks.2.resnets.0.norm2.weight	F32	640	temporal_conditional_unet_2d	weight
up_blocks.2.resnets.0.time_emb_proj.bias	570	F32	640	0	identity_bytes	up_blocks.2.resnets.0.time_emb_proj.bias	F32	640	temporal_conditional_unet_2d	weight
up_blocks.2.resnets.0.time_emb_proj.weight	569	F32	640,1280	0	identity_bytes	up_blocks.2.resnets.0.time_emb_proj.weight	F32	640,1280	temporal_conditional_unet_2d	weight
up_blocks.2.resnets.1.conv1.bias	580	F32	640	0	identity_bytes	up_blocks.2.resnets.1.conv1.bias	F32	640	temporal_conditional_unet_2d	weight
up_blocks.2.resnets.1.conv1.weight	579	F32	640,1280,3,3	0	identity_bytes	up_blocks.2.resnets.1.conv1.weight	F32	640,1280,3,3	temporal_conditional_unet_2d	weight
up_blocks.2.resnets.1.conv2.bias	586	F32	640	0	identity_bytes	up_blocks.2.resnets.1.conv2.bias	F32	640	temporal_conditional_unet_2d	weight
up_blocks.2.resnets.1.conv2.weight	585	F32	640,640,3,3	0	identity_bytes	up_blocks.2.resnets.1.conv2.weight	F32	640,640,3,3	temporal_conditional_unet_2d	weight
up_blocks.2.resnets.1.conv_shortcut.bias	588	F32	640	0	identity_bytes	up_blocks.2.resnets.1.conv_shortcut.bias	F32	640	temporal_conditional_unet_2d	weight
up_blocks.2.resnets.1.conv_shortcut.weight	587	F32	640,1280,1,1	0	identity_bytes	up_blocks.2.resnets.1.conv_shortcut.weight	F32	640,1280,1,1	temporal_conditional_unet_2d	weight
up_blocks.2.resnets.1.norm1.bias	578	F32	1280	0	identity_bytes	up_blocks.2.resnets.1.norm1.bias	F32	1280	temporal_conditional_unet_2d	weight
up_blocks.2.resnets.1.norm1.weight	577	F32	1280	0	identity_bytes	up_blocks.2.resnets.1.norm1.weight	F32	1280	temporal_conditional_unet_2d	weight
up_blocks.2.resnets.1.norm2.bias	584	F32	640	0	identity_bytes	up_blocks.2.resnets.1.norm2.bias	F32	640	temporal_conditional_unet_2d	weight
up_blocks.2.resnets.1.norm2.weight	583	F32	640	0	identity_bytes	up_blocks.2.resnets.1.norm2.weight	F32	640	temporal_conditional_unet_2d	weight
up_blocks.2.resnets.1.time_emb_proj.bias	582	F32	640	0	identity_bytes	up_blocks.2.resnets.1.time_emb_proj.bias	F32	640	temporal_conditional_unet_2d	weight
up_blocks.2.resnets.1.time_emb_proj.weight	581	F32	640,1280	0	identity_bytes	up_blocks.2.resnets.1.time_emb_proj.weight	F32	640,1280	temporal_conditional_unet_2d	weight
up_blocks.2.resnets.2.conv1.bias	592	F32	640	0	identity_bytes	up_blocks.2.resnets.2.conv1.bias	F32	640	temporal_conditional_unet_2d	weight
up_blocks.2.resnets.2.conv1.weight	591	F32	640,960,3,3	0	identity_bytes	up_blocks.2.resnets.2.conv1.weight	F32	640,960,3,3	temporal_conditional_unet_2d	weight
up_blocks.2.resnets.2.conv2.bias	598	F32	640	0	identity_bytes	up_blocks.2.resnets.2.conv2.bias	F32	640	temporal_conditional_unet_2d	weight
up_blocks.2.resnets.2.conv2.weight	597	F32	640,640,3,3	0	identity_bytes	up_blocks.2.resnets.2.conv2.weight	F32	640,640,3,3	temporal_conditional_unet_2d	weight
up_blocks.2.resnets.2.conv_shortcut.bias	600	F32	640	0	identity_bytes	up_blocks.2.resnets.2.conv_shortcut.bias	F32	640	temporal_conditional_unet_2d	weight
up_blocks.2.resnets.2.conv_shortcut.weight	599	F32	640,960,1,1	0	identity_bytes	up_blocks.2.resnets.2.conv_shortcut.weight	F32	640,960,1,1	temporal_conditional_unet_2d	weight
up_blocks.2.resnets.2.norm1.bias	590	F32	960	0	identity_bytes	up_blocks.2.resnets.2.norm1.bias	F32	960	temporal_conditional_unet_2d	weight
up_blocks.2.resnets.2.norm1.weight	589	F32	960	0	identity_bytes	up_blocks.2.resnets.2.norm1.weight	F32	960	temporal_conditional_unet_2d	weight
up_blocks.2.resnets.2.norm2.bias	596	F32	640	0	identity_bytes	up_blocks.2.resnets.2.norm2.bias	F32	640	temporal_conditional_unet_2d	weight
up_blocks.2.resnets.2.norm2.weight	595	F32	640	0	identity_bytes	up_blocks.2.resnets.2.norm2.weight	F32	640	temporal_conditional_unet_2d	weight
up_blocks.2.resnets.2.time_emb_proj.bias	594	F32	640	0	identity_bytes	up_blocks.2.resnets.2.time_emb_proj.bias	F32	640	temporal_conditional_unet_2d	weight
up_blocks.2.resnets.2.time_emb_proj.weight	593	F32	640,1280	0	identity_bytes	up_blocks.2.resnets.2.time_emb_proj.weight	F32	640,1280	temporal_conditional_unet_2d	weight
up_blocks.2.upsamplers.0.conv.bias	686	F32	640	0	identity_bytes	up_blocks.2.upsamplers.0.conv.bias	F32	640	temporal_conditional_unet_2d	weight
up_blocks.2.upsamplers.0.conv.weight	685	F32	640,640,3,3	0	identity_bytes	up_blocks.2.upsamplers.0.conv.weight	F32	640,640,3,3	temporal_conditional_unet_2d	weight
up_blocks.3.attentions.0.norm.bias	688	F32	320	0	identity_bytes	up_blocks.3.attentions.0.norm.bias	F32	320	temporal_conditional_unet_2d	weight
up_blocks.3.attentions.0.norm.weight	687	F32	320	0	identity_bytes	up_blocks.3.attentions.0.norm.weight	F32	320	temporal_conditional_unet_2d	weight
up_blocks.3.attentions.0.proj_in.bias	690	F32	320	0	identity_bytes	up_blocks.3.attentions.0.proj_in.bias	F32	320	temporal_conditional_unet_2d	weight
up_blocks.3.attentions.0.proj_in.weight	689	F32	320,320,1,1	0	identity_bytes	up_blocks.3.attentions.0.proj_in.weight	F32	320,320,1,1	temporal_conditional_unet_2d	weight
up_blocks.3.attentions.0.proj_out.bias	712	F32	320	0	identity_bytes	up_blocks.3.attentions.0.proj_out.bias	F32	320	temporal_conditional_unet_2d	weight
up_blocks.3.attentions.0.proj_out.weight	711	F32	320,320,1,1	0	identity_bytes	up_blocks.3.attentions.0.proj_out.weight	F32	320,320,1,1	temporal_conditional_unet_2d	weight
up_blocks.3.attentions.0.transformer_blocks.0.attn1.to_k.weight	694	F32	320,320	0	identity_bytes	up_blocks.3.attentions.0.transformer_blocks.0.attn1.to_k.weight	F32	320,320	temporal_conditional_unet_2d	weight
up_blocks.3.attentions.0.transformer_blocks.0.attn1.to_out.0.bias	697	F32	320	0	identity_bytes	up_blocks.3.attentions.0.transformer_blocks.0.attn1.to_out.0.bias	F32	320	temporal_conditional_unet_2d	weight
up_blocks.3.attentions.0.transformer_blocks.0.attn1.to_out.0.weight	696	F32	320,320	0	identity_bytes	up_blocks.3.attentions.0.transformer_blocks.0.attn1.to_out.0.weight	F32	320,320	temporal_conditional_unet_2d	weight
up_blocks.3.attentions.0.transformer_blocks.0.attn1.to_q.weight	693	F32	320,320	0	identity_bytes	up_blocks.3.attentions.0.transformer_blocks.0.attn1.to_q.weight	F32	320,320	temporal_conditional_unet_2d	weight
up_blocks.3.attentions.0.transformer_blocks.0.attn1.to_v.weight	695	F32	320,320	0	identity_bytes	up_blocks.3.attentions.0.transformer_blocks.0.attn1.to_v.weight	F32	320,320	temporal_conditional_unet_2d	weight
up_blocks.3.attentions.0.transformer_blocks.0.attn2.to_k.weight	701	F32	320,384	0	identity_bytes	up_blocks.3.attentions.0.transformer_blocks.0.attn2.to_k.weight	F32	320,384	temporal_conditional_unet_2d	weight
up_blocks.3.attentions.0.transformer_blocks.0.attn2.to_out.0.bias	704	F32	320	0	identity_bytes	up_blocks.3.attentions.0.transformer_blocks.0.attn2.to_out.0.bias	F32	320	temporal_conditional_unet_2d	weight
up_blocks.3.attentions.0.transformer_blocks.0.attn2.to_out.0.weight	703	F32	320,320	0	identity_bytes	up_blocks.3.attentions.0.transformer_blocks.0.attn2.to_out.0.weight	F32	320,320	temporal_conditional_unet_2d	weight
up_blocks.3.attentions.0.transformer_blocks.0.attn2.to_q.weight	700	F32	320,320	0	identity_bytes	up_blocks.3.attentions.0.transformer_blocks.0.attn2.to_q.weight	F32	320,320	temporal_conditional_unet_2d	weight
up_blocks.3.attentions.0.transformer_blocks.0.attn2.to_v.weight	702	F32	320,384	0	identity_bytes	up_blocks.3.attentions.0.transformer_blocks.0.attn2.to_v.weight	F32	320,384	temporal_conditional_unet_2d	weight
up_blocks.3.attentions.0.transformer_blocks.0.ff.net.0.proj.bias	706	F32	2560	0	identity_bytes	up_blocks.3.attentions.0.transformer_blocks.0.ff.net.0.proj.bias	F32	2560	temporal_conditional_unet_2d	weight
up_blocks.3.attentions.0.transformer_blocks.0.ff.net.0.proj.weight	705	F32	2560,320	0	identity_bytes	up_blocks.3.attentions.0.transformer_blocks.0.ff.net.0.proj.weight	F32	2560,320	temporal_conditional_unet_2d	weight
up_blocks.3.attentions.0.transformer_blocks.0.ff.net.2.bias	708	F32	320	0	identity_bytes	up_blocks.3.attentions.0.transformer_blocks.0.ff.net.2.bias	F32	320	temporal_conditional_unet_2d	weight
up_blocks.3.attentions.0.transformer_blocks.0.ff.net.2.weight	707	F32	320,1280	0	identity_bytes	up_blocks.3.attentions.0.transformer_blocks.0.ff.net.2.weight	F32	320,1280	temporal_conditional_unet_2d	weight
up_blocks.3.attentions.0.transformer_blocks.0.norm1.bias	692	F32	320	0	identity_bytes	up_blocks.3.attentions.0.transformer_blocks.0.norm1.bias	F32	320	temporal_conditional_unet_2d	weight
up_blocks.3.attentions.0.transformer_blocks.0.norm1.weight	691	F32	320	0	identity_bytes	up_blocks.3.attentions.0.transformer_blocks.0.norm1.weight	F32	320	temporal_conditional_unet_2d	weight
up_blocks.3.attentions.0.transformer_blocks.0.norm2.bias	699	F32	320	0	identity_bytes	up_blocks.3.attentions.0.transformer_blocks.0.norm2.bias	F32	320	temporal_conditional_unet_2d	weight
up_blocks.3.attentions.0.transformer_blocks.0.norm2.weight	698	F32	320	0	identity_bytes	up_blocks.3.attentions.0.transformer_blocks.0.norm2.weight	F32	320	temporal_conditional_unet_2d	weight
up_blocks.3.attentions.0.transformer_blocks.0.norm3.bias	710	F32	320	0	identity_bytes	up_blocks.3.attentions.0.transformer_blocks.0.norm3.bias	F32	320	temporal_conditional_unet_2d	weight
up_blocks.3.attentions.0.transformer_blocks.0.norm3.weight	709	F32	320	0	identity_bytes	up_blocks.3.attentions.0.transformer_blocks.0.norm3.weight	F32	320	temporal_conditional_unet_2d	weight
up_blocks.3.attentions.1.norm.bias	714	F32	320	0	identity_bytes	up_blocks.3.attentions.1.norm.bias	F32	320	temporal_conditional_unet_2d	weight
up_blocks.3.attentions.1.norm.weight	713	F32	320	0	identity_bytes	up_blocks.3.attentions.1.norm.weight	F32	320	temporal_conditional_unet_2d	weight
up_blocks.3.attentions.1.proj_in.bias	716	F32	320	0	identity_bytes	up_blocks.3.attentions.1.proj_in.bias	F32	320	temporal_conditional_unet_2d	weight
up_blocks.3.attentions.1.proj_in.weight	715	F32	320,320,1,1	0	identity_bytes	up_blocks.3.attentions.1.proj_in.weight	F32	320,320,1,1	temporal_conditional_unet_2d	weight
up_blocks.3.attentions.1.proj_out.bias	738	F32	320	0	identity_bytes	up_blocks.3.attentions.1.proj_out.bias	F32	320	temporal_conditional_unet_2d	weight
up_blocks.3.attentions.1.proj_out.weight	737	F32	320,320,1,1	0	identity_bytes	up_blocks.3.attentions.1.proj_out.weight	F32	320,320,1,1	temporal_conditional_unet_2d	weight
up_blocks.3.attentions.1.transformer_blocks.0.attn1.to_k.weight	720	F32	320,320	0	identity_bytes	up_blocks.3.attentions.1.transformer_blocks.0.attn1.to_k.weight	F32	320,320	temporal_conditional_unet_2d	weight
up_blocks.3.attentions.1.transformer_blocks.0.attn1.to_out.0.bias	723	F32	320	0	identity_bytes	up_blocks.3.attentions.1.transformer_blocks.0.attn1.to_out.0.bias	F32	320	temporal_conditional_unet_2d	weight
up_blocks.3.attentions.1.transformer_blocks.0.attn1.to_out.0.weight	722	F32	320,320	0	identity_bytes	up_blocks.3.attentions.1.transformer_blocks.0.attn1.to_out.0.weight	F32	320,320	temporal_conditional_unet_2d	weight
up_blocks.3.attentions.1.transformer_blocks.0.attn1.to_q.weight	719	F32	320,320	0	identity_bytes	up_blocks.3.attentions.1.transformer_blocks.0.attn1.to_q.weight	F32	320,320	temporal_conditional_unet_2d	weight
up_blocks.3.attentions.1.transformer_blocks.0.attn1.to_v.weight	721	F32	320,320	0	identity_bytes	up_blocks.3.attentions.1.transformer_blocks.0.attn1.to_v.weight	F32	320,320	temporal_conditional_unet_2d	weight
up_blocks.3.attentions.1.transformer_blocks.0.attn2.to_k.weight	727	F32	320,384	0	identity_bytes	up_blocks.3.attentions.1.transformer_blocks.0.attn2.to_k.weight	F32	320,384	temporal_conditional_unet_2d	weight
up_blocks.3.attentions.1.transformer_blocks.0.attn2.to_out.0.bias	730	F32	320	0	identity_bytes	up_blocks.3.attentions.1.transformer_blocks.0.attn2.to_out.0.bias	F32	320	temporal_conditional_unet_2d	weight
up_blocks.3.attentions.1.transformer_blocks.0.attn2.to_out.0.weight	729	F32	320,320	0	identity_bytes	up_blocks.3.attentions.1.transformer_blocks.0.attn2.to_out.0.weight	F32	320,320	temporal_conditional_unet_2d	weight
up_blocks.3.attentions.1.transformer_blocks.0.attn2.to_q.weight	726	F32	320,320	0	identity_bytes	up_blocks.3.attentions.1.transformer_blocks.0.attn2.to_q.weight	F32	320,320	temporal_conditional_unet_2d	weight
up_blocks.3.attentions.1.transformer_blocks.0.attn2.to_v.weight	728	F32	320,384	0	identity_bytes	up_blocks.3.attentions.1.transformer_blocks.0.attn2.to_v.weight	F32	320,384	temporal_conditional_unet_2d	weight
up_blocks.3.attentions.1.transformer_blocks.0.ff.net.0.proj.bias	732	F32	2560	0	identity_bytes	up_blocks.3.attentions.1.transformer_blocks.0.ff.net.0.proj.bias	F32	2560	temporal_conditional_unet_2d	weight
up_blocks.3.attentions.1.transformer_blocks.0.ff.net.0.proj.weight	731	F32	2560,320	0	identity_bytes	up_blocks.3.attentions.1.transformer_blocks.0.ff.net.0.proj.weight	F32	2560,320	temporal_conditional_unet_2d	weight
up_blocks.3.attentions.1.transformer_blocks.0.ff.net.2.bias	734	F32	320	0	identity_bytes	up_blocks.3.attentions.1.transformer_blocks.0.ff.net.2.bias	F32	320	temporal_conditional_unet_2d	weight
up_blocks.3.attentions.1.transformer_blocks.0.ff.net.2.weight	733	F32	320,1280	0	identity_bytes	up_blocks.3.attentions.1.transformer_blocks.0.ff.net.2.weight	F32	320,1280	temporal_conditional_unet_2d	weight
up_blocks.3.attentions.1.transformer_blocks.0.norm1.bias	718	F32	320	0	identity_bytes	up_blocks.3.attentions.1.transformer_blocks.0.norm1.bias	F32	320	temporal_conditional_unet_2d	weight
up_blocks.3.attentions.1.transformer_blocks.0.norm1.weight	717	F32	320	0	identity_bytes	up_blocks.3.attentions.1.transformer_blocks.0.norm1.weight	F32	320	temporal_conditional_unet_2d	weight
up_blocks.3.attentions.1.transformer_blocks.0.norm2.bias	725	F32	320	0	identity_bytes	up_blocks.3.attentions.1.transformer_blocks.0.norm2.bias	F32	320	temporal_conditional_unet_2d	weight
up_blocks.3.attentions.1.transformer_blocks.0.norm2.weight	724	F32	320	0	identity_bytes	up_blocks.3.attentions.1.transformer_blocks.0.norm2.weight	F32	320	temporal_conditional_unet_2d	weight
up_blocks.3.attentions.1.transformer_blocks.0.norm3.bias	736	F32	320	0	identity_bytes	up_blocks.3.attentions.1.transformer_blocks.0.norm3.bias	F32	320	temporal_conditional_unet_2d	weight
up_blocks.3.attentions.1.transformer_blocks.0.norm3.weight	735	F32	320	0	identity_bytes	up_blocks.3.attentions.1.transformer_blocks.0.norm3.weight	F32	320	temporal_conditional_unet_2d	weight
up_blocks.3.attentions.2.norm.bias	740	F32	320	0	identity_bytes	up_blocks.3.attentions.2.norm.bias	F32	320	temporal_conditional_unet_2d	weight
up_blocks.3.attentions.2.norm.weight	739	F32	320	0	identity_bytes	up_blocks.3.attentions.2.norm.weight	F32	320	temporal_conditional_unet_2d	weight
up_blocks.3.attentions.2.proj_in.bias	742	F32	320	0	identity_bytes	up_blocks.3.attentions.2.proj_in.bias	F32	320	temporal_conditional_unet_2d	weight
up_blocks.3.attentions.2.proj_in.weight	741	F32	320,320,1,1	0	identity_bytes	up_blocks.3.attentions.2.proj_in.weight	F32	320,320,1,1	temporal_conditional_unet_2d	weight
up_blocks.3.attentions.2.proj_out.bias	764	F32	320	0	identity_bytes	up_blocks.3.attentions.2.proj_out.bias	F32	320	temporal_conditional_unet_2d	weight
up_blocks.3.attentions.2.proj_out.weight	763	F32	320,320,1,1	0	identity_bytes	up_blocks.3.attentions.2.proj_out.weight	F32	320,320,1,1	temporal_conditional_unet_2d	weight
up_blocks.3.attentions.2.transformer_blocks.0.attn1.to_k.weight	746	F32	320,320	0	identity_bytes	up_blocks.3.attentions.2.transformer_blocks.0.attn1.to_k.weight	F32	320,320	temporal_conditional_unet_2d	weight
up_blocks.3.attentions.2.transformer_blocks.0.attn1.to_out.0.bias	749	F32	320	0	identity_bytes	up_blocks.3.attentions.2.transformer_blocks.0.attn1.to_out.0.bias	F32	320	temporal_conditional_unet_2d	weight
up_blocks.3.attentions.2.transformer_blocks.0.attn1.to_out.0.weight	748	F32	320,320	0	identity_bytes	up_blocks.3.attentions.2.transformer_blocks.0.attn1.to_out.0.weight	F32	320,320	temporal_conditional_unet_2d	weight
up_blocks.3.attentions.2.transformer_blocks.0.attn1.to_q.weight	745	F32	320,320	0	identity_bytes	up_blocks.3.attentions.2.transformer_blocks.0.attn1.to_q.weight	F32	320,320	temporal_conditional_unet_2d	weight
up_blocks.3.attentions.2.transformer_blocks.0.attn1.to_v.weight	747	F32	320,320	0	identity_bytes	up_blocks.3.attentions.2.transformer_blocks.0.attn1.to_v.weight	F32	320,320	temporal_conditional_unet_2d	weight
up_blocks.3.attentions.2.transformer_blocks.0.attn2.to_k.weight	753	F32	320,384	0	identity_bytes	up_blocks.3.attentions.2.transformer_blocks.0.attn2.to_k.weight	F32	320,384	temporal_conditional_unet_2d	weight
up_blocks.3.attentions.2.transformer_blocks.0.attn2.to_out.0.bias	756	F32	320	0	identity_bytes	up_blocks.3.attentions.2.transformer_blocks.0.attn2.to_out.0.bias	F32	320	temporal_conditional_unet_2d	weight
up_blocks.3.attentions.2.transformer_blocks.0.attn2.to_out.0.weight	755	F32	320,320	0	identity_bytes	up_blocks.3.attentions.2.transformer_blocks.0.attn2.to_out.0.weight	F32	320,320	temporal_conditional_unet_2d	weight
up_blocks.3.attentions.2.transformer_blocks.0.attn2.to_q.weight	752	F32	320,320	0	identity_bytes	up_blocks.3.attentions.2.transformer_blocks.0.attn2.to_q.weight	F32	320,320	temporal_conditional_unet_2d	weight
up_blocks.3.attentions.2.transformer_blocks.0.attn2.to_v.weight	754	F32	320,384	0	identity_bytes	up_blocks.3.attentions.2.transformer_blocks.0.attn2.to_v.weight	F32	320,384	temporal_conditional_unet_2d	weight
up_blocks.3.attentions.2.transformer_blocks.0.ff.net.0.proj.bias	758	F32	2560	0	identity_bytes	up_blocks.3.attentions.2.transformer_blocks.0.ff.net.0.proj.bias	F32	2560	temporal_conditional_unet_2d	weight
up_blocks.3.attentions.2.transformer_blocks.0.ff.net.0.proj.weight	757	F32	2560,320	0	identity_bytes	up_blocks.3.attentions.2.transformer_blocks.0.ff.net.0.proj.weight	F32	2560,320	temporal_conditional_unet_2d	weight
up_blocks.3.attentions.2.transformer_blocks.0.ff.net.2.bias	760	F32	320	0	identity_bytes	up_blocks.3.attentions.2.transformer_blocks.0.ff.net.2.bias	F32	320	temporal_conditional_unet_2d	weight
up_blocks.3.attentions.2.transformer_blocks.0.ff.net.2.weight	759	F32	320,1280	0	identity_bytes	up_blocks.3.attentions.2.transformer_blocks.0.ff.net.2.weight	F32	320,1280	temporal_conditional_unet_2d	weight
up_blocks.3.attentions.2.transformer_blocks.0.norm1.bias	744	F32	320	0	identity_bytes	up_blocks.3.attentions.2.transformer_blocks.0.norm1.bias	F32	320	temporal_conditional_unet_2d	weight
up_blocks.3.attentions.2.transformer_blocks.0.norm1.weight	743	F32	320	0	identity_bytes	up_blocks.3.attentions.2.transformer_blocks.0.norm1.weight	F32	320	temporal_conditional_unet_2d	weight
up_blocks.3.attentions.2.transformer_blocks.0.norm2.bias	751	F32	320	0	identity_bytes	up_blocks.3.attentions.2.transformer_blocks.0.norm2.bias	F32	320	temporal_conditional_unet_2d	weight
up_blocks.3.attentions.2.transformer_blocks.0.norm2.weight	750	F32	320	0	identity_bytes	up_blocks.3.attentions.2.transformer_blocks.0.norm2.weight	F32	320	temporal_conditional_unet_2d	weight
up_blocks.3.attentions.2.transformer_blocks.0.norm3.bias	762	F32	320	0	identity_bytes	up_blocks.3.attentions.2.transformer_blocks.0.norm3.bias	F32	320	temporal_conditional_unet_2d	weight
up_blocks.3.attentions.2.transformer_blocks.0.norm3.weight	761	F32	320	0	identity_bytes	up_blocks.3.attentions.2.transformer_blocks.0.norm3.weight	F32	320	temporal_conditional_unet_2d	weight
up_blocks.3.motion_modules.0.temporal_transformer.norm.bias	802	F32	320	0	identity_bytes	up_blocks.3.motion_modules.0.temporal_transformer.norm.bias	F32	320	temporal_conditional_unet_2d	weight
up_blocks.3.motion_modules.0.temporal_transformer.norm.weight	801	F32	320	0	identity_bytes	up_blocks.3.motion_modules.0.temporal_transformer.norm.weight	F32	320	temporal_conditional_unet_2d	weight
up_blocks.3.motion_modules.0.temporal_transformer.proj_in.bias	804	F32	320	0	identity_bytes	up_blocks.3.motion_modules.0.temporal_transformer.proj_in.bias	F32	320	temporal_conditional_unet_2d	weight
up_blocks.3.motion_modules.0.temporal_transformer.proj_in.weight	803	F32	320,320	0	identity_bytes	up_blocks.3.motion_modules.0.temporal_transformer.proj_in.weight	F32	320,320	temporal_conditional_unet_2d	weight
up_blocks.3.motion_modules.0.temporal_transformer.proj_out.bias	828	F32	320	0	identity_bytes	up_blocks.3.motion_modules.0.temporal_transformer.proj_out.bias	F32	320	temporal_conditional_unet_2d	weight
up_blocks.3.motion_modules.0.temporal_transformer.proj_out.weight	827	F32	320,320	0	identity_bytes	up_blocks.3.motion_modules.0.temporal_transformer.proj_out.weight	F32	320,320	temporal_conditional_unet_2d	weight
up_blocks.3.motion_modules.0.temporal_transformer.transformer_blocks.0.attention_blocks.0.pos_encoder.pe	810	F32	1,24,320	0	identity_bytes	up_blocks.3.motion_modules.0.temporal_transformer.transformer_blocks.0.attention_blocks.0.pos_encoder.pe	F32	1,24,320	temporal_conditional_unet_2d	weight
up_blocks.3.motion_modules.0.temporal_transformer.transformer_blocks.0.attention_blocks.0.to_k.weight	806	F32	320,320	0	identity_bytes	up_blocks.3.motion_modules.0.temporal_transformer.transformer_blocks.0.attention_blocks.0.to_k.weight	F32	320,320	temporal_conditional_unet_2d	weight
up_blocks.3.motion_modules.0.temporal_transformer.transformer_blocks.0.attention_blocks.0.to_out.0.bias	809	F32	320	0	identity_bytes	up_blocks.3.motion_modules.0.temporal_transformer.transformer_blocks.0.attention_blocks.0.to_out.0.bias	F32	320	temporal_conditional_unet_2d	weight
up_blocks.3.motion_modules.0.temporal_transformer.transformer_blocks.0.attention_blocks.0.to_out.0.weight	808	F32	320,320	0	identity_bytes	up_blocks.3.motion_modules.0.temporal_transformer.transformer_blocks.0.attention_blocks.0.to_out.0.weight	F32	320,320	temporal_conditional_unet_2d	weight
up_blocks.3.motion_modules.0.temporal_transformer.transformer_blocks.0.attention_blocks.0.to_q.weight	805	F32	320,320	0	identity_bytes	up_blocks.3.motion_modules.0.temporal_transformer.transformer_blocks.0.attention_blocks.0.to_q.weight	F32	320,320	temporal_conditional_unet_2d	weight
up_blocks.3.motion_modules.0.temporal_transformer.transformer_blocks.0.attention_blocks.0.to_v.weight	807	F32	320,320	0	identity_bytes	up_blocks.3.motion_modules.0.temporal_transformer.transformer_blocks.0.attention_blocks.0.to_v.weight	F32	320,320	temporal_conditional_unet_2d	weight
up_blocks.3.motion_modules.0.temporal_transformer.transformer_blocks.0.attention_blocks.1.pos_encoder.pe	816	F32	1,24,320	0	identity_bytes	up_blocks.3.motion_modules.0.temporal_transformer.transformer_blocks.0.attention_blocks.1.pos_encoder.pe	F32	1,24,320	temporal_conditional_unet_2d	weight
up_blocks.3.motion_modules.0.temporal_transformer.transformer_blocks.0.attention_blocks.1.to_k.weight	812	F32	320,320	0	identity_bytes	up_blocks.3.motion_modules.0.temporal_transformer.transformer_blocks.0.attention_blocks.1.to_k.weight	F32	320,320	temporal_conditional_unet_2d	weight
up_blocks.3.motion_modules.0.temporal_transformer.transformer_blocks.0.attention_blocks.1.to_out.0.bias	815	F32	320	0	identity_bytes	up_blocks.3.motion_modules.0.temporal_transformer.transformer_blocks.0.attention_blocks.1.to_out.0.bias	F32	320	temporal_conditional_unet_2d	weight
up_blocks.3.motion_modules.0.temporal_transformer.transformer_blocks.0.attention_blocks.1.to_out.0.weight	814	F32	320,320	0	identity_bytes	up_blocks.3.motion_modules.0.temporal_transformer.transformer_blocks.0.attention_blocks.1.to_out.0.weight	F32	320,320	temporal_conditional_unet_2d	weight
up_blocks.3.motion_modules.0.temporal_transformer.transformer_blocks.0.attention_blocks.1.to_q.weight	811	F32	320,320	0	identity_bytes	up_blocks.3.motion_modules.0.temporal_transformer.transformer_blocks.0.attention_blocks.1.to_q.weight	F32	320,320	temporal_conditional_unet_2d	weight
up_blocks.3.motion_modules.0.temporal_transformer.transformer_blocks.0.attention_blocks.1.to_v.weight	813	F32	320,320	0	identity_bytes	up_blocks.3.motion_modules.0.temporal_transformer.transformer_blocks.0.attention_blocks.1.to_v.weight	F32	320,320	temporal_conditional_unet_2d	weight
up_blocks.3.motion_modules.0.temporal_transformer.transformer_blocks.0.ff.net.0.proj.bias	822	F32	2560	0	identity_bytes	up_blocks.3.motion_modules.0.temporal_transformer.transformer_blocks.0.ff.net.0.proj.bias	F32	2560	temporal_conditional_unet_2d	weight
up_blocks.3.motion_modules.0.temporal_transformer.transformer_blocks.0.ff.net.0.proj.weight	821	F32	2560,320	0	identity_bytes	up_blocks.3.motion_modules.0.temporal_transformer.transformer_blocks.0.ff.net.0.proj.weight	F32	2560,320	temporal_conditional_unet_2d	weight
up_blocks.3.motion_modules.0.temporal_transformer.transformer_blocks.0.ff.net.2.bias	824	F32	320	0	identity_bytes	up_blocks.3.motion_modules.0.temporal_transformer.transformer_blocks.0.ff.net.2.bias	F32	320	temporal_conditional_unet_2d	weight
up_blocks.3.motion_modules.0.temporal_transformer.transformer_blocks.0.ff.net.2.weight	823	F32	320,1280	0	identity_bytes	up_blocks.3.motion_modules.0.temporal_transformer.transformer_blocks.0.ff.net.2.weight	F32	320,1280	temporal_conditional_unet_2d	weight
up_blocks.3.motion_modules.0.temporal_transformer.transformer_blocks.0.ff_norm.bias	826	F32	320	0	identity_bytes	up_blocks.3.motion_modules.0.temporal_transformer.transformer_blocks.0.ff_norm.bias	F32	320	temporal_conditional_unet_2d	weight
up_blocks.3.motion_modules.0.temporal_transformer.transformer_blocks.0.ff_norm.weight	825	F32	320	0	identity_bytes	up_blocks.3.motion_modules.0.temporal_transformer.transformer_blocks.0.ff_norm.weight	F32	320	temporal_conditional_unet_2d	weight
up_blocks.3.motion_modules.0.temporal_transformer.transformer_blocks.0.norms.0.bias	818	F32	320	0	identity_bytes	up_blocks.3.motion_modules.0.temporal_transformer.transformer_blocks.0.norms.0.bias	F32	320	temporal_conditional_unet_2d	weight
up_blocks.3.motion_modules.0.temporal_transformer.transformer_blocks.0.norms.0.weight	817	F32	320	0	identity_bytes	up_blocks.3.motion_modules.0.temporal_transformer.transformer_blocks.0.norms.0.weight	F32	320	temporal_conditional_unet_2d	weight
up_blocks.3.motion_modules.0.temporal_transformer.transformer_blocks.0.norms.1.bias	820	F32	320	0	identity_bytes	up_blocks.3.motion_modules.0.temporal_transformer.transformer_blocks.0.norms.1.bias	F32	320	temporal_conditional_unet_2d	weight
up_blocks.3.motion_modules.0.temporal_transformer.transformer_blocks.0.norms.1.weight	819	F32	320	0	identity_bytes	up_blocks.3.motion_modules.0.temporal_transformer.transformer_blocks.0.norms.1.weight	F32	320	temporal_conditional_unet_2d	weight
up_blocks.3.motion_modules.1.temporal_transformer.norm.bias	830	F32	320	0	identity_bytes	up_blocks.3.motion_modules.1.temporal_transformer.norm.bias	F32	320	temporal_conditional_unet_2d	weight
up_blocks.3.motion_modules.1.temporal_transformer.norm.weight	829	F32	320	0	identity_bytes	up_blocks.3.motion_modules.1.temporal_transformer.norm.weight	F32	320	temporal_conditional_unet_2d	weight
up_blocks.3.motion_modules.1.temporal_transformer.proj_in.bias	832	F32	320	0	identity_bytes	up_blocks.3.motion_modules.1.temporal_transformer.proj_in.bias	F32	320	temporal_conditional_unet_2d	weight
up_blocks.3.motion_modules.1.temporal_transformer.proj_in.weight	831	F32	320,320	0	identity_bytes	up_blocks.3.motion_modules.1.temporal_transformer.proj_in.weight	F32	320,320	temporal_conditional_unet_2d	weight
up_blocks.3.motion_modules.1.temporal_transformer.proj_out.bias	856	F32	320	0	identity_bytes	up_blocks.3.motion_modules.1.temporal_transformer.proj_out.bias	F32	320	temporal_conditional_unet_2d	weight
up_blocks.3.motion_modules.1.temporal_transformer.proj_out.weight	855	F32	320,320	0	identity_bytes	up_blocks.3.motion_modules.1.temporal_transformer.proj_out.weight	F32	320,320	temporal_conditional_unet_2d	weight
up_blocks.3.motion_modules.1.temporal_transformer.transformer_blocks.0.attention_blocks.0.pos_encoder.pe	838	F32	1,24,320	0	identity_bytes	up_blocks.3.motion_modules.1.temporal_transformer.transformer_blocks.0.attention_blocks.0.pos_encoder.pe	F32	1,24,320	temporal_conditional_unet_2d	weight
up_blocks.3.motion_modules.1.temporal_transformer.transformer_blocks.0.attention_blocks.0.to_k.weight	834	F32	320,320	0	identity_bytes	up_blocks.3.motion_modules.1.temporal_transformer.transformer_blocks.0.attention_blocks.0.to_k.weight	F32	320,320	temporal_conditional_unet_2d	weight
up_blocks.3.motion_modules.1.temporal_transformer.transformer_blocks.0.attention_blocks.0.to_out.0.bias	837	F32	320	0	identity_bytes	up_blocks.3.motion_modules.1.temporal_transformer.transformer_blocks.0.attention_blocks.0.to_out.0.bias	F32	320	temporal_conditional_unet_2d	weight
up_blocks.3.motion_modules.1.temporal_transformer.transformer_blocks.0.attention_blocks.0.to_out.0.weight	836	F32	320,320	0	identity_bytes	up_blocks.3.motion_modules.1.temporal_transformer.transformer_blocks.0.attention_blocks.0.to_out.0.weight	F32	320,320	temporal_conditional_unet_2d	weight
up_blocks.3.motion_modules.1.temporal_transformer.transformer_blocks.0.attention_blocks.0.to_q.weight	833	F32	320,320	0	identity_bytes	up_blocks.3.motion_modules.1.temporal_transformer.transformer_blocks.0.attention_blocks.0.to_q.weight	F32	320,320	temporal_conditional_unet_2d	weight
up_blocks.3.motion_modules.1.temporal_transformer.transformer_blocks.0.attention_blocks.0.to_v.weight	835	F32	320,320	0	identity_bytes	up_blocks.3.motion_modules.1.temporal_transformer.transformer_blocks.0.attention_blocks.0.to_v.weight	F32	320,320	temporal_conditional_unet_2d	weight
up_blocks.3.motion_modules.1.temporal_transformer.transformer_blocks.0.attention_blocks.1.pos_encoder.pe	844	F32	1,24,320	0	identity_bytes	up_blocks.3.motion_modules.1.temporal_transformer.transformer_blocks.0.attention_blocks.1.pos_encoder.pe	F32	1,24,320	temporal_conditional_unet_2d	weight
up_blocks.3.motion_modules.1.temporal_transformer.transformer_blocks.0.attention_blocks.1.to_k.weight	840	F32	320,320	0	identity_bytes	up_blocks.3.motion_modules.1.temporal_transformer.transformer_blocks.0.attention_blocks.1.to_k.weight	F32	320,320	temporal_conditional_unet_2d	weight
up_blocks.3.motion_modules.1.temporal_transformer.transformer_blocks.0.attention_blocks.1.to_out.0.bias	843	F32	320	0	identity_bytes	up_blocks.3.motion_modules.1.temporal_transformer.transformer_blocks.0.attention_blocks.1.to_out.0.bias	F32	320	temporal_conditional_unet_2d	weight
up_blocks.3.motion_modules.1.temporal_transformer.transformer_blocks.0.attention_blocks.1.to_out.0.weight	842	F32	320,320	0	identity_bytes	up_blocks.3.motion_modules.1.temporal_transformer.transformer_blocks.0.attention_blocks.1.to_out.0.weight	F32	320,320	temporal_conditional_unet_2d	weight
up_blocks.3.motion_modules.1.temporal_transformer.transformer_blocks.0.attention_blocks.1.to_q.weight	839	F32	320,320	0	identity_bytes	up_blocks.3.motion_modules.1.temporal_transformer.transformer_blocks.0.attention_blocks.1.to_q.weight	F32	320,320	temporal_conditional_unet_2d	weight
up_blocks.3.motion_modules.1.temporal_transformer.transformer_blocks.0.attention_blocks.1.to_v.weight	841	F32	320,320	0	identity_bytes	up_blocks.3.motion_modules.1.temporal_transformer.transformer_blocks.0.attention_blocks.1.to_v.weight	F32	320,320	temporal_conditional_unet_2d	weight
up_blocks.3.motion_modules.1.temporal_transformer.transformer_blocks.0.ff.net.0.proj.bias	850	F32	2560	0	identity_bytes	up_blocks.3.motion_modules.1.temporal_transformer.transformer_blocks.0.ff.net.0.proj.bias	F32	2560	temporal_conditional_unet_2d	weight
up_blocks.3.motion_modules.1.temporal_transformer.transformer_blocks.0.ff.net.0.proj.weight	849	F32	2560,320	0	identity_bytes	up_blocks.3.motion_modules.1.temporal_transformer.transformer_blocks.0.ff.net.0.proj.weight	F32	2560,320	temporal_conditional_unet_2d	weight
up_blocks.3.motion_modules.1.temporal_transformer.transformer_blocks.0.ff.net.2.bias	852	F32	320	0	identity_bytes	up_blocks.3.motion_modules.1.temporal_transformer.transformer_blocks.0.ff.net.2.bias	F32	320	temporal_conditional_unet_2d	weight
up_blocks.3.motion_modules.1.temporal_transformer.transformer_blocks.0.ff.net.2.weight	851	F32	320,1280	0	identity_bytes	up_blocks.3.motion_modules.1.temporal_transformer.transformer_blocks.0.ff.net.2.weight	F32	320,1280	temporal_conditional_unet_2d	weight
up_blocks.3.motion_modules.1.temporal_transformer.transformer_blocks.0.ff_norm.bias	854	F32	320	0	identity_bytes	up_blocks.3.motion_modules.1.temporal_transformer.transformer_blocks.0.ff_norm.bias	F32	320	temporal_conditional_unet_2d	weight
up_blocks.3.motion_modules.1.temporal_transformer.transformer_blocks.0.ff_norm.weight	853	F32	320	0	identity_bytes	up_blocks.3.motion_modules.1.temporal_transformer.transformer_blocks.0.ff_norm.weight	F32	320	temporal_conditional_unet_2d	weight
up_blocks.3.motion_modules.1.temporal_transformer.transformer_blocks.0.norms.0.bias	846	F32	320	0	identity_bytes	up_blocks.3.motion_modules.1.temporal_transformer.transformer_blocks.0.norms.0.bias	F32	320	temporal_conditional_unet_2d	weight
up_blocks.3.motion_modules.1.temporal_transformer.transformer_blocks.0.norms.0.weight	845	F32	320	0	identity_bytes	up_blocks.3.motion_modules.1.temporal_transformer.transformer_blocks.0.norms.0.weight	F32	320	temporal_conditional_unet_2d	weight
up_blocks.3.motion_modules.1.temporal_transformer.transformer_blocks.0.norms.1.bias	848	F32	320	0	identity_bytes	up_blocks.3.motion_modules.1.temporal_transformer.transformer_blocks.0.norms.1.bias	F32	320	temporal_conditional_unet_2d	weight
up_blocks.3.motion_modules.1.temporal_transformer.transformer_blocks.0.norms.1.weight	847	F32	320	0	identity_bytes	up_blocks.3.motion_modules.1.temporal_transformer.transformer_blocks.0.norms.1.weight	F32	320	temporal_conditional_unet_2d	weight
up_blocks.3.motion_modules.2.temporal_transformer.norm.bias	858	F32	320	0	identity_bytes	up_blocks.3.motion_modules.2.temporal_transformer.norm.bias	F32	320	temporal_conditional_unet_2d	weight
up_blocks.3.motion_modules.2.temporal_transformer.norm.weight	857	F32	320	0	identity_bytes	up_blocks.3.motion_modules.2.temporal_transformer.norm.weight	F32	320	temporal_conditional_unet_2d	weight
up_blocks.3.motion_modules.2.temporal_transformer.proj_in.bias	860	F32	320	0	identity_bytes	up_blocks.3.motion_modules.2.temporal_transformer.proj_in.bias	F32	320	temporal_conditional_unet_2d	weight
up_blocks.3.motion_modules.2.temporal_transformer.proj_in.weight	859	F32	320,320	0	identity_bytes	up_blocks.3.motion_modules.2.temporal_transformer.proj_in.weight	F32	320,320	temporal_conditional_unet_2d	weight
up_blocks.3.motion_modules.2.temporal_transformer.proj_out.bias	884	F32	320	0	identity_bytes	up_blocks.3.motion_modules.2.temporal_transformer.proj_out.bias	F32	320	temporal_conditional_unet_2d	weight
up_blocks.3.motion_modules.2.temporal_transformer.proj_out.weight	883	F32	320,320	0	identity_bytes	up_blocks.3.motion_modules.2.temporal_transformer.proj_out.weight	F32	320,320	temporal_conditional_unet_2d	weight
up_blocks.3.motion_modules.2.temporal_transformer.transformer_blocks.0.attention_blocks.0.pos_encoder.pe	866	F32	1,24,320	0	identity_bytes	up_blocks.3.motion_modules.2.temporal_transformer.transformer_blocks.0.attention_blocks.0.pos_encoder.pe	F32	1,24,320	temporal_conditional_unet_2d	weight
up_blocks.3.motion_modules.2.temporal_transformer.transformer_blocks.0.attention_blocks.0.to_k.weight	862	F32	320,320	0	identity_bytes	up_blocks.3.motion_modules.2.temporal_transformer.transformer_blocks.0.attention_blocks.0.to_k.weight	F32	320,320	temporal_conditional_unet_2d	weight
up_blocks.3.motion_modules.2.temporal_transformer.transformer_blocks.0.attention_blocks.0.to_out.0.bias	865	F32	320	0	identity_bytes	up_blocks.3.motion_modules.2.temporal_transformer.transformer_blocks.0.attention_blocks.0.to_out.0.bias	F32	320	temporal_conditional_unet_2d	weight
up_blocks.3.motion_modules.2.temporal_transformer.transformer_blocks.0.attention_blocks.0.to_out.0.weight	864	F32	320,320	0	identity_bytes	up_blocks.3.motion_modules.2.temporal_transformer.transformer_blocks.0.attention_blocks.0.to_out.0.weight	F32	320,320	temporal_conditional_unet_2d	weight
up_blocks.3.motion_modules.2.temporal_transformer.transformer_blocks.0.attention_blocks.0.to_q.weight	861	F32	320,320	0	identity_bytes	up_blocks.3.motion_modules.2.temporal_transformer.transformer_blocks.0.attention_blocks.0.to_q.weight	F32	320,320	temporal_conditional_unet_2d	weight
up_blocks.3.motion_modules.2.temporal_transformer.transformer_blocks.0.attention_blocks.0.to_v.weight	863	F32	320,320	0	identity_bytes	up_blocks.3.motion_modules.2.temporal_transformer.transformer_blocks.0.attention_blocks.0.to_v.weight	F32	320,320	temporal_conditional_unet_2d	weight
up_blocks.3.motion_modules.2.temporal_transformer.transformer_blocks.0.attention_blocks.1.pos_encoder.pe	872	F32	1,24,320	0	identity_bytes	up_blocks.3.motion_modules.2.temporal_transformer.transformer_blocks.0.attention_blocks.1.pos_encoder.pe	F32	1,24,320	temporal_conditional_unet_2d	weight
up_blocks.3.motion_modules.2.temporal_transformer.transformer_blocks.0.attention_blocks.1.to_k.weight	868	F32	320,320	0	identity_bytes	up_blocks.3.motion_modules.2.temporal_transformer.transformer_blocks.0.attention_blocks.1.to_k.weight	F32	320,320	temporal_conditional_unet_2d	weight
up_blocks.3.motion_modules.2.temporal_transformer.transformer_blocks.0.attention_blocks.1.to_out.0.bias	871	F32	320	0	identity_bytes	up_blocks.3.motion_modules.2.temporal_transformer.transformer_blocks.0.attention_blocks.1.to_out.0.bias	F32	320	temporal_conditional_unet_2d	weight
up_blocks.3.motion_modules.2.temporal_transformer.transformer_blocks.0.attention_blocks.1.to_out.0.weight	870	F32	320,320	0	identity_bytes	up_blocks.3.motion_modules.2.temporal_transformer.transformer_blocks.0.attention_blocks.1.to_out.0.weight	F32	320,320	temporal_conditional_unet_2d	weight
up_blocks.3.motion_modules.2.temporal_transformer.transformer_blocks.0.attention_blocks.1.to_q.weight	867	F32	320,320	0	identity_bytes	up_blocks.3.motion_modules.2.temporal_transformer.transformer_blocks.0.attention_blocks.1.to_q.weight	F32	320,320	temporal_conditional_unet_2d	weight
up_blocks.3.motion_modules.2.temporal_transformer.transformer_blocks.0.attention_blocks.1.to_v.weight	869	F32	320,320	0	identity_bytes	up_blocks.3.motion_modules.2.temporal_transformer.transformer_blocks.0.attention_blocks.1.to_v.weight	F32	320,320	temporal_conditional_unet_2d	weight
up_blocks.3.motion_modules.2.temporal_transformer.transformer_blocks.0.ff.net.0.proj.bias	878	F32	2560	0	identity_bytes	up_blocks.3.motion_modules.2.temporal_transformer.transformer_blocks.0.ff.net.0.proj.bias	F32	2560	temporal_conditional_unet_2d	weight
up_blocks.3.motion_modules.2.temporal_transformer.transformer_blocks.0.ff.net.0.proj.weight	877	F32	2560,320	0	identity_bytes	up_blocks.3.motion_modules.2.temporal_transformer.transformer_blocks.0.ff.net.0.proj.weight	F32	2560,320	temporal_conditional_unet_2d	weight
up_blocks.3.motion_modules.2.temporal_transformer.transformer_blocks.0.ff.net.2.bias	880	F32	320	0	identity_bytes	up_blocks.3.motion_modules.2.temporal_transformer.transformer_blocks.0.ff.net.2.bias	F32	320	temporal_conditional_unet_2d	weight
up_blocks.3.motion_modules.2.temporal_transformer.transformer_blocks.0.ff.net.2.weight	879	F32	320,1280	0	identity_bytes	up_blocks.3.motion_modules.2.temporal_transformer.transformer_blocks.0.ff.net.2.weight	F32	320,1280	temporal_conditional_unet_2d	weight
up_blocks.3.motion_modules.2.temporal_transformer.transformer_blocks.0.ff_norm.bias	882	F32	320	0	identity_bytes	up_blocks.3.motion_modules.2.temporal_transformer.transformer_blocks.0.ff_norm.bias	F32	320	temporal_conditional_unet_2d	weight
up_blocks.3.motion_modules.2.temporal_transformer.transformer_blocks.0.ff_norm.weight	881	F32	320	0	identity_bytes	up_blocks.3.motion_modules.2.temporal_transformer.transformer_blocks.0.ff_norm.weight	F32	320	temporal_conditional_unet_2d	weight
up_blocks.3.motion_modules.2.temporal_transformer.transformer_blocks.0.norms.0.bias	874	F32	320	0	identity_bytes	up_blocks.3.motion_modules.2.temporal_transformer.transformer_blocks.0.norms.0.bias	F32	320	temporal_conditional_unet_2d	weight
up_blocks.3.motion_modules.2.temporal_transformer.transformer_blocks.0.norms.0.weight	873	F32	320	0	identity_bytes	up_blocks.3.motion_modules.2.temporal_transformer.transformer_blocks.0.norms.0.weight	F32	320	temporal_conditional_unet_2d	weight
up_blocks.3.motion_modules.2.temporal_transformer.transformer_blocks.0.norms.1.bias	876	F32	320	0	identity_bytes	up_blocks.3.motion_modules.2.temporal_transformer.transformer_blocks.0.norms.1.bias	F32	320	temporal_conditional_unet_2d	weight
up_blocks.3.motion_modules.2.temporal_transformer.transformer_blocks.0.norms.1.weight	875	F32	320	0	identity_bytes	up_blocks.3.motion_modules.2.temporal_transformer.transformer_blocks.0.norms.1.weight	F32	320	temporal_conditional_unet_2d	weight
up_blocks.3.resnets.0.conv1.bias	768	F32	320	0	identity_bytes	up_blocks.3.resnets.0.conv1.bias	F32	320	temporal_conditional_unet_2d	weight
up_blocks.3.resnets.0.conv1.weight	767	F32	320,960,3,3	0	identity_bytes	up_blocks.3.resnets.0.conv1.weight	F32	320,960,3,3	temporal_conditional_unet_2d	weight
up_blocks.3.resnets.0.conv2.bias	774	F32	320	0	identity_bytes	up_blocks.3.resnets.0.conv2.bias	F32	320	temporal_conditional_unet_2d	weight
up_blocks.3.resnets.0.conv2.weight	773	F32	320,320,3,3	0	identity_bytes	up_blocks.3.resnets.0.conv2.weight	F32	320,320,3,3	temporal_conditional_unet_2d	weight
up_blocks.3.resnets.0.conv_shortcut.bias	776	F32	320	0	identity_bytes	up_blocks.3.resnets.0.conv_shortcut.bias	F32	320	temporal_conditional_unet_2d	weight
up_blocks.3.resnets.0.conv_shortcut.weight	775	F32	320,960,1,1	0	identity_bytes	up_blocks.3.resnets.0.conv_shortcut.weight	F32	320,960,1,1	temporal_conditional_unet_2d	weight
up_blocks.3.resnets.0.norm1.bias	766	F32	960	0	identity_bytes	up_blocks.3.resnets.0.norm1.bias	F32	960	temporal_conditional_unet_2d	weight
up_blocks.3.resnets.0.norm1.weight	765	F32	960	0	identity_bytes	up_blocks.3.resnets.0.norm1.weight	F32	960	temporal_conditional_unet_2d	weight
up_blocks.3.resnets.0.norm2.bias	772	F32	320	0	identity_bytes	up_blocks.3.resnets.0.norm2.bias	F32	320	temporal_conditional_unet_2d	weight
up_blocks.3.resnets.0.norm2.weight	771	F32	320	0	identity_bytes	up_blocks.3.resnets.0.norm2.weight	F32	320	temporal_conditional_unet_2d	weight
up_blocks.3.resnets.0.time_emb_proj.bias	770	F32	320	0	identity_bytes	up_blocks.3.resnets.0.time_emb_proj.bias	F32	320	temporal_conditional_unet_2d	weight
up_blocks.3.resnets.0.time_emb_proj.weight	769	F32	320,1280	0	identity_bytes	up_blocks.3.resnets.0.time_emb_proj.weight	F32	320,1280	temporal_conditional_unet_2d	weight
up_blocks.3.resnets.1.conv1.bias	780	F32	320	0	identity_bytes	up_blocks.3.resnets.1.conv1.bias	F32	320	temporal_conditional_unet_2d	weight
up_blocks.3.resnets.1.conv1.weight	779	F32	320,640,3,3	0	identity_bytes	up_blocks.3.resnets.1.conv1.weight	F32	320,640,3,3	temporal_conditional_unet_2d	weight
up_blocks.3.resnets.1.conv2.bias	786	F32	320	0	identity_bytes	up_blocks.3.resnets.1.conv2.bias	F32	320	temporal_conditional_unet_2d	weight
up_blocks.3.resnets.1.conv2.weight	785	F32	320,320,3,3	0	identity_bytes	up_blocks.3.resnets.1.conv2.weight	F32	320,320,3,3	temporal_conditional_unet_2d	weight
up_blocks.3.resnets.1.conv_shortcut.bias	788	F32	320	0	identity_bytes	up_blocks.3.resnets.1.conv_shortcut.bias	F32	320	temporal_conditional_unet_2d	weight
up_blocks.3.resnets.1.conv_shortcut.weight	787	F32	320,640,1,1	0	identity_bytes	up_blocks.3.resnets.1.conv_shortcut.weight	F32	320,640,1,1	temporal_conditional_unet_2d	weight
up_blocks.3.resnets.1.norm1.bias	778	F32	640	0	identity_bytes	up_blocks.3.resnets.1.norm1.bias	F32	640	temporal_conditional_unet_2d	weight
up_blocks.3.resnets.1.norm1.weight	777	F32	640	0	identity_bytes	up_blocks.3.resnets.1.norm1.weight	F32	640	temporal_conditional_unet_2d	weight
up_blocks.3.resnets.1.norm2.bias	784	F32	320	0	identity_bytes	up_blocks.3.resnets.1.norm2.bias	F32	320	temporal_conditional_unet_2d	weight
up_blocks.3.resnets.1.norm2.weight	783	F32	320	0	identity_bytes	up_blocks.3.resnets.1.norm2.weight	F32	320	temporal_conditional_unet_2d	weight
up_blocks.3.resnets.1.time_emb_proj.bias	782	F32	320	0	identity_bytes	up_blocks.3.resnets.1.time_emb_proj.bias	F32	320	temporal_conditional_unet_2d	weight
up_blocks.3.resnets.1.time_emb_proj.weight	781	F32	320,1280	0	identity_bytes	up_blocks.3.resnets.1.time_emb_proj.weight	F32	320,1280	temporal_conditional_unet_2d	weight
up_blocks.3.resnets.2.conv1.bias	792	F32	320	0	identity_bytes	up_blocks.3.resnets.2.conv1.bias	F32	320	temporal_conditional_unet_2d	weight
up_blocks.3.resnets.2.conv1.weight	791	F32	320,640,3,3	0	identity_bytes	up_blocks.3.resnets.2.conv1.weight	F32	320,640,3,3	temporal_conditional_unet_2d	weight
up_blocks.3.resnets.2.conv2.bias	798	F32	320	0	identity_bytes	up_blocks.3.resnets.2.conv2.bias	F32	320	temporal_conditional_unet_2d	weight
up_blocks.3.resnets.2.conv2.weight	797	F32	320,320,3,3	0	identity_bytes	up_blocks.3.resnets.2.conv2.weight	F32	320,320,3,3	temporal_conditional_unet_2d	weight
up_blocks.3.resnets.2.conv_shortcut.bias	800	F32	320	0	identity_bytes	up_blocks.3.resnets.2.conv_shortcut.bias	F32	320	temporal_conditional_unet_2d	weight
up_blocks.3.resnets.2.conv_shortcut.weight	799	F32	320,640,1,1	0	identity_bytes	up_blocks.3.resnets.2.conv_shortcut.weight	F32	320,640,1,1	temporal_conditional_unet_2d	weight
up_blocks.3.resnets.2.norm1.bias	790	F32	640	0	identity_bytes	up_blocks.3.resnets.2.norm1.bias	F32	640	temporal_conditional_unet_2d	weight
up_blocks.3.resnets.2.norm1.weight	789	F32	640	0	identity_bytes	up_blocks.3.resnets.2.norm1.weight	F32	640	temporal_conditional_unet_2d	weight
up_blocks.3.resnets.2.norm2.bias	796	F32	320	0	identity_bytes	up_blocks.3.resnets.2.norm2.bias	F32	320	temporal_conditional_unet_2d	weight
up_blocks.3.resnets.2.norm2.weight	795	F32	320	0	identity_bytes	up_blocks.3.resnets.2.norm2.weight	F32	320	temporal_conditional_unet_2d	weight
up_blocks.3.resnets.2.time_emb_proj.bias	794	F32	320	0	identity_bytes	up_blocks.3.resnets.2.time_emb_proj.bias	F32	320	temporal_conditional_unet_2d	weight
up_blocks.3.resnets.2.time_emb_proj.weight	793	F32	320,1280	0	identity_bytes	up_blocks.3.resnets.2.time_emb_proj.weight	F32	320,1280	temporal_conditional_unet_2d	weight
