source_file	source_name	source_dtype	source_shape	source_offset	transformation	destination_name	destination_dtype	destination_shape	component	role
unet.pth	conv_in.weight	F32	320,8,3,3	150720	identity_bytes	conv_in.weight	F32	320,8,3,3	conditional_unet_2d	weight
unet.pth	conv_in.bias	F32	320	243008	identity_bytes	conv_in.bias	F32	320	conditional_unet_2d	weight
unet.pth	time_embedding.linear_1.weight	F32	1280,320	317157056	identity_bytes	time_embedding.linear_1.weight	F32	1280,320	conditional_unet_2d	weight
unet.pth	time_embedding.linear_1.bias	F32	1280	1623139904	identity_bytes	time_embedding.linear_1.bias	F32	1280	conditional_unet_2d	weight
unet.pth	time_embedding.linear_2.weight	F32	1280,1280	2485728192	identity_bytes	time_embedding.linear_2.weight	F32	1280,1280	conditional_unet_2d	weight
unet.pth	time_embedding.linear_2.bias	F32	1280	2823805760	identity_bytes	time_embedding.linear_2.bias	F32	1280	conditional_unet_2d	weight
unet.pth	down_blocks.0.attentions.0.norm.weight	F32	320	2935455168	identity_bytes	down_blocks.0.attentions.0.norm.weight	F32	320	conditional_unet_2d	weight
unet.pth	down_blocks.0.attentions.0.norm.bias	F32	320	3373445184	identity_bytes	down_blocks.0.attentions.0.norm.bias	F32	320	conditional_unet_2d	weight
unet.pth	down_blocks.0.attentions.0.proj_in.weight	F32	320,320,1,1	3386153152	identity_bytes	down_blocks.0.attentions.0.proj_in.weight	F32	320,320,1,1	conditional_unet_2d	weight
unet.pth	down_blocks.0.attentions.0.proj_in.bias	F32	320	3394768960	identity_bytes	down_blocks.0.attentions.0.proj_in.bias	F32	320	conditional_unet_2d	weight
unet.pth	down_blocks.0.attentions.0.transformer_blocks.0.norm1.weight	F32	320	244416	identity_bytes	down_blocks.0.attentions.0.transformer_blocks.0.norm1.weight	F32	320	conditional_unet_2d	weight
unet.pth	down_blocks.0.attentions.0.transformer_blocks.0.norm1.bias	F32	320	23217984	identity_bytes	down_blocks.0.attentions.0.transformer_blocks.0.norm1.bias	F32	320	conditional_unet_2d	weight
unet.pth	down_blocks.0.attentions.0.transformer_blocks.0.attn1.to_q.weight	F32	320,320	31425472	identity_bytes	down_blocks.0.attentions.0.transformer_blocks.0.attn1.to_q.weight	F32	320,320	conditional_unet_2d	weight
unet.pth	down_blocks.0.attentions.0.transformer_blocks.0.attn1.to_k.weight	F32	320,320	55132480	identity_bytes	down_blocks.0.attentions.0.transformer_blocks.0.attn1.to_k.weight	F32	320,320	conditional_unet_2d	weight
unet.pth	down_blocks.0.attentions.0.transformer_blocks.0.attn1.to_v.weight	F32	320,320	67846848	identity_bytes	down_blocks.0.attentions.0.transformer_blocks.0.attn1.to_v.weight	F32	320,320	conditional_unet_2d	weight
unet.pth	down_blocks.0.attentions.0.transformer_blocks.0.attn1.to_out.0.weight	F32	320,320	101860416	identity_bytes	down_blocks.0.attentions.0.transformer_blocks.0.attn1.to_out.0.weight	F32	320,320	conditional_unet_2d	weight
unet.pth	down_blocks.0.attentions.0.transformer_blocks.0.attn1.to_out.0.bias	F32	320	138341824	identity_bytes	down_blocks.0.attentions.0.transformer_blocks.0.attn1.to_out.0.bias	F32	320	conditional_unet_2d	weight
unet.pth	down_blocks.0.attentions.0.transformer_blocks.0.norm2.weight	F32	320	171138112	identity_bytes	down_blocks.0.attentions.0.transformer_blocks.0.norm2.weight	F32	320	conditional_unet_2d	weight
unet.pth	down_blocks.0.attentions.0.transformer_blocks.0.norm2.bias	F32	320	260331200	identity_bytes	down_blocks.0.attentions.0.transformer_blocks.0.norm2.bias	F32	320	conditional_unet_2d	weight
unet.pth	down_blocks.0.attentions.0.transformer_blocks.0.attn2.to_q.weight	F32	320,320	286579008	identity_bytes	down_blocks.0.attentions.0.transformer_blocks.0.attn2.to_q.weight	F32	320,320	conditional_unet_2d	weight
unet.pth	down_blocks.0.attentions.0.transformer_blocks.0.attn2.to_k.weight	F32	320,384	318795584	identity_bytes	down_blocks.0.attentions.0.transformer_blocks.0.attn2.to_k.weight	F32	320,384	conditional_unet_2d	weight
unet.pth	down_blocks.0.attentions.0.transformer_blocks.0.attn2.to_v.weight	F32	320,384	404551872	identity_bytes	down_blocks.0.attentions.0.transformer_blocks.0.attn2.to_v.weight	F32	320,384	conditional_unet_2d	weight
unet.pth	down_blocks.0.attentions.0.transformer_blocks.0.attn2.to_out.0.weight	F32	320,320	503379520	identity_bytes	down_blocks.0.attentions.0.transformer_blocks.0.attn2.to_out.0.weight	F32	320,320	conditional_unet_2d	weight
unet.pth	down_blocks.0.attentions.0.transformer_blocks.0.attn2.to_out.0.bias	F32	320	628344768	identity_bytes	down_blocks.0.attentions.0.transformer_blocks.0.attn2.to_out.0.bias	F32	320	conditional_unet_2d	weight
unet.pth	down_blocks.0.attentions.0.transformer_blocks.0.norm3.weight	F32	320	752901696	identity_bytes	down_blocks.0.attentions.0.transformer_blocks.0.norm3.weight	F32	320	conditional_unet_2d	weight
unet.pth	down_blocks.0.attentions.0.transformer_blocks.0.norm3.bias	F32	320	877458624	identity_bytes	down_blocks.0.attentions.0.transformer_blocks.0.norm3.bias	F32	320	conditional_unet_2d	weight
unet.pth	down_blocks.0.attentions.0.transformer_blocks.0.ff.net.0.proj.weight	F32	2560,320	1061008192	identity_bytes	down_blocks.0.attentions.0.transformer_blocks.0.ff.net.0.proj.weight	F32	2560,320	conditional_unet_2d	weight
unet.pth	down_blocks.0.attentions.0.transformer_blocks.0.ff.net.0.proj.bias	F32	2560	1260935360	identity_bytes	down_blocks.0.attentions.0.transformer_blocks.0.ff.net.0.proj.bias	F32	2560	conditional_unet_2d	weight
unet.pth	down_blocks.0.attentions.0.transformer_blocks.0.ff.net.2.weight	F32	320,1280	1451047488	identity_bytes	down_blocks.0.attentions.0.transformer_blocks.0.ff.net.2.weight	F32	320,1280	conditional_unet_2d	weight
unet.pth	down_blocks.0.attentions.0.transformer_blocks.0.ff.net.2.bias	F32	320	1590343616	identity_bytes	down_blocks.0.attentions.0.transformer_blocks.0.ff.net.2.bias	F32	320	conditional_unet_2d	weight
unet.pth	down_blocks.0.attentions.0.proj_out.weight	F32	320,320,1,1	1623145152	identity_bytes	down_blocks.0.attentions.0.proj_out.weight	F32	320,320,1,1	conditional_unet_2d	weight
unet.pth	down_blocks.0.attentions.0.proj_out.bias	F32	320	1640626240	identity_bytes	down_blocks.0.attentions.0.proj_out.bias	F32	320	conditional_unet_2d	weight
unet.pth	down_blocks.0.attentions.1.norm.weight	F32	320	1732445888	identity_bytes	down_blocks.0.attentions.1.norm.weight	F32	320	conditional_unet_2d	weight
unet.pth	down_blocks.0.attentions.1.norm.bias	F32	320	1765242176	identity_bytes	down_blocks.0.attentions.1.norm.bias	F32	320	conditional_unet_2d	weight
unet.pth	down_blocks.0.attentions.1.proj_in.weight	F32	320,320,1,1	1854435264	identity_bytes	down_blocks.0.attentions.1.proj_in.weight	F32	320,320,1,1	conditional_unet_2d	weight
unet.pth	down_blocks.0.attentions.1.proj_in.bias	F32	320	1881091392	identity_bytes	down_blocks.0.attentions.1.proj_in.bias	F32	320	conditional_unet_2d	weight
unet.pth	down_blocks.0.attentions.1.transformer_blocks.0.norm1.weight	F32	320	1911261120	identity_bytes	down_blocks.0.attentions.1.transformer_blocks.0.norm1.weight	F32	320	conditional_unet_2d	weight
unet.pth	down_blocks.0.attentions.1.transformer_blocks.0.norm1.bias	F32	320	1996542528	identity_bytes	down_blocks.0.attentions.1.transformer_blocks.0.norm1.bias	F32	320	conditional_unet_2d	weight
unet.pth	down_blocks.0.attentions.1.transformer_blocks.0.attn1.to_q.weight	F32	320,320	2193183936	identity_bytes	down_blocks.0.attentions.1.transformer_blocks.0.attn1.to_q.weight	F32	320,320	conditional_unet_2d	weight
unet.pth	down_blocks.0.attentions.1.transformer_blocks.0.attn1.to_k.weight	F32	320,320	2377141824	identity_bytes	down_blocks.0.attentions.1.transformer_blocks.0.attn1.to_k.weight	F32	320,320	conditional_unet_2d	weight
unet.pth	down_blocks.0.attentions.1.transformer_blocks.0.attn1.to_v.weight	F32	320,320	2492281920	identity_bytes	down_blocks.0.attentions.1.transformer_blocks.0.attn1.to_v.weight	F32	320,320	conditional_unet_2d	weight
unet.pth	down_blocks.0.attentions.1.transformer_blocks.0.attn1.to_out.0.weight	F32	320,320	2622149568	identity_bytes	down_blocks.0.attentions.1.transformer_blocks.0.attn1.to_out.0.weight	F32	320,320	conditional_unet_2d	weight
unet.pth	down_blocks.0.attentions.1.transformer_blocks.0.attn1.to_out.0.bias	F32	320	2630765376	identity_bytes	down_blocks.0.attentions.1.transformer_blocks.0.attn1.to_out.0.bias	F32	320	conditional_unet_2d	weight
unet.pth	down_blocks.0.attentions.1.transformer_blocks.0.norm2.weight	F32	320	2654064064	identity_bytes	down_blocks.0.attentions.1.transformer_blocks.0.norm2.weight	F32	320	conditional_unet_2d	weight
unet.pth	down_blocks.0.attentions.1.transformer_blocks.0.norm2.bias	F32	320	2660635712	identity_bytes	down_blocks.0.attentions.1.transformer_blocks.0.norm2.bias	F32	320	conditional_unet_2d	weight
unet.pth	down_blocks.0.attentions.1.transformer_blocks.0.attn2.to_q.weight	F32	320,320	2669168320	identity_bytes	down_blocks.0.attentions.1.transformer_blocks.0.attn2.to_q.weight	F32	320,320	conditional_unet_2d	weight
unet.pth	down_blocks.0.attentions.1.transformer_blocks.0.attn2.to_k.weight	F32	320,384	2690914368	identity_bytes	down_blocks.0.attentions.1.transformer_blocks.0.attn2.to_k.weight	F32	320,384	conditional_unet_2d	weight
unet.pth	down_blocks.0.attentions.1.transformer_blocks.0.attn2.to_v.weight	F32	320,384	2699612096	identity_bytes	down_blocks.0.attentions.1.transformer_blocks.0.attn2.to_v.weight	F32	320,384	conditional_unet_2d	weight
unet.pth	down_blocks.0.attentions.1.transformer_blocks.0.attn2.to_out.0.weight	F32	320,320	2718485824	identity_bytes	down_blocks.0.attentions.1.transformer_blocks.0.attn2.to_out.0.weight	F32	320,320	conditional_unet_2d	weight
unet.pth	down_blocks.0.attentions.1.transformer_blocks.0.attn2.to_out.0.bias	F32	320	2774628032	identity_bytes	down_blocks.0.attentions.1.transformer_blocks.0.attn2.to_out.0.bias	F32	320	conditional_unet_2d	weight
unet.pth	down_blocks.0.attentions.1.transformer_blocks.0.norm3.weight	F32	320	2823811008	identity_bytes	down_blocks.0.attentions.1.transformer_blocks.0.norm3.weight	F32	320	conditional_unet_2d	weight
unet.pth	down_blocks.0.attentions.1.transformer_blocks.0.norm3.bias	F32	320	2845133376	identity_bytes	down_blocks.0.attentions.1.transformer_blocks.0.norm3.bias	F32	320	conditional_unet_2d	weight
unet.pth	down_blocks.0.attentions.1.transformer_blocks.0.ff.net.0.proj.weight	F32	2560,320	2887749824	identity_bytes	down_blocks.0.attentions.1.transformer_blocks.0.ff.net.0.proj.weight	F32	2560,320	conditional_unet_2d	weight
unet.pth	down_blocks.0.attentions.1.transformer_blocks.0.ff.net.0.proj.bias	F32	2560	2907011392	identity_bytes	down_blocks.0.attentions.1.transformer_blocks.0.ff.net.0.proj.bias	F32	2560	conditional_unet_2d	weight
unet.pth	down_blocks.0.attentions.1.transformer_blocks.0.ff.net.2.weight	F32	320,1280	2909649600	identity_bytes	down_blocks.0.attentions.1.transformer_blocks.0.ff.net.2.weight	F32	320,1280	conditional_unet_2d	weight
unet.pth	down_blocks.0.attentions.1.transformer_blocks.0.ff.net.2.bias	F32	320	2916632128	identity_bytes	down_blocks.0.attentions.1.transformer_blocks.0.ff.net.2.bias	F32	320	conditional_unet_2d	weight
unet.pth	down_blocks.0.attentions.1.proj_out.weight	F32	320,320,1,1	2918689216	identity_bytes	down_blocks.0.attentions.1.proj_out.weight	F32	320,320,1,1	conditional_unet_2d	weight
unet.pth	down_blocks.0.attentions.1.proj_out.bias	F32	320	2924194624	identity_bytes	down_blocks.0.attentions.1.proj_out.bias	F32	320	conditional_unet_2d	weight
unet.pth	down_blocks.0.resnets.0.norm1.weight	F32	320	2926663872	identity_bytes	down_blocks.0.resnets.0.norm1.weight	F32	320	conditional_unet_2d	weight
unet.pth	down_blocks.0.resnets.0.norm1.bias	F32	320	2929701440	identity_bytes	down_blocks.0.resnets.0.norm1.bias	F32	320	conditional_unet_2d	weight
unet.pth	down_blocks.0.resnets.0.conv1.weight	F32	320,320,3,3	2935456576	identity_bytes	down_blocks.0.resnets.0.conv1.weight	F32	320,320,3,3	conditional_unet_2d	weight
unet.pth	down_blocks.0.resnets.0.conv1.bias	F32	320	2955542464	identity_bytes	down_blocks.0.resnets.0.conv1.bias	F32	320	conditional_unet_2d	weight
unet.pth	down_blocks.0.resnets.0.time_emb_proj.weight	F32	320,1280	2965796672	identity_bytes	down_blocks.0.resnets.0.time_emb_proj.weight	F32	320,1280	conditional_unet_2d	weight
unet.pth	down_blocks.0.resnets.0.time_emb_proj.bias	F32	320	2980963520	identity_bytes	down_blocks.0.resnets.0.time_emb_proj.bias	F32	320	conditional_unet_2d	weight
unet.pth	down_blocks.0.resnets.0.norm2.weight	F32	320	2992045888	identity_bytes	down_blocks.0.resnets.0.norm2.weight	F32	320	conditional_unet_2d	weight
unet.pth	down_blocks.0.resnets.0.norm2.bias	F32	320	3024842176	identity_bytes	down_blocks.0.resnets.0.norm2.bias	F32	320	conditional_unet_2d	weight
unet.pth	down_blocks.0.resnets.0.conv2.weight	F32	320,320,3,3	3114035264	identity_bytes	down_blocks.0.resnets.0.conv2.weight	F32	320,320,3,3	conditional_unet_2d	weight
unet.pth	down_blocks.0.resnets.0.conv2.bias	F32	320	3189848512	identity_bytes	down_blocks.0.resnets.0.conv2.bias	F32	320	conditional_unet_2d	weight
unet.pth	down_blocks.0.resnets.1.norm1.weight	F32	320	3314405440	identity_bytes	down_blocks.0.resnets.1.norm1.weight	F32	320	conditional_unet_2d	weight
unet.pth	down_blocks.0.resnets.1.norm1.bias	F32	320	3373443776	identity_bytes	down_blocks.0.resnets.1.norm1.bias	F32	320	conditional_unet_2d	weight
unet.pth	down_blocks.0.resnets.1.conv1.weight	F32	320,320,3,3	3373446592	identity_bytes	down_blocks.0.resnets.1.conv1.weight	F32	320,320,3,3	conditional_unet_2d	weight
unet.pth	down_blocks.0.resnets.1.conv1.bias	F32	320	3377133120	identity_bytes	down_blocks.0.resnets.1.conv1.bias	F32	320	conditional_unet_2d	weight
unet.pth	down_blocks.0.resnets.1.time_emb_proj.weight	F32	320,1280	3377134528	identity_bytes	down_blocks.0.resnets.1.time_emb_proj.weight	F32	320,1280	conditional_unet_2d	weight
unet.pth	down_blocks.0.resnets.1.time_emb_proj.bias	F32	320	3378773056	identity_bytes	down_blocks.0.resnets.1.time_emb_proj.bias	F32	320	conditional_unet_2d	weight
unet.pth	down_blocks.0.resnets.1.norm2.weight	F32	320	3378774464	identity_bytes	down_blocks.0.resnets.1.norm2.weight	F32	320	conditional_unet_2d	weight
unet.pth	down_blocks.0.resnets.1.norm2.bias	F32	320	3378775872	identity_bytes	down_blocks.0.resnets.1.norm2.bias	F32	320	conditional_unet_2d	weight
unet.pth	down_blocks.0.resnets.1.conv2.weight	F32	320,320,3,3	3378777280	identity_bytes	down_blocks.0.resnets.1.conv2.weight	F32	320,320,3,3	conditional_unet_2d	weight
unet.pth	down_blocks.0.resnets.1.conv2.bias	F32	320	3382463808	identity_bytes	down_blocks.0.resnets.1.conv2.bias	F32	320	conditional_unet_2d	weight
unet.pth	down_blocks.0.downsamplers.0.conv.weight	F32	320,320,3,3	3382465216	identity_bytes	down_blocks.0.downsamplers.0.conv.weight	F32	320,320,3,3	conditional_unet_2d	weight
unet.pth	down_blocks.0.downsamplers.0.conv.bias	F32	320	3386151744	identity_bytes	down_blocks.0.downsamplers.0.conv.bias	F32	320	conditional_unet_2d	weight
unet.pth	down_blocks.1.attentions.0.norm.weight	F32	640	3386562880	identity_bytes	down_blocks.1.attentions.0.norm.weight	F32	640	conditional_unet_2d	weight
unet.pth	down_blocks.1.attentions.0.norm.bias	F32	640	3386565568	identity_bytes	down_blocks.1.attentions.0.norm.bias	F32	640	conditional_unet_2d	weight
unet.pth	down_blocks.1.attentions.0.proj_in.weight	F32	640,640,1,1	3386568256	identity_bytes	down_blocks.1.attentions.0.proj_in.weight	F32	640,640,1,1	conditional_unet_2d	weight
unet.pth	down_blocks.1.attentions.0.proj_in.bias	F32	640	3388206784	identity_bytes	down_blocks.1.attentions.0.proj_in.bias	F32	640	conditional_unet_2d	weight
unet.pth	down_blocks.1.attentions.0.transformer_blocks.0.norm1.weight	F32	640	3388209472	identity_bytes	down_blocks.1.attentions.0.transformer_blocks.0.norm1.weight	F32	640	conditional_unet_2d	weight
unet.pth	down_blocks.1.attentions.0.transformer_blocks.0.norm1.bias	F32	640	3388212160	identity_bytes	down_blocks.1.attentions.0.transformer_blocks.0.norm1.bias	F32	640	conditional_unet_2d	weight
unet.pth	down_blocks.1.attentions.0.transformer_blocks.0.attn1.to_q.weight	F32	640,640	3388214848	identity_bytes	down_blocks.1.attentions.0.transformer_blocks.0.attn1.to_q.weight	F32	640,640	conditional_unet_2d	weight
unet.pth	down_blocks.1.attentions.0.transformer_blocks.0.attn1.to_k.weight	F32	640,640	3389853376	identity_bytes	down_blocks.1.attentions.0.transformer_blocks.0.attn1.to_k.weight	F32	640,640	conditional_unet_2d	weight
unet.pth	down_blocks.1.attentions.0.transformer_blocks.0.attn1.to_v.weight	F32	640,640	3391491904	identity_bytes	down_blocks.1.attentions.0.transformer_blocks.0.attn1.to_v.weight	F32	640,640	conditional_unet_2d	weight
unet.pth	down_blocks.1.attentions.0.transformer_blocks.0.attn1.to_out.0.weight	F32	640,640	3393130432	identity_bytes	down_blocks.1.attentions.0.transformer_blocks.0.attn1.to_out.0.weight	F32	640,640	conditional_unet_2d	weight
unet.pth	down_blocks.1.attentions.0.transformer_blocks.0.attn1.to_out.0.bias	F32	640	3394770368	identity_bytes	down_blocks.1.attentions.0.transformer_blocks.0.attn1.to_out.0.bias	F32	640	conditional_unet_2d	weight
unet.pth	down_blocks.1.attentions.0.transformer_blocks.0.norm2.weight	F32	640	3394773056	identity_bytes	down_blocks.1.attentions.0.transformer_blocks.0.norm2.weight	F32	640	conditional_unet_2d	weight
unet.pth	down_blocks.1.attentions.0.transformer_blocks.0.norm2.bias	F32	640	3394775744	identity_bytes	down_blocks.1.attentions.0.transformer_blocks.0.norm2.bias	F32	640	conditional_unet_2d	weight
unet.pth	down_blocks.1.attentions.0.transformer_blocks.0.attn2.to_q.weight	F32	640,640	3394778432	identity_bytes	down_blocks.1.attentions.0.transformer_blocks.0.attn2.to_q.weight	F32	640,640	conditional_unet_2d	weight
unet.pth	down_blocks.1.attentions.0.transformer_blocks.0.attn2.to_k.weight	F32	640,384	3396416960	identity_bytes	down_blocks.1.attentions.0.transformer_blocks.0.attn2.to_k.weight	F32	640,384	conditional_unet_2d	weight
unet.pth	down_blocks.1.attentions.0.transformer_blocks.0.attn2.to_v.weight	F32	640,384	3397400128	identity_bytes	down_blocks.1.attentions.0.transformer_blocks.0.attn2.to_v.weight	F32	640,384	conditional_unet_2d	weight
unet.pth	down_blocks.1.attentions.0.transformer_blocks.0.attn2.to_out.0.weight	F32	640,640	3398383296	identity_bytes	down_blocks.1.attentions.0.transformer_blocks.0.attn2.to_out.0.weight	F32	640,640	conditional_unet_2d	weight
unet.pth	down_blocks.1.attentions.0.transformer_blocks.0.attn2.to_out.0.bias	F32	640	3400021824	identity_bytes	down_blocks.1.attentions.0.transformer_blocks.0.attn2.to_out.0.bias	F32	640	conditional_unet_2d	weight
unet.pth	down_blocks.1.attentions.0.transformer_blocks.0.norm3.weight	F32	640	3400024512	identity_bytes	down_blocks.1.attentions.0.transformer_blocks.0.norm3.weight	F32	640	conditional_unet_2d	weight
unet.pth	down_blocks.1.attentions.0.transformer_blocks.0.norm3.bias	F32	640	3400027200	identity_bytes	down_blocks.1.attentions.0.transformer_blocks.0.norm3.bias	F32	640	conditional_unet_2d	weight
unet.pth	down_blocks.1.attentions.0.transformer_blocks.0.ff.net.0.proj.weight	F32	5120,640	245824	identity_bytes	down_blocks.1.attentions.0.transformer_blocks.0.ff.net.0.proj.weight	F32	5120,640	conditional_unet_2d	weight
unet.pth	down_blocks.1.attentions.0.transformer_blocks.0.ff.net.0.proj.bias	F32	5120	13353152	identity_bytes	down_blocks.1.attentions.0.transformer_blocks.0.ff.net.0.proj.bias	F32	5120	conditional_unet_2d	weight
unet.pth	down_blocks.1.attentions.0.transformer_blocks.0.ff.net.2.weight	F32	640,2560	13373760	identity_bytes	down_blocks.1.attentions.0.transformer_blocks.0.ff.net.2.weight	F32	640,2560	conditional_unet_2d	weight
unet.pth	down_blocks.1.attentions.0.transformer_blocks.0.ff.net.2.bias	F32	640	19927488	identity_bytes	down_blocks.1.attentions.0.transformer_blocks.0.ff.net.2.bias	F32	640	conditional_unet_2d	weight
unet.pth	down_blocks.1.attentions.0.proj_out.weight	F32	640,640,1,1	19930176	identity_bytes	down_blocks.1.attentions.0.proj_out.weight	F32	640,640,1,1	conditional_unet_2d	weight
unet.pth	down_blocks.1.attentions.0.proj_out.bias	F32	640	21568704	identity_bytes	down_blocks.1.attentions.0.proj_out.bias	F32	640	conditional_unet_2d	weight
unet.pth	down_blocks.1.attentions.1.norm.weight	F32	640	21571392	identity_bytes	down_blocks.1.attentions.1.norm.weight	F32	640	conditional_unet_2d	weight
unet.pth	down_blocks.1.attentions.1.norm.bias	F32	640	21574080	identity_bytes	down_blocks.1.attentions.1.norm.bias	F32	640	conditional_unet_2d	weight
unet.pth	down_blocks.1.attentions.1.proj_in.weight	F32	640,640,1,1	21576768	identity_bytes	down_blocks.1.attentions.1.proj_in.weight	F32	640,640,1,1	conditional_unet_2d	weight
unet.pth	down_blocks.1.attentions.1.proj_in.bias	F32	640	23215296	identity_bytes	down_blocks.1.attentions.1.proj_in.bias	F32	640	conditional_unet_2d	weight
unet.pth	down_blocks.1.attentions.1.transformer_blocks.0.norm1.weight	F32	640	23219392	identity_bytes	down_blocks.1.attentions.1.transformer_blocks.0.norm1.weight	F32	640	conditional_unet_2d	weight
unet.pth	down_blocks.1.attentions.1.transformer_blocks.0.norm1.bias	F32	640	23222080	identity_bytes	down_blocks.1.attentions.1.transformer_blocks.0.norm1.bias	F32	640	conditional_unet_2d	weight
unet.pth	down_blocks.1.attentions.1.transformer_blocks.0.attn1.to_q.weight	F32	640,640	23224768	identity_bytes	down_blocks.1.attentions.1.transformer_blocks.0.attn1.to_q.weight	F32	640,640	conditional_unet_2d	weight
unet.pth	down_blocks.1.attentions.1.transformer_blocks.0.attn1.to_k.weight	F32	640,640	24863296	identity_bytes	down_blocks.1.attentions.1.transformer_blocks.0.attn1.to_k.weight	F32	640,640	conditional_unet_2d	weight
unet.pth	down_blocks.1.attentions.1.transformer_blocks.0.attn1.to_v.weight	F32	640,640	26501824	identity_bytes	down_blocks.1.attentions.1.transformer_blocks.0.attn1.to_v.weight	F32	640,640	conditional_unet_2d	weight
unet.pth	down_blocks.1.attentions.1.transformer_blocks.0.attn1.to_out.0.weight	F32	640,640	28140352	identity_bytes	down_blocks.1.attentions.1.transformer_blocks.0.attn1.to_out.0.weight	F32	640,640	conditional_unet_2d	weight
unet.pth	down_blocks.1.attentions.1.transformer_blocks.0.attn1.to_out.0.bias	F32	640	29778880	identity_bytes	down_blocks.1.attentions.1.transformer_blocks.0.attn1.to_out.0.bias	F32	640	conditional_unet_2d	weight
unet.pth	down_blocks.1.attentions.1.transformer_blocks.0.norm2.weight	F32	640	29781568	identity_bytes	down_blocks.1.attentions.1.transformer_blocks.0.norm2.weight	F32	640	conditional_unet_2d	weight
unet.pth	down_blocks.1.attentions.1.transformer_blocks.0.norm2.bias	F32	640	29784256	identity_bytes	down_blocks.1.attentions.1.transformer_blocks.0.norm2.bias	F32	640	conditional_unet_2d	weight
unet.pth	down_blocks.1.attentions.1.transformer_blocks.0.attn2.to_q.weight	F32	640,640	29786944	identity_bytes	down_blocks.1.attentions.1.transformer_blocks.0.attn2.to_q.weight	F32	640,640	conditional_unet_2d	weight
unet.pth	down_blocks.1.attentions.1.transformer_blocks.0.attn2.to_k.weight	F32	640,384	31835200	identity_bytes	down_blocks.1.attentions.1.transformer_blocks.0.attn2.to_k.weight	F32	640,384	conditional_unet_2d	weight
unet.pth	down_blocks.1.attentions.1.transformer_blocks.0.attn2.to_v.weight	F32	640,384	32818368	identity_bytes	down_blocks.1.attentions.1.transformer_blocks.0.attn2.to_v.weight	F32	640,384	conditional_unet_2d	weight
unet.pth	down_blocks.1.attentions.1.transformer_blocks.0.attn2.to_out.0.weight	F32	640,640	33801536	identity_bytes	down_blocks.1.attentions.1.transformer_blocks.0.attn2.to_out.0.weight	F32	640,640	conditional_unet_2d	weight
unet.pth	down_blocks.1.attentions.1.transformer_blocks.0.attn2.to_out.0.bias	F32	640	35440064	identity_bytes	down_blocks.1.attentions.1.transformer_blocks.0.attn2.to_out.0.bias	F32	640	conditional_unet_2d	weight
unet.pth	down_blocks.1.attentions.1.transformer_blocks.0.norm3.weight	F32	640	35442752	identity_bytes	down_blocks.1.attentions.1.transformer_blocks.0.norm3.weight	F32	640	conditional_unet_2d	weight
unet.pth	down_blocks.1.attentions.1.transformer_blocks.0.norm3.bias	F32	640	35445440	identity_bytes	down_blocks.1.attentions.1.transformer_blocks.0.norm3.bias	F32	640	conditional_unet_2d	weight
unet.pth	down_blocks.1.attentions.1.transformer_blocks.0.ff.net.0.proj.weight	F32	5120,640	35448128	identity_bytes	down_blocks.1.attentions.1.transformer_blocks.0.ff.net.0.proj.weight	F32	5120,640	conditional_unet_2d	weight
unet.pth	down_blocks.1.attentions.1.transformer_blocks.0.ff.net.0.proj.bias	F32	5120	48555456	identity_bytes	down_blocks.1.attentions.1.transformer_blocks.0.ff.net.0.proj.bias	F32	5120	conditional_unet_2d	weight
unet.pth	down_blocks.1.attentions.1.transformer_blocks.0.ff.net.2.weight	F32	640,2560	48576064	identity_bytes	down_blocks.1.attentions.1.transformer_blocks.0.ff.net.2.weight	F32	640,2560	conditional_unet_2d	weight
unet.pth	down_blocks.1.attentions.1.transformer_blocks.0.ff.net.2.bias	F32	640	55129792	identity_bytes	down_blocks.1.attentions.1.transformer_blocks.0.ff.net.2.bias	F32	640	conditional_unet_2d	weight
unet.pth	down_blocks.1.attentions.1.proj_out.weight	F32	640,640,1,1	55542208	identity_bytes	down_blocks.1.attentions.1.proj_out.weight	F32	640,640,1,1	conditional_unet_2d	weight
unet.pth	down_blocks.1.attentions.1.proj_out.bias	F32	640	57180736	identity_bytes	down_blocks.1.attentions.1.proj_out.bias	F32	640	conditional_unet_2d	weight
unet.pth	down_blocks.1.resnets.0.norm1.weight	F32	320	57183424	identity_bytes	down_blocks.1.resnets.0.norm1.weight	F32	320	conditional_unet_2d	weight
unet.pth	down_blocks.1.resnets.0.norm1.bias	F32	320	57184832	identity_bytes	down_blocks.1.resnets.0.norm1.bias	F32	320	conditional_unet_2d	weight
unet.pth	down_blocks.1.resnets.0.conv1.weight	F32	640,320,3,3	57186240	identity_bytes	down_blocks.1.resnets.0.conv1.weight	F32	640,320,3,3	conditional_unet_2d	weight
unet.pth	down_blocks.1.resnets.0.conv1.bias	F32	640	64559168	identity_bytes	down_blocks.1.resnets.0.conv1.bias	F32	640	conditional_unet_2d	weight
unet.pth	down_blocks.1.resnets.0.time_emb_proj.weight	F32	640,1280	64561856	identity_bytes	down_blocks.1.resnets.0.time_emb_proj.weight	F32	640,1280	conditional_unet_2d	weight
unet.pth	down_blocks.1.resnets.0.time_emb_proj.bias	F32	640	67838784	identity_bytes	down_blocks.1.resnets.0.time_emb_proj.bias	F32	640	conditional_unet_2d	weight
unet.pth	down_blocks.1.resnets.0.norm2.weight	F32	640	67841472	identity_bytes	down_blocks.1.resnets.0.norm2.weight	F32	640	conditional_unet_2d	weight
unet.pth	down_blocks.1.resnets.0.norm2.bias	F32	640	67844160	identity_bytes	down_blocks.1.resnets.0.norm2.bias	F32	640	conditional_unet_2d	weight
unet.pth	down_blocks.1.resnets.0.conv2.weight	F32	640,640,3,3	68256576	identity_bytes	down_blocks.1.resnets.0.conv2.weight	F32	640,640,3,3	conditional_unet_2d	weight
unet.pth	down_blocks.1.resnets.0.conv2.bias	F32	640	83002304	identity_bytes	down_blocks.1.resnets.0.conv2.bias	F32	640	conditional_unet_2d	weight
unet.pth	down_blocks.1.resnets.0.conv_shortcut.weight	F32	640,320,1,1	83004992	identity_bytes	down_blocks.1.resnets.0.conv_shortcut.weight	F32	640,320,1,1	conditional_unet_2d	weight
unet.pth	down_blocks.1.resnets.0.conv_shortcut.bias	F32	640	83824320	identity_bytes	down_blocks.1.resnets.0.conv_shortcut.bias	F32	640	conditional_unet_2d	weight
unet.pth	down_blocks.1.resnets.1.norm1.weight	F32	640	83827008	identity_bytes	down_blocks.1.resnets.1.norm1.weight	F32	640	conditional_unet_2d	weight
unet.pth	down_blocks.1.resnets.1.norm1.bias	F32	640	83829696	identity_bytes	down_blocks.1.resnets.1.norm1.bias	F32	640	conditional_unet_2d	weight
unet.pth	down_blocks.1.resnets.1.conv1.weight	F32	640,640,3,3	83832384	identity_bytes	down_blocks.1.resnets.1.conv1.weight	F32	640,640,3,3	conditional_unet_2d	weight
unet.pth	down_blocks.1.resnets.1.conv1.bias	F32	640	98578112	identity_bytes	down_blocks.1.resnets.1.conv1.bias	F32	640	conditional_unet_2d	weight
unet.pth	down_blocks.1.resnets.1.time_emb_proj.weight	F32	640,1280	98580800	identity_bytes	down_blocks.1.resnets.1.time_emb_proj.weight	F32	640,1280	conditional_unet_2d	weight
unet.pth	down_blocks.1.resnets.1.time_emb_proj.bias	F32	640	101857728	identity_bytes	down_blocks.1.resnets.1.time_emb_proj.bias	F32	640	conditional_unet_2d	weight
unet.pth	down_blocks.1.resnets.1.norm2.weight	F32	640	102270144	identity_bytes	down_blocks.1.resnets.1.norm2.weight	F32	640	conditional_unet_2d	weight
unet.pth	down_blocks.1.resnets.1.norm2.bias	F32	640	102272832	identity_bytes	down_blocks.1.resnets.1.norm2.bias	F32	640	conditional_unet_2d	weight
unet.pth	down_blocks.1.resnets.1.conv2.weight	F32	640,640,3,3	102275520	identity_bytes	down_blocks.1.resnets.1.conv2.weight	F32	640,640,3,3	conditional_unet_2d	weight
unet.pth	down_blocks.1.resnets.1.conv2.bias	F32	640	117021248	identity_bytes	down_blocks.1.resnets.1.conv2.bias	F32	640	conditional_unet_2d	weight
unet.pth	down_blocks.1.downsamplers.0.conv.weight	F32	640,640,3,3	117023936	identity_bytes	down_blocks.1.downsamplers.0.conv.weight	F32	640,640,3,3	conditional_unet_2d	weight
unet.pth	down_blocks.1.downsamplers.0.conv.bias	F32	640	131769664	identity_bytes	down_blocks.1.downsamplers.0.conv.bias	F32	640	conditional_unet_2d	weight
unet.pth	down_blocks.2.attentions.0.norm.weight	F32	1280	131772352	identity_bytes	down_blocks.2.attentions.0.norm.weight	F32	1280	conditional_unet_2d	weight
unet.pth	down_blocks.2.attentions.0.norm.bias	F32	1280	131777600	identity_bytes	down_blocks.2.attentions.0.norm.bias	F32	1280	conditional_unet_2d	weight
unet.pth	down_blocks.2.attentions.0.proj_in.weight	F32	1280,1280,1,1	131782848	identity_bytes	down_blocks.2.attentions.0.proj_in.weight	F32	1280,1280,1,1	conditional_unet_2d	weight
unet.pth	down_blocks.2.attentions.0.proj_in.bias	F32	1280	138336576	identity_bytes	down_blocks.2.attentions.0.proj_in.bias	F32	1280	conditional_unet_2d	weight
unet.pth	down_blocks.2.attentions.0.transformer_blocks.0.norm1.weight	F32	1280	138343232	identity_bytes	down_blocks.2.attentions.0.transformer_blocks.0.norm1.weight	F32	1280	conditional_unet_2d	weight
unet.pth	down_blocks.2.attentions.0.transformer_blocks.0.norm1.bias	F32	1280	138348480	identity_bytes	down_blocks.2.attentions.0.transformer_blocks.0.norm1.bias	F32	1280	conditional_unet_2d	weight
unet.pth	down_blocks.2.attentions.0.transformer_blocks.0.attn1.to_q.weight	F32	1280,1280	138353728	identity_bytes	down_blocks.2.attentions.0.transformer_blocks.0.attn1.to_q.weight	F32	1280,1280	conditional_unet_2d	weight
unet.pth	down_blocks.2.attentions.0.transformer_blocks.0.attn1.to_k.weight	F32	1280,1280	144907456	identity_bytes	down_blocks.2.attentions.0.transformer_blocks.0.attn1.to_k.weight	F32	1280,1280	conditional_unet_2d	weight
unet.pth	down_blocks.2.attentions.0.transformer_blocks.0.attn1.to_v.weight	F32	1280,1280	151461184	identity_bytes	down_blocks.2.attentions.0.transformer_blocks.0.attn1.to_v.weight	F32	1280,1280	conditional_unet_2d	weight
unet.pth	down_blocks.2.attentions.0.transformer_blocks.0.attn1.to_out.0.weight	F32	1280,1280	158014912	identity_bytes	down_blocks.2.attentions.0.transformer_blocks.0.attn1.to_out.0.weight	F32	1280,1280	conditional_unet_2d	weight
unet.pth	down_blocks.2.attentions.0.transformer_blocks.0.attn1.to_out.0.bias	F32	1280	164568640	identity_bytes	down_blocks.2.attentions.0.transformer_blocks.0.attn1.to_out.0.bias	F32	1280	conditional_unet_2d	weight
unet.pth	down_blocks.2.attentions.0.transformer_blocks.0.norm2.weight	F32	1280	164573888	identity_bytes	down_blocks.2.attentions.0.transformer_blocks.0.norm2.weight	F32	1280	conditional_unet_2d	weight
unet.pth	down_blocks.2.attentions.0.transformer_blocks.0.norm2.bias	F32	1280	164579136	identity_bytes	down_blocks.2.attentions.0.transformer_blocks.0.norm2.bias	F32	1280	conditional_unet_2d	weight
unet.pth	down_blocks.2.attentions.0.transformer_blocks.0.attn2.to_q.weight	F32	1280,1280	164584384	identity_bytes	down_blocks.2.attentions.0.transformer_blocks.0.attn2.to_q.weight	F32	1280,1280	conditional_unet_2d	weight
unet.pth	down_blocks.2.attentions.0.transformer_blocks.0.attn2.to_k.weight	F32	1280,384	171139520	identity_bytes	down_blocks.2.attentions.0.transformer_blocks.0.attn2.to_k.weight	F32	1280,384	conditional_unet_2d	weight
unet.pth	down_blocks.2.attentions.0.transformer_blocks.0.attn2.to_v.weight	F32	1280,384	173105728	identity_bytes	down_blocks.2.attentions.0.transformer_blocks.0.attn2.to_v.weight	F32	1280,384	conditional_unet_2d	weight
unet.pth	down_blocks.2.attentions.0.transformer_blocks.0.attn2.to_out.0.weight	F32	1280,1280	175071936	identity_bytes	down_blocks.2.attentions.0.transformer_blocks.0.attn2.to_out.0.weight	F32	1280,1280	conditional_unet_2d	weight
unet.pth	down_blocks.2.attentions.0.transformer_blocks.0.attn2.to_out.0.bias	F32	1280	181625664	identity_bytes	down_blocks.2.attentions.0.transformer_blocks.0.attn2.to_out.0.bias	F32	1280	conditional_unet_2d	weight
unet.pth	down_blocks.2.attentions.0.transformer_blocks.0.norm3.weight	F32	1280	181630912	identity_bytes	down_blocks.2.attentions.0.transformer_blocks.0.norm3.weight	F32	1280	conditional_unet_2d	weight
unet.pth	down_blocks.2.attentions.0.transformer_blocks.0.norm3.bias	F32	1280	181636160	identity_bytes	down_blocks.2.attentions.0.transformer_blocks.0.norm3.bias	F32	1280	conditional_unet_2d	weight
unet.pth	down_blocks.2.attentions.0.transformer_blocks.0.ff.net.0.proj.weight	F32	10240,1280	181641408	identity_bytes	down_blocks.2.attentions.0.transformer_blocks.0.ff.net.0.proj.weight	F32	10240,1280	conditional_unet_2d	weight
unet.pth	down_blocks.2.attentions.0.transformer_blocks.0.ff.net.0.proj.bias	F32	10240	234070336	identity_bytes	down_blocks.2.attentions.0.transformer_blocks.0.ff.net.0.proj.bias	F32	10240	conditional_unet_2d	weight
unet.pth	down_blocks.2.attentions.0.transformer_blocks.0.ff.net.2.weight	F32	1280,5120	234111424	identity_bytes	down_blocks.2.attentions.0.transformer_blocks.0.ff.net.2.weight	F32	1280,5120	conditional_unet_2d	weight
unet.pth	down_blocks.2.attentions.0.transformer_blocks.0.ff.net.2.bias	F32	1280	260325952	identity_bytes	down_blocks.2.attentions.0.transformer_blocks.0.ff.net.2.bias	F32	1280	conditional_unet_2d	weight
unet.pth	down_blocks.2.attentions.0.proj_out.weight	F32	1280,1280,1,1	260332608	identity_bytes	down_blocks.2.attentions.0.proj_out.weight	F32	1280,1280,1,1	conditional_unet_2d	weight
unet.pth	down_blocks.2.attentions.0.proj_out.bias	F32	1280	266886336	identity_bytes	down_blocks.2.attentions.0.proj_out.bias	F32	1280	conditional_unet_2d	weight
unet.pth	down_blocks.2.attentions.1.norm.weight	F32	1280	266891584	identity_bytes	down_blocks.2.attentions.1.norm.weight	F32	1280	conditional_unet_2d	weight
unet.pth	down_blocks.2.attentions.1.norm.bias	F32	1280	266896832	identity_bytes	down_blocks.2.attentions.1.norm.bias	F32	1280	conditional_unet_2d	weight
unet.pth	down_blocks.2.attentions.1.proj_in.weight	F32	1280,1280,1,1	266902080	identity_bytes	down_blocks.2.attentions.1.proj_in.weight	F32	1280,1280,1,1	conditional_unet_2d	weight
unet.pth	down_blocks.2.attentions.1.proj_in.bias	F32	1280	273455808	identity_bytes	down_blocks.2.attentions.1.proj_in.bias	F32	1280	conditional_unet_2d	weight
unet.pth	down_blocks.2.attentions.1.transformer_blocks.0.norm1.weight	F32	1280	273461056	identity_bytes	down_blocks.2.attentions.1.transformer_blocks.0.norm1.weight	F32	1280	conditional_unet_2d	weight
unet.pth	down_blocks.2.attentions.1.transformer_blocks.0.norm1.bias	F32	1280	273466304	identity_bytes	down_blocks.2.attentions.1.transformer_blocks.0.norm1.bias	F32	1280	conditional_unet_2d	weight
unet.pth	down_blocks.2.attentions.1.transformer_blocks.0.attn1.to_q.weight	F32	1280,1280	273471552	identity_bytes	down_blocks.2.attentions.1.transformer_blocks.0.attn1.to_q.weight	F32	1280,1280	conditional_unet_2d	weight
unet.pth	down_blocks.2.attentions.1.transformer_blocks.0.attn1.to_k.weight	F32	1280,1280	280025280	identity_bytes	down_blocks.2.attentions.1.transformer_blocks.0.attn1.to_k.weight	F32	1280,1280	conditional_unet_2d	weight
unet.pth	down_blocks.2.attentions.1.transformer_blocks.0.attn1.to_v.weight	F32	1280,1280	286988736	identity_bytes	down_blocks.2.attentions.1.transformer_blocks.0.attn1.to_v.weight	F32	1280,1280	conditional_unet_2d	weight
unet.pth	down_blocks.2.attentions.1.transformer_blocks.0.attn1.to_out.0.weight	F32	1280,1280	293542464	identity_bytes	down_blocks.2.attentions.1.transformer_blocks.0.attn1.to_out.0.weight	F32	1280,1280	conditional_unet_2d	weight
unet.pth	down_blocks.2.attentions.1.transformer_blocks.0.attn1.to_out.0.bias	F32	1280	300096192	identity_bytes	down_blocks.2.attentions.1.transformer_blocks.0.attn1.to_out.0.bias	F32	1280	conditional_unet_2d	weight
unet.pth	down_blocks.2.attentions.1.transformer_blocks.0.norm2.weight	F32	1280	300101440	identity_bytes	down_blocks.2.attentions.1.transformer_blocks.0.norm2.weight	F32	1280	conditional_unet_2d	weight
unet.pth	down_blocks.2.attentions.1.transformer_blocks.0.norm2.bias	F32	1280	300106688	identity_bytes	down_blocks.2.attentions.1.transformer_blocks.0.norm2.bias	F32	1280	conditional_unet_2d	weight
unet.pth	down_blocks.2.attentions.1.transformer_blocks.0.attn2.to_q.weight	F32	1280,1280	300111936	identity_bytes	down_blocks.2.attentions.1.transformer_blocks.0.attn2.to_q.weight	F32	1280,1280	conditional_unet_2d	weight
unet.pth	down_blocks.2.attentions.1.transformer_blocks.0.attn2.to_k.weight	F32	1280,384	306665664	identity_bytes	down_blocks.2.attentions.1.transformer_blocks.0.attn2.to_k.weight	F32	1280,384	conditional_unet_2d	weight
unet.pth	down_blocks.2.attentions.1.transformer_blocks.0.attn2.to_v.weight	F32	1280,384	308631872	identity_bytes	down_blocks.2.attentions.1.transformer_blocks.0.attn2.to_v.weight	F32	1280,384	conditional_unet_2d	weight
unet.pth	down_blocks.2.attentions.1.transformer_blocks.0.attn2.to_out.0.weight	F32	1280,1280	310598080	identity_bytes	down_blocks.2.attentions.1.transformer_blocks.0.attn2.to_out.0.weight	F32	1280,1280	conditional_unet_2d	weight
unet.pth	down_blocks.2.attentions.1.transformer_blocks.0.attn2.to_out.0.bias	F32	1280	317151808	identity_bytes	down_blocks.2.attentions.1.transformer_blocks.0.attn2.to_out.0.bias	F32	1280	conditional_unet_2d	weight
unet.pth	down_blocks.2.attentions.1.transformer_blocks.0.norm3.weight	F32	1280	319287232	identity_bytes	down_blocks.2.attentions.1.transformer_blocks.0.norm3.weight	F32	1280	conditional_unet_2d	weight
unet.pth	down_blocks.2.attentions.1.transformer_blocks.0.norm3.bias	F32	1280	319292480	identity_bytes	down_blocks.2.attentions.1.transformer_blocks.0.norm3.bias	F32	1280	conditional_unet_2d	weight
unet.pth	down_blocks.2.attentions.1.transformer_blocks.0.ff.net.0.proj.weight	F32	10240,1280	319297728	identity_bytes	down_blocks.2.attentions.1.transformer_blocks.0.ff.net.0.proj.weight	F32	10240,1280	conditional_unet_2d	weight
unet.pth	down_blocks.2.attentions.1.transformer_blocks.0.ff.net.0.proj.bias	F32	10240	371726656	identity_bytes	down_blocks.2.attentions.1.transformer_blocks.0.ff.net.0.proj.bias	F32	10240	conditional_unet_2d	weight
unet.pth	down_blocks.2.attentions.1.transformer_blocks.0.ff.net.2.weight	F32	1280,5120	371767744	identity_bytes	down_blocks.2.attentions.1.transformer_blocks.0.ff.net.2.weight	F32	1280,5120	conditional_unet_2d	weight
unet.pth	down_blocks.2.attentions.1.transformer_blocks.0.ff.net.2.bias	F32	1280	397982272	identity_bytes	down_blocks.2.attentions.1.transformer_blocks.0.ff.net.2.bias	F32	1280	conditional_unet_2d	weight
unet.pth	down_blocks.2.attentions.1.proj_out.weight	F32	1280,1280,1,1	397987520	identity_bytes	down_blocks.2.attentions.1.proj_out.weight	F32	1280,1280,1,1	conditional_unet_2d	weight
unet.pth	down_blocks.2.attentions.1.proj_out.bias	F32	1280	404541248	identity_bytes	down_blocks.2.attentions.1.proj_out.bias	F32	1280	conditional_unet_2d	weight
unet.pth	down_blocks.2.resnets.0.norm1.weight	F32	640	404546496	identity_bytes	down_blocks.2.resnets.0.norm1.weight	F32	640	conditional_unet_2d	weight
unet.pth	down_blocks.2.resnets.0.norm1.bias	F32	640	404549184	identity_bytes	down_blocks.2.resnets.0.norm1.bias	F32	640	conditional_unet_2d	weight
unet.pth	down_blocks.2.resnets.0.conv1.weight	F32	1280,640,3,3	405043520	identity_bytes	down_blocks.2.resnets.0.conv1.weight	F32	1280,640,3,3	conditional_unet_2d	weight
unet.pth	down_blocks.2.resnets.0.conv1.bias	F32	1280	434534848	identity_bytes	down_blocks.2.resnets.0.conv1.bias	F32	1280	conditional_unet_2d	weight
unet.pth	down_blocks.2.resnets.0.time_emb_proj.weight	F32	1280,1280	434540096	identity_bytes	down_blocks.2.resnets.0.time_emb_proj.weight	F32	1280,1280	conditional_unet_2d	weight
unet.pth	down_blocks.2.resnets.0.time_emb_proj.bias	F32	1280	441093824	identity_bytes	down_blocks.2.resnets.0.time_emb_proj.bias	F32	1280	conditional_unet_2d	weight
unet.pth	down_blocks.2.resnets.0.norm2.weight	F32	1280	441099072	identity_bytes	down_blocks.2.resnets.0.norm2.weight	F32	1280	conditional_unet_2d	weight
unet.pth	down_blocks.2.resnets.0.norm2.bias	F32	1280	441104320	identity_bytes	down_blocks.2.resnets.0.norm2.bias	F32	1280	conditional_unet_2d	weight
unet.pth	down_blocks.2.resnets.0.conv2.weight	F32	1280,1280,3,3	441109568	identity_bytes	down_blocks.2.resnets.0.conv2.weight	F32	1280,1280,3,3	conditional_unet_2d	weight
unet.pth	down_blocks.2.resnets.0.conv2.bias	F32	1280	500092096	identity_bytes	down_blocks.2.resnets.0.conv2.bias	F32	1280	conditional_unet_2d	weight
unet.pth	down_blocks.2.resnets.0.conv_shortcut.weight	F32	1280,640,1,1	500097344	identity_bytes	down_blocks.2.resnets.0.conv_shortcut.weight	F32	1280,640,1,1	conditional_unet_2d	weight
unet.pth	down_blocks.2.resnets.0.conv_shortcut.bias	F32	1280	503374272	identity_bytes	down_blocks.2.resnets.0.conv_shortcut.bias	F32	1280	conditional_unet_2d	weight
unet.pth	down_blocks.2.resnets.1.norm1.weight	F32	1280	503789248	identity_bytes	down_blocks.2.resnets.1.norm1.weight	F32	1280	conditional_unet_2d	weight
unet.pth	down_blocks.2.resnets.1.norm1.bias	F32	1280	503794496	identity_bytes	down_blocks.2.resnets.1.norm1.bias	F32	1280	conditional_unet_2d	weight
unet.pth	down_blocks.2.resnets.1.conv1.weight	F32	1280,1280,3,3	503799744	identity_bytes	down_blocks.2.resnets.1.conv1.weight	F32	1280,1280,3,3	conditional_unet_2d	weight
unet.pth	down_blocks.2.resnets.1.conv1.bias	F32	1280	562782272	identity_bytes	down_blocks.2.resnets.1.conv1.bias	F32	1280	conditional_unet_2d	weight
unet.pth	down_blocks.2.resnets.1.time_emb_proj.weight	F32	1280,1280	562787520	identity_bytes	down_blocks.2.resnets.1.time_emb_proj.weight	F32	1280,1280	conditional_unet_2d	weight
unet.pth	down_blocks.2.resnets.1.time_emb_proj.bias	F32	1280	569341248	identity_bytes	down_blocks.2.resnets.1.time_emb_proj.bias	F32	1280	conditional_unet_2d	weight
unet.pth	down_blocks.2.resnets.1.norm2.weight	F32	1280	569346496	identity_bytes	down_blocks.2.resnets.1.norm2.weight	F32	1280	conditional_unet_2d	weight
unet.pth	down_blocks.2.resnets.1.norm2.bias	F32	1280	569351744	identity_bytes	down_blocks.2.resnets.1.norm2.bias	F32	1280	conditional_unet_2d	weight
unet.pth	down_blocks.2.resnets.1.conv2.weight	F32	1280,1280,3,3	569356992	identity_bytes	down_blocks.2.resnets.1.conv2.weight	F32	1280,1280,3,3	conditional_unet_2d	weight
unet.pth	down_blocks.2.resnets.1.conv2.bias	F32	1280	628339520	identity_bytes	down_blocks.2.resnets.1.conv2.bias	F32	1280	conditional_unet_2d	weight
unet.pth	down_blocks.2.downsamplers.0.conv.weight	F32	1280,1280,3,3	628346176	identity_bytes	down_blocks.2.downsamplers.0.conv.weight	F32	1280,1280,3,3	conditional_unet_2d	weight
unet.pth	down_blocks.2.downsamplers.0.conv.bias	F32	1280	687328704	identity_bytes	down_blocks.2.downsamplers.0.conv.bias	F32	1280	conditional_unet_2d	weight
unet.pth	down_blocks.3.resnets.0.norm1.weight	F32	1280	687333952	identity_bytes	down_blocks.3.resnets.0.norm1.weight	F32	1280	conditional_unet_2d	weight
unet.pth	down_blocks.3.resnets.0.norm1.bias	F32	1280	687339200	identity_bytes	down_blocks.3.resnets.0.norm1.bias	F32	1280	conditional_unet_2d	weight
unet.pth	down_blocks.3.resnets.0.conv1.weight	F32	1280,1280,3,3	687344448	identity_bytes	down_blocks.3.resnets.0.conv1.weight	F32	1280,1280,3,3	conditional_unet_2d	weight
unet.pth	down_blocks.3.resnets.0.conv1.bias	F32	1280	746326976	identity_bytes	down_blocks.3.resnets.0.conv1.bias	F32	1280	conditional_unet_2d	weight
unet.pth	down_blocks.3.resnets.0.time_emb_proj.weight	F32	1280,1280	746332224	identity_bytes	down_blocks.3.resnets.0.time_emb_proj.weight	F32	1280,1280	conditional_unet_2d	weight
unet.pth	down_blocks.3.resnets.0.time_emb_proj.bias	F32	1280	752885952	identity_bytes	down_blocks.3.resnets.0.time_emb_proj.bias	F32	1280	conditional_unet_2d	weight
unet.pth	down_blocks.3.resnets.0.norm2.weight	F32	1280	752891200	identity_bytes	down_blocks.3.resnets.0.norm2.weight	F32	1280	conditional_unet_2d	weight
unet.pth	down_blocks.3.resnets.0.norm2.bias	F32	1280	752896448	identity_bytes	down_blocks.3.resnets.0.norm2.bias	F32	1280	conditional_unet_2d	weight
unet.pth	down_blocks.3.resnets.0.conv2.weight	F32	1280,1280,3,3	752903104	identity_bytes	down_blocks.3.resnets.0.conv2.weight	F32	1280,1280,3,3	conditional_unet_2d	weight
unet.pth	down_blocks.3.resnets.0.conv2.bias	F32	1280	811885632	identity_bytes	down_blocks.3.resnets.0.conv2.bias	F32	1280	conditional_unet_2d	weight
unet.pth	down_blocks.3.resnets.1.norm1.weight	F32	1280	811890880	identity_bytes	down_blocks.3.resnets.1.norm1.weight	F32	1280	conditional_unet_2d	weight
unet.pth	down_blocks.3.resnets.1.norm1.bias	F32	1280	811896128	identity_bytes	down_blocks.3.resnets.1.norm1.bias	F32	1280	conditional_unet_2d	weight
unet.pth	down_blocks.3.resnets.1.conv1.weight	F32	1280,1280,3,3	811901376	identity_bytes	down_blocks.3.resnets.1.conv1.weight	F32	1280,1280,3,3	conditional_unet_2d	weight
unet.pth	down_blocks.3.resnets.1.conv1.bias	F32	1280	870883904	identity_bytes	down_blocks.3.resnets.1.conv1.bias	F32	1280	conditional_unet_2d	weight
unet.pth	down_blocks.3.resnets.1.time_emb_proj.weight	F32	1280,1280	870889152	identity_bytes	down_blocks.3.resnets.1.time_emb_proj.weight	F32	1280,1280	conditional_unet_2d	weight
unet.pth	down_blocks.3.resnets.1.time_emb_proj.bias	F32	1280	877442880	identity_bytes	down_blocks.3.resnets.1.time_emb_proj.bias	F32	1280	conditional_unet_2d	weight
unet.pth	down_blocks.3.resnets.1.norm2.weight	F32	1280	877448128	identity_bytes	down_blocks.3.resnets.1.norm2.weight	F32	1280	conditional_unet_2d	weight
unet.pth	down_blocks.3.resnets.1.norm2.bias	F32	1280	877453376	identity_bytes	down_blocks.3.resnets.1.norm2.bias	F32	1280	conditional_unet_2d	weight
unet.pth	down_blocks.3.resnets.1.conv2.weight	F32	1280,1280,3,3	877460032	identity_bytes	down_blocks.3.resnets.1.conv2.weight	F32	1280,1280,3,3	conditional_unet_2d	weight
unet.pth	down_blocks.3.resnets.1.conv2.bias	F32	1280	936442560	identity_bytes	down_blocks.3.resnets.1.conv2.bias	F32	1280	conditional_unet_2d	weight
unet.pth	up_blocks.0.resnets.0.norm1.weight	F32	2560	936447808	identity_bytes	up_blocks.0.resnets.0.norm1.weight	F32	2560	conditional_unet_2d	weight
unet.pth	up_blocks.0.resnets.0.norm1.bias	F32	2560	936458176	identity_bytes	up_blocks.0.resnets.0.norm1.bias	F32	2560	conditional_unet_2d	weight
unet.pth	up_blocks.0.resnets.0.conv1.weight	F32	1280,2560,3,3	936468544	identity_bytes	up_blocks.0.resnets.0.conv1.weight	F32	1280,2560,3,3	conditional_unet_2d	weight
unet.pth	up_blocks.0.resnets.0.conv1.bias	F32	1280	1054433472	identity_bytes	up_blocks.0.resnets.0.conv1.bias	F32	1280	conditional_unet_2d	weight
unet.pth	up_blocks.0.resnets.0.time_emb_proj.weight	F32	1280,1280	1054438720	identity_bytes	up_blocks.0.resnets.0.time_emb_proj.weight	F32	1280,1280	conditional_unet_2d	weight
unet.pth	up_blocks.0.resnets.0.time_emb_proj.bias	F32	1280	1060992448	identity_bytes	up_blocks.0.resnets.0.time_emb_proj.bias	F32	1280	conditional_unet_2d	weight
unet.pth	up_blocks.0.resnets.0.norm2.weight	F32	1280	1060997696	identity_bytes	up_blocks.0.resnets.0.norm2.weight	F32	1280	conditional_unet_2d	weight
unet.pth	up_blocks.0.resnets.0.norm2.bias	F32	1280	1061002944	identity_bytes	up_blocks.0.resnets.0.norm2.bias	F32	1280	conditional_unet_2d	weight
unet.pth	up_blocks.0.resnets.0.conv2.weight	F32	1280,1280,3,3	1064285120	identity_bytes	up_blocks.0.resnets.0.conv2.weight	F32	1280,1280,3,3	conditional_unet_2d	weight
unet.pth	up_blocks.0.resnets.0.conv2.bias	F32	1280	1123267648	identity_bytes	up_blocks.0.resnets.0.conv2.bias	F32	1280	conditional_unet_2d	weight
unet.pth	up_blocks.0.resnets.0.conv_shortcut.weight	F32	1280,2560,1,1	1123272896	identity_bytes	up_blocks.0.resnets.0.conv_shortcut.weight	F32	1280,2560,1,1	conditional_unet_2d	weight
unet.pth	up_blocks.0.resnets.0.conv_shortcut.bias	F32	1280	1136380224	identity_bytes	up_blocks.0.resnets.0.conv_shortcut.bias	F32	1280	conditional_unet_2d	weight
unet.pth	up_blocks.0.resnets.1.norm1.weight	F32	2560	1136385472	identity_bytes	up_blocks.0.resnets.1.norm1.weight	F32	2560	conditional_unet_2d	weight
unet.pth	up_blocks.0.resnets.1.norm1.bias	F32	2560	1136395840	identity_bytes	up_blocks.0.resnets.1.norm1.bias	F32	2560	conditional_unet_2d	weight
unet.pth	up_blocks.0.resnets.1.conv1.weight	F32	1280,2560,3,3	1136406208	identity_bytes	up_blocks.0.resnets.1.conv1.weight	F32	1280,2560,3,3	conditional_unet_2d	weight
unet.pth	up_blocks.0.resnets.1.conv1.bias	F32	1280	1254371136	identity_bytes	up_blocks.0.resnets.1.conv1.bias	F32	1280	conditional_unet_2d	weight
unet.pth	up_blocks.0.resnets.1.time_emb_proj.weight	F32	1280,1280	1254376384	identity_bytes	up_blocks.0.resnets.1.time_emb_proj.weight	F32	1280,1280	conditional_unet_2d	weight
unet.pth	up_blocks.0.resnets.1.time_emb_proj.bias	F32	1280	1260930112	identity_bytes	up_blocks.0.resnets.1.time_emb_proj.bias	F32	1280	conditional_unet_2d	weight
unet.pth	up_blocks.0.resnets.1.norm2.weight	F32	1280	1260945728	identity_bytes	up_blocks.0.resnets.1.norm2.weight	F32	1280	conditional_unet_2d	weight
unet.pth	up_blocks.0.resnets.1.norm2.bias	F32	1280	1260950976	identity_bytes	up_blocks.0.resnets.1.norm2.bias	F32	1280	conditional_unet_2d	weight
unet.pth	up_blocks.0.resnets.1.conv2.weight	F32	1280,1280,3,3	1260956224	identity_bytes	up_blocks.0.resnets.1.conv2.weight	F32	1280,1280,3,3	conditional_unet_2d	weight
unet.pth	up_blocks.0.resnets.1.conv2.bias	F32	1280	1319938752	identity_bytes	up_blocks.0.resnets.1.conv2.bias	F32	1280	conditional_unet_2d	weight
unet.pth	up_blocks.0.resnets.1.conv_shortcut.weight	F32	1280,2560,1,1	1319944000	identity_bytes	up_blocks.0.resnets.1.conv_shortcut.weight	F32	1280,2560,1,1	conditional_unet_2d	weight
unet.pth	up_blocks.0.resnets.1.conv_shortcut.bias	F32	1280	1333051328	identity_bytes	up_blocks.0.resnets.1.conv_shortcut.bias	F32	1280	conditional_unet_2d	weight
unet.pth	up_blocks.0.resnets.2.norm1.weight	F32	2560	1333056576	identity_bytes	up_blocks.0.resnets.2.norm1.weight	F32	2560	conditional_unet_2d	weight
unet.pth	up_blocks.0.resnets.2.norm1.bias	F32	2560	1333066944	identity_bytes	up_blocks.0.resnets.2.norm1.bias	F32	2560	conditional_unet_2d	weight
unet.pth	up_blocks.0.resnets.2.conv1.weight	F32	1280,2560,3,3	1333077312	identity_bytes	up_blocks.0.resnets.2.conv1.weight	F32	1280,2560,3,3	conditional_unet_2d	weight
unet.pth	up_blocks.0.resnets.2.conv1.bias	F32	1280	1451042240	identity_bytes	up_blocks.0.resnets.2.conv1.bias	F32	1280	conditional_unet_2d	weight
unet.pth	up_blocks.0.resnets.2.time_emb_proj.weight	F32	1280,1280	1452686016	identity_bytes	up_blocks.0.resnets.2.time_emb_proj.weight	F32	1280,1280	conditional_unet_2d	weight
unet.pth	up_blocks.0.resnets.2.time_emb_proj.bias	F32	1280	1459239744	identity_bytes	up_blocks.0.resnets.2.time_emb_proj.bias	F32	1280	conditional_unet_2d	weight
unet.pth	up_blocks.0.resnets.2.norm2.weight	F32	1280	1459244992	identity_bytes	up_blocks.0.resnets.2.norm2.weight	F32	1280	conditional_unet_2d	weight
unet.pth	up_blocks.0.resnets.2.norm2.bias	F32	1280	1459250240	identity_bytes	up_blocks.0.resnets.2.norm2.bias	F32	1280	conditional_unet_2d	weight
unet.pth	up_blocks.0.resnets.2.conv2.weight	F32	1280,1280,3,3	1459255488	identity_bytes	up_blocks.0.resnets.2.conv2.weight	F32	1280,1280,3,3	conditional_unet_2d	weight
unet.pth	up_blocks.0.resnets.2.conv2.bias	F32	1280	1518238016	identity_bytes	up_blocks.0.resnets.2.conv2.bias	F32	1280	conditional_unet_2d	weight
unet.pth	up_blocks.0.resnets.2.conv_shortcut.weight	F32	1280,2560,1,1	1518243264	identity_bytes	up_blocks.0.resnets.2.conv_shortcut.weight	F32	1280,2560,1,1	conditional_unet_2d	weight
unet.pth	up_blocks.0.resnets.2.conv_shortcut.bias	F32	1280	1531350592	identity_bytes	up_blocks.0.resnets.2.conv_shortcut.bias	F32	1280	conditional_unet_2d	weight
unet.pth	up_blocks.0.upsamplers.0.conv.weight	F32	1280,1280,3,3	1531355840	identity_bytes	up_blocks.0.upsamplers.0.conv.weight	F32	1280,1280,3,3	conditional_unet_2d	weight
unet.pth	up_blocks.0.upsamplers.0.conv.bias	F32	1280	1590338368	identity_bytes	up_blocks.0.upsamplers.0.conv.bias	F32	1280	conditional_unet_2d	weight
unet.pth	up_blocks.1.attentions.0.norm.weight	F32	1280	1590345024	identity_bytes	up_blocks.1.attentions.0.norm.weight	F32	1280	conditional_unet_2d	weight
unet.pth	up_blocks.1.attentions.0.norm.bias	F32	1280	1590350272	identity_bytes	up_blocks.1.attentions.0.norm.bias	F32	1280	conditional_unet_2d	weight
unet.pth	up_blocks.1.attentions.0.proj_in.weight	F32	1280,1280,1,1	1590355520	identity_bytes	up_blocks.1.attentions.0.proj_in.weight	F32	1280,1280,1,1	conditional_unet_2d	weight
unet.pth	up_blocks.1.attentions.0.proj_in.bias	F32	1280	1596909248	identity_bytes	up_blocks.1.attentions.0.proj_in.bias	F32	1280	conditional_unet_2d	weight
unet.pth	up_blocks.1.attentions.0.transformer_blocks.0.norm1.weight	F32	1280	1596914496	identity_bytes	up_blocks.1.attentions.0.transformer_blocks.0.norm1.weight	F32	1280	conditional_unet_2d	weight
unet.pth	up_blocks.1.attentions.0.transformer_blocks.0.norm1.bias	F32	1280	1596919744	identity_bytes	up_blocks.1.attentions.0.transformer_blocks.0.norm1.bias	F32	1280	conditional_unet_2d	weight
unet.pth	up_blocks.1.attentions.0.transformer_blocks.0.attn1.to_q.weight	F32	1280,1280	1596924992	identity_bytes	up_blocks.1.attentions.0.transformer_blocks.0.attn1.to_q.weight	F32	1280,1280	conditional_unet_2d	weight
unet.pth	up_blocks.1.attentions.0.transformer_blocks.0.attn1.to_k.weight	F32	1280,1280	1603478720	identity_bytes	up_blocks.1.attentions.0.transformer_blocks.0.attn1.to_k.weight	F32	1280,1280	conditional_unet_2d	weight
unet.pth	up_blocks.1.attentions.0.transformer_blocks.0.attn1.to_v.weight	F32	1280,1280	1610032448	identity_bytes	up_blocks.1.attentions.0.transformer_blocks.0.attn1.to_v.weight	F32	1280,1280	conditional_unet_2d	weight
unet.pth	up_blocks.1.attentions.0.transformer_blocks.0.attn1.to_out.0.weight	F32	1280,1280	1616586176	identity_bytes	up_blocks.1.attentions.0.transformer_blocks.0.attn1.to_out.0.weight	F32	1280,1280	conditional_unet_2d	weight
unet.pth	up_blocks.1.attentions.0.transformer_blocks.0.attn1.to_out.0.bias	F32	1280	1623554880	identity_bytes	up_blocks.1.attentions.0.transformer_blocks.0.attn1.to_out.0.bias	F32	1280	conditional_unet_2d	weight
unet.pth	up_blocks.1.attentions.0.transformer_blocks.0.norm2.weight	F32	1280	1623560128	identity_bytes	up_blocks.1.attentions.0.transformer_blocks.0.norm2.weight	F32	1280	conditional_unet_2d	weight
unet.pth	up_blocks.1.attentions.0.transformer_blocks.0.norm2.bias	F32	1280	1623565376	identity_bytes	up_blocks.1.attentions.0.transformer_blocks.0.norm2.bias	F32	1280	conditional_unet_2d	weight
unet.pth	up_blocks.1.attentions.0.transformer_blocks.0.attn2.to_q.weight	F32	1280,1280	1623570624	identity_bytes	up_blocks.1.attentions.0.transformer_blocks.0.attn2.to_q.weight	F32	1280,1280	conditional_unet_2d	weight
unet.pth	up_blocks.1.attentions.0.transformer_blocks.0.attn2.to_k.weight	F32	1280,384	1630124352	identity_bytes	up_blocks.1.attentions.0.transformer_blocks.0.attn2.to_k.weight	F32	1280,384	conditional_unet_2d	weight
unet.pth	up_blocks.1.attentions.0.transformer_blocks.0.attn2.to_v.weight	F32	1280,384	1632090560	identity_bytes	up_blocks.1.attentions.0.transformer_blocks.0.attn2.to_v.weight	F32	1280,384	conditional_unet_2d	weight
unet.pth	up_blocks.1.attentions.0.transformer_blocks.0.attn2.to_out.0.weight	F32	1280,1280	1634056768	identity_bytes	up_blocks.1.attentions.0.transformer_blocks.0.attn2.to_out.0.weight	F32	1280,1280	conditional_unet_2d	weight
unet.pth	up_blocks.1.attentions.0.transformer_blocks.0.attn2.to_out.0.bias	F32	1280	1640610496	identity_bytes	up_blocks.1.attentions.0.transformer_blocks.0.attn2.to_out.0.bias	F32	1280	conditional_unet_2d	weight
unet.pth	up_blocks.1.attentions.0.transformer_blocks.0.norm3.weight	F32	1280	1640615744	identity_bytes	up_blocks.1.attentions.0.transformer_blocks.0.norm3.weight	F32	1280	conditional_unet_2d	weight
unet.pth	up_blocks.1.attentions.0.transformer_blocks.0.norm3.bias	F32	1280	1640620992	identity_bytes	up_blocks.1.attentions.0.transformer_blocks.0.norm3.bias	F32	1280	conditional_unet_2d	weight
unet.pth	up_blocks.1.attentions.0.transformer_blocks.0.ff.net.0.proj.weight	F32	10240,1280	1640627648	identity_bytes	up_blocks.1.attentions.0.transformer_blocks.0.ff.net.0.proj.weight	F32	10240,1280	conditional_unet_2d	weight
unet.pth	up_blocks.1.attentions.0.transformer_blocks.0.ff.net.0.proj.bias	F32	10240	1693056576	identity_bytes	up_blocks.1.attentions.0.transformer_blocks.0.ff.net.0.proj.bias	F32	10240	conditional_unet_2d	weight
unet.pth	up_blocks.1.attentions.0.transformer_blocks.0.ff.net.2.weight	F32	1280,5120	1693097664	identity_bytes	up_blocks.1.attentions.0.transformer_blocks.0.ff.net.2.weight	F32	1280,5120	conditional_unet_2d	weight
unet.pth	up_blocks.1.attentions.0.transformer_blocks.0.ff.net.2.bias	F32	1280	1719312192	identity_bytes	up_blocks.1.attentions.0.transformer_blocks.0.ff.net.2.bias	F32	1280	conditional_unet_2d	weight
unet.pth	up_blocks.1.attentions.0.proj_out.weight	F32	1280,1280,1,1	1719317440	identity_bytes	up_blocks.1.attentions.0.proj_out.weight	F32	1280,1280,1,1	conditional_unet_2d	weight
unet.pth	up_blocks.1.attentions.0.proj_out.bias	F32	1280	1725871168	identity_bytes	up_blocks.1.attentions.0.proj_out.bias	F32	1280	conditional_unet_2d	weight
unet.pth	up_blocks.1.attentions.1.norm.weight	F32	1280	1725876416	identity_bytes	up_blocks.1.attentions.1.norm.weight	F32	1280	conditional_unet_2d	weight
unet.pth	up_blocks.1.attentions.1.norm.bias	F32	1280	1725881664	identity_bytes	up_blocks.1.attentions.1.norm.bias	F32	1280	conditional_unet_2d	weight
unet.pth	up_blocks.1.attentions.1.proj_in.weight	F32	1280,1280,1,1	1725886912	identity_bytes	up_blocks.1.attentions.1.proj_in.weight	F32	1280,1280,1,1	conditional_unet_2d	weight
unet.pth	up_blocks.1.attentions.1.proj_in.bias	F32	1280	1732440640	identity_bytes	up_blocks.1.attentions.1.proj_in.bias	F32	1280	conditional_unet_2d	weight
unet.pth	up_blocks.1.attentions.1.transformer_blocks.0.norm1.weight	F32	1280	1732447296	identity_bytes	up_blocks.1.attentions.1.transformer_blocks.0.norm1.weight	F32	1280	conditional_unet_2d	weight
unet.pth	up_blocks.1.attentions.1.transformer_blocks.0.norm1.bias	F32	1280	1732452544	identity_bytes	up_blocks.1.attentions.1.transformer_blocks.0.norm1.bias	F32	1280	conditional_unet_2d	weight
unet.pth	up_blocks.1.attentions.1.transformer_blocks.0.attn1.to_q.weight	F32	1280,1280	1732457792	identity_bytes	up_blocks.1.attentions.1.transformer_blocks.0.attn1.to_q.weight	F32	1280,1280	conditional_unet_2d	weight
unet.pth	up_blocks.1.attentions.1.transformer_blocks.0.attn1.to_k.weight	F32	1280,1280	1739011520	identity_bytes	up_blocks.1.attentions.1.transformer_blocks.0.attn1.to_k.weight	F32	1280,1280	conditional_unet_2d	weight
unet.pth	up_blocks.1.attentions.1.transformer_blocks.0.attn1.to_v.weight	F32	1280,1280	1745565248	identity_bytes	up_blocks.1.attentions.1.transformer_blocks.0.attn1.to_v.weight	F32	1280,1280	conditional_unet_2d	weight
unet.pth	up_blocks.1.attentions.1.transformer_blocks.0.attn1.to_out.0.weight	F32	1280,1280	1752118976	identity_bytes	up_blocks.1.attentions.1.transformer_blocks.0.attn1.to_out.0.weight	F32	1280,1280	conditional_unet_2d	weight
unet.pth	up_blocks.1.attentions.1.transformer_blocks.0.attn1.to_out.0.bias	F32	1280	1758672704	identity_bytes	up_blocks.1.attentions.1.transformer_blocks.0.attn1.to_out.0.bias	F32	1280	conditional_unet_2d	weight
unet.pth	up_blocks.1.attentions.1.transformer_blocks.0.norm2.weight	F32	1280	1758677952	identity_bytes	up_blocks.1.attentions.1.transformer_blocks.0.norm2.weight	F32	1280	conditional_unet_2d	weight
unet.pth	up_blocks.1.attentions.1.transformer_blocks.0.norm2.bias	F32	1280	1758683200	identity_bytes	up_blocks.1.attentions.1.transformer_blocks.0.norm2.bias	F32	1280	conditional_unet_2d	weight
unet.pth	up_blocks.1.attentions.1.transformer_blocks.0.attn2.to_q.weight	F32	1280,1280	1758688448	identity_bytes	up_blocks.1.attentions.1.transformer_blocks.0.attn2.to_q.weight	F32	1280,1280	conditional_unet_2d	weight
unet.pth	up_blocks.1.attentions.1.transformer_blocks.0.attn2.to_k.weight	F32	1280,384	1765243584	identity_bytes	up_blocks.1.attentions.1.transformer_blocks.0.attn2.to_k.weight	F32	1280,384	conditional_unet_2d	weight
unet.pth	up_blocks.1.attentions.1.transformer_blocks.0.attn2.to_v.weight	F32	1280,384	1767209792	identity_bytes	up_blocks.1.attentions.1.transformer_blocks.0.attn2.to_v.weight	F32	1280,384	conditional_unet_2d	weight
unet.pth	up_blocks.1.attentions.1.transformer_blocks.0.attn2.to_out.0.weight	F32	1280,1280	1769176000	identity_bytes	up_blocks.1.attentions.1.transformer_blocks.0.attn2.to_out.0.weight	F32	1280,1280	conditional_unet_2d	weight
unet.pth	up_blocks.1.attentions.1.transformer_blocks.0.attn2.to_out.0.bias	F32	1280	1775729728	identity_bytes	up_blocks.1.attentions.1.transformer_blocks.0.attn2.to_out.0.bias	F32	1280	conditional_unet_2d	weight
unet.pth	up_blocks.1.attentions.1.transformer_blocks.0.norm3.weight	F32	1280	1775734976	identity_bytes	up_blocks.1.attentions.1.transformer_blocks.0.norm3.weight	F32	1280	conditional_unet_2d	weight
unet.pth	up_blocks.1.attentions.1.transformer_blocks.0.norm3.bias	F32	1280	1775740224	identity_bytes	up_blocks.1.attentions.1.transformer_blocks.0.norm3.bias	F32	1280	conditional_unet_2d	weight
unet.pth	up_blocks.1.attentions.1.transformer_blocks.0.ff.net.0.proj.weight	F32	10240,1280	1775745472	identity_bytes	up_blocks.1.attentions.1.transformer_blocks.0.ff.net.0.proj.weight	F32	10240,1280	conditional_unet_2d	weight
unet.pth	up_blocks.1.attentions.1.transformer_blocks.0.ff.net.0.proj.bias	F32	10240	1828174400	identity_bytes	up_blocks.1.attentions.1.transformer_blocks.0.ff.net.0.proj.bias	F32	10240	conditional_unet_2d	weight
unet.pth	up_blocks.1.attentions.1.transformer_blocks.0.ff.net.2.weight	F32	1280,5120	1828215488	identity_bytes	up_blocks.1.attentions.1.transformer_blocks.0.ff.net.2.weight	F32	1280,5120	conditional_unet_2d	weight
unet.pth	up_blocks.1.attentions.1.transformer_blocks.0.ff.net.2.bias	F32	1280	1854430016	identity_bytes	up_blocks.1.attentions.1.transformer_blocks.0.ff.net.2.bias	F32	1280	conditional_unet_2d	weight
unet.pth	up_blocks.1.attentions.1.proj_out.weight	F32	1280,1280,1,1	1854844992	identity_bytes	up_blocks.1.attentions.1.proj_out.weight	F32	1280,1280,1,1	conditional_unet_2d	weight
unet.pth	up_blocks.1.attentions.1.proj_out.bias	F32	1280	1861398720	identity_bytes	up_blocks.1.attentions.1.proj_out.bias	F32	1280	conditional_unet_2d	weight
unet.pth	up_blocks.1.attentions.2.norm.weight	F32	1280	1861403968	identity_bytes	up_blocks.1.attentions.2.norm.weight	F32	1280	conditional_unet_2d	weight
unet.pth	up_blocks.1.attentions.2.norm.bias	F32	1280	1861409216	identity_bytes	up_blocks.1.attentions.2.norm.bias	F32	1280	conditional_unet_2d	weight
unet.pth	up_blocks.1.attentions.2.proj_in.weight	F32	1280,1280,1,1	1861414464	identity_bytes	up_blocks.1.attentions.2.proj_in.weight	F32	1280,1280,1,1	conditional_unet_2d	weight
unet.pth	up_blocks.1.attentions.2.proj_in.bias	F32	1280	1867968192	identity_bytes	up_blocks.1.attentions.2.proj_in.bias	F32	1280	conditional_unet_2d	weight
unet.pth	up_blocks.1.attentions.2.transformer_blocks.0.norm1.weight	F32	1280	1867973440	identity_bytes	up_blocks.1.attentions.2.transformer_blocks.0.norm1.weight	F32	1280	conditional_unet_2d	weight
unet.pth	up_blocks.1.attentions.2.transformer_blocks.0.norm1.bias	F32	1280	1867978688	identity_bytes	up_blocks.1.attentions.2.transformer_blocks.0.norm1.bias	F32	1280	conditional_unet_2d	weight
unet.pth	up_blocks.1.attentions.2.transformer_blocks.0.attn1.to_q.weight	F32	1280,1280	1867983936	identity_bytes	up_blocks.1.attentions.2.transformer_blocks.0.attn1.to_q.weight	F32	1280,1280	conditional_unet_2d	weight
unet.pth	up_blocks.1.attentions.2.transformer_blocks.0.attn1.to_k.weight	F32	1280,1280	1874537664	identity_bytes	up_blocks.1.attentions.2.transformer_blocks.0.attn1.to_k.weight	F32	1280,1280	conditional_unet_2d	weight
unet.pth	up_blocks.1.attentions.2.transformer_blocks.0.attn1.to_v.weight	F32	1280,1280	1881092800	identity_bytes	up_blocks.1.attentions.2.transformer_blocks.0.attn1.to_v.weight	F32	1280,1280	conditional_unet_2d	weight
unet.pth	up_blocks.1.attentions.2.transformer_blocks.0.attn1.to_out.0.weight	F32	1280,1280	1887646528	identity_bytes	up_blocks.1.attentions.2.transformer_blocks.0.attn1.to_out.0.weight	F32	1280,1280	conditional_unet_2d	weight
unet.pth	up_blocks.1.attentions.2.transformer_blocks.0.attn1.to_out.0.bias	F32	1280	1894200256	identity_bytes	up_blocks.1.attentions.2.transformer_blocks.0.attn1.to_out.0.bias	F32	1280	conditional_unet_2d	weight
unet.pth	up_blocks.1.attentions.2.transformer_blocks.0.norm2.weight	F32	1280	1894205504	identity_bytes	up_blocks.1.attentions.2.transformer_blocks.0.norm2.weight	F32	1280	conditional_unet_2d	weight
unet.pth	up_blocks.1.attentions.2.transformer_blocks.0.norm2.bias	F32	1280	1894210752	identity_bytes	up_blocks.1.attentions.2.transformer_blocks.0.norm2.bias	F32	1280	conditional_unet_2d	weight
unet.pth	up_blocks.1.attentions.2.transformer_blocks.0.attn2.to_q.weight	F32	1280,1280	1894216000	identity_bytes	up_blocks.1.attentions.2.transformer_blocks.0.attn2.to_q.weight	F32	1280,1280	conditional_unet_2d	weight
unet.pth	up_blocks.1.attentions.2.transformer_blocks.0.attn2.to_k.weight	F32	1280,384	1900769728	identity_bytes	up_blocks.1.attentions.2.transformer_blocks.0.attn2.to_k.weight	F32	1280,384	conditional_unet_2d	weight
unet.pth	up_blocks.1.attentions.2.transformer_blocks.0.attn2.to_v.weight	F32	1280,384	1902735936	identity_bytes	up_blocks.1.attentions.2.transformer_blocks.0.attn2.to_v.weight	F32	1280,384	conditional_unet_2d	weight
unet.pth	up_blocks.1.attentions.2.transformer_blocks.0.attn2.to_out.0.weight	F32	1280,1280	1904702144	identity_bytes	up_blocks.1.attentions.2.transformer_blocks.0.attn2.to_out.0.weight	F32	1280,1280	conditional_unet_2d	weight
unet.pth	up_blocks.1.attentions.2.transformer_blocks.0.attn2.to_out.0.bias	F32	1280	1911255872	identity_bytes	up_blocks.1.attentions.2.transformer_blocks.0.attn2.to_out.0.bias	F32	1280	conditional_unet_2d	weight
unet.pth	up_blocks.1.attentions.2.transformer_blocks.0.norm3.weight	F32	1280	1911262528	identity_bytes	up_blocks.1.attentions.2.transformer_blocks.0.norm3.weight	F32	1280	conditional_unet_2d	weight
unet.pth	up_blocks.1.attentions.2.transformer_blocks.0.norm3.bias	F32	1280	1911267776	identity_bytes	up_blocks.1.attentions.2.transformer_blocks.0.norm3.bias	F32	1280	conditional_unet_2d	weight
unet.pth	up_blocks.1.attentions.2.transformer_blocks.0.ff.net.0.proj.weight	F32	10240,1280	1911273024	identity_bytes	up_blocks.1.attentions.2.transformer_blocks.0.ff.net.0.proj.weight	F32	10240,1280	conditional_unet_2d	weight
unet.pth	up_blocks.1.attentions.2.transformer_blocks.0.ff.net.0.proj.bias	F32	10240	1963701952	identity_bytes	up_blocks.1.attentions.2.transformer_blocks.0.ff.net.0.proj.bias	F32	10240	conditional_unet_2d	weight
unet.pth	up_blocks.1.attentions.2.transformer_blocks.0.ff.net.2.weight	F32	1280,5120	1963743040	identity_bytes	up_blocks.1.attentions.2.transformer_blocks.0.ff.net.2.weight	F32	1280,5120	conditional_unet_2d	weight
unet.pth	up_blocks.1.attentions.2.transformer_blocks.0.ff.net.2.bias	F32	1280	1989957568	identity_bytes	up_blocks.1.attentions.2.transformer_blocks.0.ff.net.2.bias	F32	1280	conditional_unet_2d	weight
unet.pth	up_blocks.1.attentions.2.proj_out.weight	F32	1280,1280,1,1	1989962816	identity_bytes	up_blocks.1.attentions.2.proj_out.weight	F32	1280,1280,1,1	conditional_unet_2d	weight
unet.pth	up_blocks.1.attentions.2.proj_out.bias	F32	1280	1996516544	identity_bytes	up_blocks.1.attentions.2.proj_out.bias	F32	1280	conditional_unet_2d	weight
unet.pth	up_blocks.1.resnets.0.norm1.weight	F32	2560	1996521792	identity_bytes	up_blocks.1.resnets.0.norm1.weight	F32	2560	conditional_unet_2d	weight
unet.pth	up_blocks.1.resnets.0.norm1.bias	F32	2560	1996532160	identity_bytes	up_blocks.1.resnets.0.norm1.bias	F32	2560	conditional_unet_2d	weight
unet.pth	up_blocks.1.resnets.0.conv1.weight	F32	1280,2560,3,3	1996543936	identity_bytes	up_blocks.1.resnets.0.conv1.weight	F32	1280,2560,3,3	conditional_unet_2d	weight
unet.pth	up_blocks.1.resnets.0.conv1.bias	F32	1280	2114508864	identity_bytes	up_blocks.1.resnets.0.conv1.bias	F32	1280	conditional_unet_2d	weight
unet.pth	up_blocks.1.resnets.0.time_emb_proj.weight	F32	1280,1280	2114514112	identity_bytes	up_blocks.1.resnets.0.time_emb_proj.weight	F32	1280,1280	conditional_unet_2d	weight
unet.pth	up_blocks.1.resnets.0.time_emb_proj.bias	F32	1280	2121067840	identity_bytes	up_blocks.1.resnets.0.time_emb_proj.bias	F32	1280	conditional_unet_2d	weight
unet.pth	up_blocks.1.resnets.0.norm2.weight	F32	1280	2121073088	identity_bytes	up_blocks.1.resnets.0.norm2.weight	F32	1280	conditional_unet_2d	weight
unet.pth	up_blocks.1.resnets.0.norm2.bias	F32	1280	2121078336	identity_bytes	up_blocks.1.resnets.0.norm2.bias	F32	1280	conditional_unet_2d	weight
unet.pth	up_blocks.1.resnets.0.conv2.weight	F32	1280,1280,3,3	2121083584	identity_bytes	up_blocks.1.resnets.0.conv2.weight	F32	1280,1280,3,3	conditional_unet_2d	weight
unet.pth	up_blocks.1.resnets.0.conv2.bias	F32	1280	2180066112	identity_bytes	up_blocks.1.resnets.0.conv2.bias	F32	1280	conditional_unet_2d	weight
unet.pth	up_blocks.1.resnets.0.conv_shortcut.weight	F32	1280,2560,1,1	2180071360	identity_bytes	up_blocks.1.resnets.0.conv_shortcut.weight	F32	1280,2560,1,1	conditional_unet_2d	weight
unet.pth	up_blocks.1.resnets.0.conv_shortcut.bias	F32	1280	2193178688	identity_bytes	up_blocks.1.resnets.0.conv_shortcut.bias	F32	1280	conditional_unet_2d	weight
unet.pth	up_blocks.1.resnets.1.norm1.weight	F32	2560	2193593664	identity_bytes	up_blocks.1.resnets.1.norm1.weight	F32	2560	conditional_unet_2d	weight
unet.pth	up_blocks.1.resnets.1.norm1.bias	F32	2560	2193604032	identity_bytes	up_blocks.1.resnets.1.norm1.bias	F32	2560	conditional_unet_2d	weight
unet.pth	up_blocks.1.resnets.1.conv1.weight	F32	1280,2560,3,3	2193614400	identity_bytes	up_blocks.1.resnets.1.conv1.weight	F32	1280,2560,3,3	conditional_unet_2d	weight
unet.pth	up_blocks.1.resnets.1.conv1.bias	F32	1280	2311579328	identity_bytes	up_blocks.1.resnets.1.conv1.bias	F32	1280	conditional_unet_2d	weight
unet.pth	up_blocks.1.resnets.1.time_emb_proj.weight	F32	1280,1280	2311584576	identity_bytes	up_blocks.1.resnets.1.time_emb_proj.weight	F32	1280,1280	conditional_unet_2d	weight
unet.pth	up_blocks.1.resnets.1.time_emb_proj.bias	F32	1280	2318138304	identity_bytes	up_blocks.1.resnets.1.time_emb_proj.bias	F32	1280	conditional_unet_2d	weight
unet.pth	up_blocks.1.resnets.1.norm2.weight	F32	1280	2318143552	identity_bytes	up_blocks.1.resnets.1.norm2.weight	F32	1280	conditional_unet_2d	weight
unet.pth	up_blocks.1.resnets.1.norm2.bias	F32	1280	2318148800	identity_bytes	up_blocks.1.resnets.1.norm2.bias	F32	1280	conditional_unet_2d	weight
unet.pth	up_blocks.1.resnets.1.conv2.weight	F32	1280,1280,3,3	2318154048	identity_bytes	up_blocks.1.resnets.1.conv2.weight	F32	1280,1280,3,3	conditional_unet_2d	weight
unet.pth	up_blocks.1.resnets.1.conv2.bias	F32	1280	2377136576	identity_bytes	up_blocks.1.resnets.1.conv2.bias	F32	1280	conditional_unet_2d	weight
unet.pth	up_blocks.1.resnets.1.conv_shortcut.weight	F32	1280,2560,1,1	2377551552	identity_bytes	up_blocks.1.resnets.1.conv_shortcut.weight	F32	1280,2560,1,1	conditional_unet_2d	weight
unet.pth	up_blocks.1.resnets.1.conv_shortcut.bias	F32	1280	2390658880	identity_bytes	up_blocks.1.resnets.1.conv_shortcut.bias	F32	1280	conditional_unet_2d	weight
unet.pth	up_blocks.1.resnets.2.norm1.weight	F32	1920	2390664128	identity_bytes	up_blocks.1.resnets.2.norm1.weight	F32	1920	conditional_unet_2d	weight
unet.pth	up_blocks.1.resnets.2.norm1.bias	F32	1920	2390671936	identity_bytes	up_blocks.1.resnets.2.norm1.bias	F32	1920	conditional_unet_2d	weight
unet.pth	up_blocks.1.resnets.2.conv1.weight	F32	1280,1920,3,3	2390679744	identity_bytes	up_blocks.1.resnets.2.conv1.weight	F32	1280,1920,3,3	conditional_unet_2d	weight
unet.pth	up_blocks.1.resnets.2.conv1.bias	F32	1280	2479153472	identity_bytes	up_blocks.1.resnets.2.conv1.bias	F32	1280	conditional_unet_2d	weight
unet.pth	up_blocks.1.resnets.2.time_emb_proj.weight	F32	1280,1280	2479158720	identity_bytes	up_blocks.1.resnets.2.time_emb_proj.weight	F32	1280,1280	conditional_unet_2d	weight
unet.pth	up_blocks.1.resnets.2.time_emb_proj.bias	F32	1280	2485712448	identity_bytes	up_blocks.1.resnets.2.time_emb_proj.bias	F32	1280	conditional_unet_2d	weight
unet.pth	up_blocks.1.resnets.2.norm2.weight	F32	1280	2485717696	identity_bytes	up_blocks.1.resnets.2.norm2.weight	F32	1280	conditional_unet_2d	weight
unet.pth	up_blocks.1.resnets.2.norm2.bias	F32	1280	2485722944	identity_bytes	up_blocks.1.resnets.2.norm2.bias	F32	1280	conditional_unet_2d	weight
unet.pth	up_blocks.1.resnets.2.conv2.weight	F32	1280,1280,3,3	2492691648	identity_bytes	up_blocks.1.resnets.2.conv2.weight	F32	1280,1280,3,3	conditional_unet_2d	weight
unet.pth	up_blocks.1.resnets.2.conv2.bias	F32	1280	2551674176	identity_bytes	up_blocks.1.resnets.2.conv2.bias	F32	1280	conditional_unet_2d	weight
unet.pth	up_blocks.1.resnets.2.conv_shortcut.weight	F32	1280,1920,1,1	2551679424	identity_bytes	up_blocks.1.resnets.2.conv_shortcut.weight	F32	1280,1920,1,1	conditional_unet_2d	weight
unet.pth	up_blocks.1.resnets.2.conv_shortcut.bias	F32	1280	2561509952	identity_bytes	up_blocks.1.resnets.2.conv_shortcut.bias	F32	1280	conditional_unet_2d	weight
unet.pth	up_blocks.1.upsamplers.0.conv.weight	F32	1280,1280,3,3	2561515200	identity_bytes	up_blocks.1.upsamplers.0.conv.weight	F32	1280,1280,3,3	conditional_unet_2d	weight
unet.pth	up_blocks.1.upsamplers.0.conv.bias	F32	1280	2620497728	identity_bytes	up_blocks.1.upsamplers.0.conv.bias	F32	1280	conditional_unet_2d	weight
unet.pth	up_blocks.2.attentions.0.norm.weight	F32	640	2620502976	identity_bytes	up_blocks.2.attentions.0.norm.weight	F32	640	conditional_unet_2d	weight
unet.pth	up_blocks.2.attentions.0.norm.bias	F32	640	2620505664	identity_bytes	up_blocks.2.attentions.0.norm.bias	F32	640	conditional_unet_2d	weight
unet.pth	up_blocks.2.attentions.0.proj_in.weight	F32	640,640,1,1	2620508352	identity_bytes	up_blocks.2.attentions.0.proj_in.weight	F32	640,640,1,1	conditional_unet_2d	weight
unet.pth	up_blocks.2.attentions.0.proj_in.bias	F32	640	2622146880	identity_bytes	up_blocks.2.attentions.0.proj_in.bias	F32	640	conditional_unet_2d	weight
unet.pth	up_blocks.2.attentions.0.transformer_blocks.0.norm1.weight	F32	640	2622559296	identity_bytes	up_blocks.2.attentions.0.transformer_blocks.0.norm1.weight	F32	640	conditional_unet_2d	weight
unet.pth	up_blocks.2.attentions.0.transformer_blocks.0.norm1.bias	F32	640	2622561984	identity_bytes	up_blocks.2.attentions.0.transformer_blocks.0.norm1.bias	F32	640	conditional_unet_2d	weight
unet.pth	up_blocks.2.attentions.0.transformer_blocks.0.attn1.to_q.weight	F32	640,640	2622564672	identity_bytes	up_blocks.2.attentions.0.transformer_blocks.0.attn1.to_q.weight	F32	640,640	conditional_unet_2d	weight
unet.pth	up_blocks.2.attentions.0.transformer_blocks.0.attn1.to_k.weight	F32	640,640	2624203200	identity_bytes	up_blocks.2.attentions.0.transformer_blocks.0.attn1.to_k.weight	F32	640,640	conditional_unet_2d	weight
unet.pth	up_blocks.2.attentions.0.transformer_blocks.0.attn1.to_v.weight	F32	640,640	2625841728	identity_bytes	up_blocks.2.attentions.0.transformer_blocks.0.attn1.to_v.weight	F32	640,640	conditional_unet_2d	weight
unet.pth	up_blocks.2.attentions.0.transformer_blocks.0.attn1.to_out.0.weight	F32	640,640	2627480256	identity_bytes	up_blocks.2.attentions.0.transformer_blocks.0.attn1.to_out.0.weight	F32	640,640	conditional_unet_2d	weight
unet.pth	up_blocks.2.attentions.0.transformer_blocks.0.attn1.to_out.0.bias	F32	640	2629118784	identity_bytes	up_blocks.2.attentions.0.transformer_blocks.0.attn1.to_out.0.bias	F32	640	conditional_unet_2d	weight
unet.pth	up_blocks.2.attentions.0.transformer_blocks.0.norm2.weight	F32	640	2629121472	identity_bytes	up_blocks.2.attentions.0.transformer_blocks.0.norm2.weight	F32	640	conditional_unet_2d	weight
unet.pth	up_blocks.2.attentions.0.transformer_blocks.0.norm2.bias	F32	640	2629124160	identity_bytes	up_blocks.2.attentions.0.transformer_blocks.0.norm2.bias	F32	640	conditional_unet_2d	weight
unet.pth	up_blocks.2.attentions.0.transformer_blocks.0.attn2.to_q.weight	F32	640,640	2629126848	identity_bytes	up_blocks.2.attentions.0.transformer_blocks.0.attn2.to_q.weight	F32	640,640	conditional_unet_2d	weight
unet.pth	up_blocks.2.attentions.0.transformer_blocks.0.attn2.to_k.weight	F32	640,384	2630766784	identity_bytes	up_blocks.2.attentions.0.transformer_blocks.0.attn2.to_k.weight	F32	640,384	conditional_unet_2d	weight
unet.pth	up_blocks.2.attentions.0.transformer_blocks.0.attn2.to_v.weight	F32	640,384	2631749952	identity_bytes	up_blocks.2.attentions.0.transformer_blocks.0.attn2.to_v.weight	F32	640,384	conditional_unet_2d	weight
unet.pth	up_blocks.2.attentions.0.transformer_blocks.0.attn2.to_out.0.weight	F32	640,640	2632733120	identity_bytes	up_blocks.2.attentions.0.transformer_blocks.0.attn2.to_out.0.weight	F32	640,640	conditional_unet_2d	weight
unet.pth	up_blocks.2.attentions.0.transformer_blocks.0.attn2.to_out.0.bias	F32	640	2634371648	identity_bytes	up_blocks.2.attentions.0.transformer_blocks.0.attn2.to_out.0.bias	F32	640	conditional_unet_2d	weight
unet.pth	up_blocks.2.attentions.0.transformer_blocks.0.norm3.weight	F32	640	2634374336	identity_bytes	up_blocks.2.attentions.0.transformer_blocks.0.norm3.weight	F32	640	conditional_unet_2d	weight
unet.pth	up_blocks.2.attentions.0.transformer_blocks.0.norm3.bias	F32	640	2634377024	identity_bytes	up_blocks.2.attentions.0.transformer_blocks.0.norm3.bias	F32	640	conditional_unet_2d	weight
unet.pth	up_blocks.2.attentions.0.transformer_blocks.0.ff.net.0.proj.weight	F32	5120,640	2634379712	identity_bytes	up_blocks.2.attentions.0.transformer_blocks.0.ff.net.0.proj.weight	F32	5120,640	conditional_unet_2d	weight
unet.pth	up_blocks.2.attentions.0.transformer_blocks.0.ff.net.0.proj.bias	F32	5120	2647487040	identity_bytes	up_blocks.2.attentions.0.transformer_blocks.0.ff.net.0.proj.bias	F32	5120	conditional_unet_2d	weight
unet.pth	up_blocks.2.attentions.0.transformer_blocks.0.ff.net.2.weight	F32	640,2560	2647507648	identity_bytes	up_blocks.2.attentions.0.transformer_blocks.0.ff.net.2.weight	F32	640,2560	conditional_unet_2d	weight
unet.pth	up_blocks.2.attentions.0.transformer_blocks.0.ff.net.2.bias	F32	640	2654061376	identity_bytes	up_blocks.2.attentions.0.transformer_blocks.0.ff.net.2.bias	F32	640	conditional_unet_2d	weight
unet.pth	up_blocks.2.attentions.0.proj_out.weight	F32	640,640,1,1	2654065472	identity_bytes	up_blocks.2.attentions.0.proj_out.weight	F32	640,640,1,1	conditional_unet_2d	weight
unet.pth	up_blocks.2.attentions.0.proj_out.bias	F32	640	2655704000	identity_bytes	up_blocks.2.attentions.0.proj_out.bias	F32	640	conditional_unet_2d	weight
unet.pth	up_blocks.2.attentions.1.norm.weight	F32	640	2655706688	identity_bytes	up_blocks.2.attentions.1.norm.weight	F32	640	conditional_unet_2d	weight
unet.pth	up_blocks.2.attentions.1.norm.bias	F32	640	2655709376	identity_bytes	up_blocks.2.attentions.1.norm.bias	F32	640	conditional_unet_2d	weight
unet.pth	up_blocks.2.attentions.1.proj_in.weight	F32	640,640,1,1	2655712064	identity_bytes	up_blocks.2.attentions.1.proj_in.weight	F32	640,640,1,1	conditional_unet_2d	weight
unet.pth	up_blocks.2.attentions.1.proj_in.bias	F32	640	2657350592	identity_bytes	up_blocks.2.attentions.1.proj_in.bias	F32	640	conditional_unet_2d	weight
unet.pth	up_blocks.2.attentions.1.transformer_blocks.0.norm1.weight	F32	640	2657353280	identity_bytes	up_blocks.2.attentions.1.transformer_blocks.0.norm1.weight	F32	640	conditional_unet_2d	weight
unet.pth	up_blocks.2.attentions.1.transformer_blocks.0.norm1.bias	F32	640	2657355968	identity_bytes	up_blocks.2.attentions.1.transformer_blocks.0.norm1.bias	F32	640	conditional_unet_2d	weight
unet.pth	up_blocks.2.attentions.1.transformer_blocks.0.attn1.to_q.weight	F32	640,640	2657358656	identity_bytes	up_blocks.2.attentions.1.transformer_blocks.0.attn1.to_q.weight	F32	640,640	conditional_unet_2d	weight
unet.pth	up_blocks.2.attentions.1.transformer_blocks.0.attn1.to_k.weight	F32	640,640	2658997184	identity_bytes	up_blocks.2.attentions.1.transformer_blocks.0.attn1.to_k.weight	F32	640,640	conditional_unet_2d	weight
unet.pth	up_blocks.2.attentions.1.transformer_blocks.0.attn1.to_v.weight	F32	640,640	2660637120	identity_bytes	up_blocks.2.attentions.1.transformer_blocks.0.attn1.to_v.weight	F32	640,640	conditional_unet_2d	weight
unet.pth	up_blocks.2.attentions.1.transformer_blocks.0.attn1.to_out.0.weight	F32	640,640	2662275648	identity_bytes	up_blocks.2.attentions.1.transformer_blocks.0.attn1.to_out.0.weight	F32	640,640	conditional_unet_2d	weight
unet.pth	up_blocks.2.attentions.1.transformer_blocks.0.attn1.to_out.0.bias	F32	640	2663914176	identity_bytes	up_blocks.2.attentions.1.transformer_blocks.0.attn1.to_out.0.bias	F32	640	conditional_unet_2d	weight
unet.pth	up_blocks.2.attentions.1.transformer_blocks.0.norm2.weight	F32	640	2663916864	identity_bytes	up_blocks.2.attentions.1.transformer_blocks.0.norm2.weight	F32	640	conditional_unet_2d	weight
unet.pth	up_blocks.2.attentions.1.transformer_blocks.0.norm2.bias	F32	640	2663919552	identity_bytes	up_blocks.2.attentions.1.transformer_blocks.0.norm2.bias	F32	640	conditional_unet_2d	weight
unet.pth	up_blocks.2.attentions.1.transformer_blocks.0.attn2.to_q.weight	F32	640,640	2663922240	identity_bytes	up_blocks.2.attentions.1.transformer_blocks.0.attn2.to_q.weight	F32	640,640	conditional_unet_2d	weight
unet.pth	up_blocks.2.attentions.1.transformer_blocks.0.attn2.to_k.weight	F32	640,384	2665560768	identity_bytes	up_blocks.2.attentions.1.transformer_blocks.0.attn2.to_k.weight	F32	640,384	conditional_unet_2d	weight
unet.pth	up_blocks.2.attentions.1.transformer_blocks.0.attn2.to_v.weight	F32	640,384	2666543936	identity_bytes	up_blocks.2.attentions.1.transformer_blocks.0.attn2.to_v.weight	F32	640,384	conditional_unet_2d	weight
unet.pth	up_blocks.2.attentions.1.transformer_blocks.0.attn2.to_out.0.weight	F32	640,640	2667527104	identity_bytes	up_blocks.2.attentions.1.transformer_blocks.0.attn2.to_out.0.weight	F32	640,640	conditional_unet_2d	weight
unet.pth	up_blocks.2.attentions.1.transformer_blocks.0.attn2.to_out.0.bias	F32	640	2669165632	identity_bytes	up_blocks.2.attentions.1.transformer_blocks.0.attn2.to_out.0.bias	F32	640	conditional_unet_2d	weight
unet.pth	up_blocks.2.attentions.1.transformer_blocks.0.norm3.weight	F32	640	2669578048	identity_bytes	up_blocks.2.attentions.1.transformer_blocks.0.norm3.weight	F32	640	conditional_unet_2d	weight
unet.pth	up_blocks.2.attentions.1.transformer_blocks.0.norm3.bias	F32	640	2669580736	identity_bytes	up_blocks.2.attentions.1.transformer_blocks.0.norm3.bias	F32	640	conditional_unet_2d	weight
unet.pth	up_blocks.2.attentions.1.transformer_blocks.0.ff.net.0.proj.weight	F32	5120,640	2669583424	identity_bytes	up_blocks.2.attentions.1.transformer_blocks.0.ff.net.0.proj.weight	F32	5120,640	conditional_unet_2d	weight
unet.pth	up_blocks.2.attentions.1.transformer_blocks.0.ff.net.0.proj.bias	F32	5120	2682690752	identity_bytes	up_blocks.2.attentions.1.transformer_blocks.0.ff.net.0.proj.bias	F32	5120	conditional_unet_2d	weight
unet.pth	up_blocks.2.attentions.1.transformer_blocks.0.ff.net.2.weight	F32	640,2560	2682711360	identity_bytes	up_blocks.2.attentions.1.transformer_blocks.0.ff.net.2.weight	F32	640,2560	conditional_unet_2d	weight
unet.pth	up_blocks.2.attentions.1.transformer_blocks.0.ff.net.2.bias	F32	640	2689265088	identity_bytes	up_blocks.2.attentions.1.transformer_blocks.0.ff.net.2.bias	F32	640	conditional_unet_2d	weight
unet.pth	up_blocks.2.attentions.1.proj_out.weight	F32	640,640,1,1	2689267776	identity_bytes	up_blocks.2.attentions.1.proj_out.weight	F32	640,640,1,1	conditional_unet_2d	weight
unet.pth	up_blocks.2.attentions.1.proj_out.bias	F32	640	2690906304	identity_bytes	up_blocks.2.attentions.1.proj_out.bias	F32	640	conditional_unet_2d	weight
unet.pth	up_blocks.2.attentions.2.norm.weight	F32	640	2690908992	identity_bytes	up_blocks.2.attentions.2.norm.weight	F32	640	conditional_unet_2d	weight
unet.pth	up_blocks.2.attentions.2.norm.bias	F32	640	2690911680	identity_bytes	up_blocks.2.attentions.2.norm.bias	F32	640	conditional_unet_2d	weight
unet.pth	up_blocks.2.attentions.2.proj_in.weight	F32	640,640,1,1	2691406016	identity_bytes	up_blocks.2.attentions.2.proj_in.weight	F32	640,640,1,1	conditional_unet_2d	weight
unet.pth	up_blocks.2.attentions.2.proj_in.bias	F32	640	2693044544	identity_bytes	up_blocks.2.attentions.2.proj_in.bias	F32	640	conditional_unet_2d	weight
unet.pth	up_blocks.2.attentions.2.transformer_blocks.0.norm1.weight	F32	640	2693047232	identity_bytes	up_blocks.2.attentions.2.transformer_blocks.0.norm1.weight	F32	640	conditional_unet_2d	weight
unet.pth	up_blocks.2.attentions.2.transformer_blocks.0.norm1.bias	F32	640	2693049920	identity_bytes	up_blocks.2.attentions.2.transformer_blocks.0.norm1.bias	F32	640	conditional_unet_2d	weight
unet.pth	up_blocks.2.attentions.2.transformer_blocks.0.attn1.to_q.weight	F32	640,640	2693052608	identity_bytes	up_blocks.2.attentions.2.transformer_blocks.0.attn1.to_q.weight	F32	640,640	conditional_unet_2d	weight
unet.pth	up_blocks.2.attentions.2.transformer_blocks.0.attn1.to_k.weight	F32	640,640	2694691136	identity_bytes	up_blocks.2.attentions.2.transformer_blocks.0.attn1.to_k.weight	F32	640,640	conditional_unet_2d	weight
unet.pth	up_blocks.2.attentions.2.transformer_blocks.0.attn1.to_v.weight	F32	640,640	2696329664	identity_bytes	up_blocks.2.attentions.2.transformer_blocks.0.attn1.to_v.weight	F32	640,640	conditional_unet_2d	weight
unet.pth	up_blocks.2.attentions.2.transformer_blocks.0.attn1.to_out.0.weight	F32	640,640	2697968192	identity_bytes	up_blocks.2.attentions.2.transformer_blocks.0.attn1.to_out.0.weight	F32	640,640	conditional_unet_2d	weight
unet.pth	up_blocks.2.attentions.2.transformer_blocks.0.attn1.to_out.0.bias	F32	640	2699606720	identity_bytes	up_blocks.2.attentions.2.transformer_blocks.0.attn1.to_out.0.bias	F32	640	conditional_unet_2d	weight
unet.pth	up_blocks.2.attentions.2.transformer_blocks.0.norm2.weight	F32	640	2699609408	identity_bytes	up_blocks.2.attentions.2.transformer_blocks.0.norm2.weight	F32	640	conditional_unet_2d	weight
unet.pth	up_blocks.2.attentions.2.transformer_blocks.0.norm2.bias	F32	640	2700103744	identity_bytes	up_blocks.2.attentions.2.transformer_blocks.0.norm2.bias	F32	640	conditional_unet_2d	weight
unet.pth	up_blocks.2.attentions.2.transformer_blocks.0.attn2.to_q.weight	F32	640,640	2700106432	identity_bytes	up_blocks.2.attentions.2.transformer_blocks.0.attn2.to_q.weight	F32	640,640	conditional_unet_2d	weight
unet.pth	up_blocks.2.attentions.2.transformer_blocks.0.attn2.to_k.weight	F32	640,384	2701744960	identity_bytes	up_blocks.2.attentions.2.transformer_blocks.0.attn2.to_k.weight	F32	640,384	conditional_unet_2d	weight
unet.pth	up_blocks.2.attentions.2.transformer_blocks.0.attn2.to_v.weight	F32	640,384	2702728128	identity_bytes	up_blocks.2.attentions.2.transformer_blocks.0.attn2.to_v.weight	F32	640,384	conditional_unet_2d	weight
unet.pth	up_blocks.2.attentions.2.transformer_blocks.0.attn2.to_out.0.weight	F32	640,640	2703711296	identity_bytes	up_blocks.2.attentions.2.transformer_blocks.0.attn2.to_out.0.weight	F32	640,640	conditional_unet_2d	weight
unet.pth	up_blocks.2.attentions.2.transformer_blocks.0.attn2.to_out.0.bias	F32	640	2705349824	identity_bytes	up_blocks.2.attentions.2.transformer_blocks.0.attn2.to_out.0.bias	F32	640	conditional_unet_2d	weight
unet.pth	up_blocks.2.attentions.2.transformer_blocks.0.norm3.weight	F32	640	2705352512	identity_bytes	up_blocks.2.attentions.2.transformer_blocks.0.norm3.weight	F32	640	conditional_unet_2d	weight
unet.pth	up_blocks.2.attentions.2.transformer_blocks.0.norm3.bias	F32	640	2705355200	identity_bytes	up_blocks.2.attentions.2.transformer_blocks.0.norm3.bias	F32	640	conditional_unet_2d	weight
unet.pth	up_blocks.2.attentions.2.transformer_blocks.0.ff.net.0.proj.weight	F32	5120,640	2705357888	identity_bytes	up_blocks.2.attentions.2.transformer_blocks.0.ff.net.0.proj.weight	F32	5120,640	conditional_unet_2d	weight
unet.pth	up_blocks.2.attentions.2.transformer_blocks.0.ff.net.0.proj.bias	F32	5120	2718465216	identity_bytes	up_blocks.2.attentions.2.transformer_blocks.0.ff.net.0.proj.bias	F32	5120	conditional_unet_2d	weight
unet.pth	up_blocks.2.attentions.2.transformer_blocks.0.ff.net.2.weight	F32	640,2560	2718895552	identity_bytes	up_blocks.2.attentions.2.transformer_blocks.0.ff.net.2.weight	F32	640,2560	conditional_unet_2d	weight
unet.pth	up_blocks.2.attentions.2.transformer_blocks.0.ff.net.2.bias	F32	640	2725449280	identity_bytes	up_blocks.2.attentions.2.transformer_blocks.0.ff.net.2.bias	F32	640	conditional_unet_2d	weight
unet.pth	up_blocks.2.attentions.2.proj_out.weight	F32	640,640,1,1	2725451968	identity_bytes	up_blocks.2.attentions.2.proj_out.weight	F32	640,640,1,1	conditional_unet_2d	weight
unet.pth	up_blocks.2.attentions.2.proj_out.bias	F32	640	2727090496	identity_bytes	up_blocks.2.attentions.2.proj_out.bias	F32	640	conditional_unet_2d	weight
unet.pth	up_blocks.2.resnets.0.norm1.weight	F32	1920	2727093184	identity_bytes	up_blocks.2.resnets.0.norm1.weight	F32	1920	conditional_unet_2d	weight
unet.pth	up_blocks.2.resnets.0.norm1.bias	F32	1920	2727100992	identity_bytes	up_blocks.2.resnets.0.norm1.bias	F32	1920	conditional_unet_2d	weight
unet.pth	up_blocks.2.resnets.0.conv1.weight	F32	640,1920,3,3	2727108800	identity_bytes	up_blocks.2.resnets.0.conv1.weight	F32	640,1920,3,3	conditional_unet_2d	weight
unet.pth	up_blocks.2.resnets.0.conv1.bias	F32	640	2771345728	identity_bytes	up_blocks.2.resnets.0.conv1.bias	F32	640	conditional_unet_2d	weight
unet.pth	up_blocks.2.resnets.0.time_emb_proj.weight	F32	640,1280	2771348416	identity_bytes	up_blocks.2.resnets.0.time_emb_proj.weight	F32	640,1280	conditional_unet_2d	weight
unet.pth	up_blocks.2.resnets.0.time_emb_proj.bias	F32	640	2774625344	identity_bytes	up_blocks.2.resnets.0.time_emb_proj.bias	F32	640	conditional_unet_2d	weight
unet.pth	up_blocks.2.resnets.0.norm2.weight	F32	640	2774629440	identity_bytes	up_blocks.2.resnets.0.norm2.weight	F32	640	conditional_unet_2d	weight
unet.pth	up_blocks.2.resnets.0.norm2.bias	F32	640	2774632128	identity_bytes	up_blocks.2.resnets.0.norm2.bias	F32	640	conditional_unet_2d	weight
unet.pth	up_blocks.2.resnets.0.conv2.weight	F32	640,640,3,3	2774634816	identity_bytes	up_blocks.2.resnets.0.conv2.weight	F32	640,640,3,3	conditional_unet_2d	weight
unet.pth	up_blocks.2.resnets.0.conv2.bias	F32	640	2789380544	identity_bytes	up_blocks.2.resnets.0.conv2.bias	F32	640	conditional_unet_2d	weight
unet.pth	up_blocks.2.resnets.0.conv_shortcut.weight	F32	640,1920,1,1	2789383232	identity_bytes	up_blocks.2.resnets.0.conv_shortcut.weight	F32	640,1920,1,1	conditional_unet_2d	weight
unet.pth	up_blocks.2.resnets.0.conv_shortcut.bias	F32	640	2794298560	identity_bytes	up_blocks.2.resnets.0.conv_shortcut.bias	F32	640	conditional_unet_2d	weight
unet.pth	up_blocks.2.resnets.1.norm1.weight	F32	1280	2794301248	identity_bytes	up_blocks.2.resnets.1.norm1.weight	F32	1280	conditional_unet_2d	weight
unet.pth	up_blocks.2.resnets.1.norm1.bias	F32	1280	2794306496	identity_bytes	up_blocks.2.resnets.1.norm1.bias	F32	1280	conditional_unet_2d	weight
unet.pth	up_blocks.2.resnets.1.conv1.weight	F32	640,1280,3,3	2794311744	identity_bytes	up_blocks.2.resnets.1.conv1.weight	F32	640,1280,3,3	conditional_unet_2d	weight
unet.pth	up_blocks.2.resnets.1.conv1.bias	F32	640	2823803072	identity_bytes	up_blocks.2.resnets.1.conv1.bias	F32	640	conditional_unet_2d	weight
unet.pth	up_blocks.2.resnets.1.time_emb_proj.weight	F32	640,1280	2823812416	identity_bytes	up_blocks.2.resnets.1.time_emb_proj.weight	F32	640,1280	conditional_unet_2d	weight
unet.pth	up_blocks.2.resnets.1.time_emb_proj.bias	F32	640	2827089344	identity_bytes	up_blocks.2.resnets.1.time_emb_proj.bias	F32	640	conditional_unet_2d	weight
unet.pth	up_blocks.2.resnets.1.norm2.weight	F32	640	2827092032	identity_bytes	up_blocks.2.resnets.1.norm2.weight	F32	640	conditional_unet_2d	weight
unet.pth	up_blocks.2.resnets.1.norm2.bias	F32	640	2827094720	identity_bytes	up_blocks.2.resnets.1.norm2.bias	F32	640	conditional_unet_2d	weight
unet.pth	up_blocks.2.resnets.1.conv2.weight	F32	640,640,3,3	2827097408	identity_bytes	up_blocks.2.resnets.1.conv2.weight	F32	640,640,3,3	conditional_unet_2d	weight
unet.pth	up_blocks.2.resnets.1.conv2.bias	F32	640	2841843136	identity_bytes	up_blocks.2.resnets.1.conv2.bias	F32	640	conditional_unet_2d	weight
unet.pth	up_blocks.2.resnets.1.conv_shortcut.weight	F32	640,1280,1,1	2841845824	identity_bytes	up_blocks.2.resnets.1.conv_shortcut.weight	F32	640,1280,1,1	conditional_unet_2d	weight
unet.pth	up_blocks.2.resnets.1.conv_shortcut.bias	F32	640	2845122752	identity_bytes	up_blocks.2.resnets.1.conv_shortcut.bias	F32	640	conditional_unet_2d	weight
unet.pth	up_blocks.2.resnets.2.norm1.weight	F32	960	2845125440	identity_bytes	up_blocks.2.resnets.2.norm1.weight	F32	960	conditional_unet_2d	weight
unet.pth	up_blocks.2.resnets.2.norm1.bias	F32	960	2845129408	identity_bytes	up_blocks.2.resnets.2.norm1.bias	F32	960	conditional_unet_2d	weight
unet.pth	up_blocks.2.resnets.2.conv1.weight	F32	640,960,3,3	2845134784	identity_bytes	up_blocks.2.resnets.2.conv1.weight	F32	640,960,3,3	conditional_unet_2d	weight
unet.pth	up_blocks.2.resnets.2.conv1.bias	F32	640	2867253312	identity_bytes	up_blocks.2.resnets.2.conv1.bias	F32	640	conditional_unet_2d	weight
unet.pth	up_blocks.2.resnets.2.time_emb_proj.weight	F32	640,1280	2867256000	identity_bytes	up_blocks.2.resnets.2.time_emb_proj.weight	F32	640,1280	conditional_unet_2d	weight
unet.pth	up_blocks.2.resnets.2.time_emb_proj.bias	F32	640	2870532928	identity_bytes	up_blocks.2.resnets.2.time_emb_proj.bias	F32	640	conditional_unet_2d	weight
unet.pth	up_blocks.2.resnets.2.norm2.weight	F32	640	2870535616	identity_bytes	up_blocks.2.resnets.2.norm2.weight	F32	640	conditional_unet_2d	weight
unet.pth	up_blocks.2.resnets.2.norm2.bias	F32	640	2870538304	identity_bytes	up_blocks.2.resnets.2.norm2.bias	F32	640	conditional_unet_2d	weight
unet.pth	up_blocks.2.resnets.2.conv2.weight	F32	640,640,3,3	2870540992	identity_bytes	up_blocks.2.resnets.2.conv2.weight	F32	640,640,3,3	conditional_unet_2d	weight
unet.pth	up_blocks.2.resnets.2.conv2.bias	F32	640	2885286720	identity_bytes	up_blocks.2.resnets.2.conv2.bias	F32	640	conditional_unet_2d	weight
unet.pth	up_blocks.2.resnets.2.conv_shortcut.weight	F32	640,960,1,1	2885289408	identity_bytes	up_blocks.2.resnets.2.conv_shortcut.weight	F32	640,960,1,1	conditional_unet_2d	weight
unet.pth	up_blocks.2.resnets.2.conv_shortcut.bias	F32	640	2887747136	identity_bytes	up_blocks.2.resnets.2.conv_shortcut.bias	F32	640	conditional_unet_2d	weight
unet.pth	up_blocks.2.upsamplers.0.conv.weight	F32	640,640,3,3	2891026752	identity_bytes	up_blocks.2.upsamplers.0.conv.weight	F32	640,640,3,3	conditional_unet_2d	weight
unet.pth	up_blocks.2.upsamplers.0.conv.bias	F32	640	2905772480	identity_bytes	up_blocks.2.upsamplers.0.conv.bias	F32	640	conditional_unet_2d	weight
unet.pth	up_blocks.3.attentions.0.norm.weight	F32	320	2905775168	identity_bytes	up_blocks.3.attentions.0.norm.weight	F32	320	conditional_unet_2d	weight
unet.pth	up_blocks.3.attentions.0.norm.bias	F32	320	2905776576	identity_bytes	up_blocks.3.attentions.0.norm.bias	F32	320	conditional_unet_2d	weight
unet.pth	up_blocks.3.attentions.0.proj_in.weight	F32	320,320,1,1	2905777984	identity_bytes	up_blocks.3.attentions.0.proj_in.weight	F32	320,320,1,1	conditional_unet_2d	weight
unet.pth	up_blocks.3.attentions.0.proj_in.bias	F32	320	2906187712	identity_bytes	up_blocks.3.attentions.0.proj_in.bias	F32	320	conditional_unet_2d	weight
unet.pth	up_blocks.3.attentions.0.transformer_blocks.0.norm1.weight	F32	320	2906189120	identity_bytes	up_blocks.3.attentions.0.transformer_blocks.0.norm1.weight	F32	320	conditional_unet_2d	weight
unet.pth	up_blocks.3.attentions.0.transformer_blocks.0.norm1.bias	F32	320	2906190528	identity_bytes	up_blocks.3.attentions.0.transformer_blocks.0.norm1.bias	F32	320	conditional_unet_2d	weight
unet.pth	up_blocks.3.attentions.0.transformer_blocks.0.attn1.to_q.weight	F32	320,320	2906191936	identity_bytes	up_blocks.3.attentions.0.transformer_blocks.0.attn1.to_q.weight	F32	320,320	conditional_unet_2d	weight
unet.pth	up_blocks.3.attentions.0.transformer_blocks.0.attn1.to_k.weight	F32	320,320	2906601664	identity_bytes	up_blocks.3.attentions.0.transformer_blocks.0.attn1.to_k.weight	F32	320,320	conditional_unet_2d	weight
unet.pth	up_blocks.3.attentions.0.transformer_blocks.0.attn1.to_v.weight	F32	320,320	2907021760	identity_bytes	up_blocks.3.attentions.0.transformer_blocks.0.attn1.to_v.weight	F32	320,320	conditional_unet_2d	weight
unet.pth	up_blocks.3.attentions.0.transformer_blocks.0.attn1.to_out.0.weight	F32	320,320	2907431488	identity_bytes	up_blocks.3.attentions.0.transformer_blocks.0.attn1.to_out.0.weight	F32	320,320	conditional_unet_2d	weight
unet.pth	up_blocks.3.attentions.0.transformer_blocks.0.attn1.to_out.0.bias	F32	320	2907841216	identity_bytes	up_blocks.3.attentions.0.transformer_blocks.0.attn1.to_out.0.bias	F32	320	conditional_unet_2d	weight
unet.pth	up_blocks.3.attentions.0.transformer_blocks.0.norm2.weight	F32	320	2907842624	identity_bytes	up_blocks.3.attentions.0.transformer_blocks.0.norm2.weight	F32	320	conditional_unet_2d	weight
unet.pth	up_blocks.3.attentions.0.transformer_blocks.0.norm2.bias	F32	320	2907844032	identity_bytes	up_blocks.3.attentions.0.transformer_blocks.0.norm2.bias	F32	320	conditional_unet_2d	weight
unet.pth	up_blocks.3.attentions.0.transformer_blocks.0.attn2.to_q.weight	F32	320,320	2907845440	identity_bytes	up_blocks.3.attentions.0.transformer_blocks.0.attn2.to_q.weight	F32	320,320	conditional_unet_2d	weight
unet.pth	up_blocks.3.attentions.0.transformer_blocks.0.attn2.to_k.weight	F32	320,384	2908255168	identity_bytes	up_blocks.3.attentions.0.transformer_blocks.0.attn2.to_k.weight	F32	320,384	conditional_unet_2d	weight
unet.pth	up_blocks.3.attentions.0.transformer_blocks.0.attn2.to_v.weight	F32	320,384	2908746816	identity_bytes	up_blocks.3.attentions.0.transformer_blocks.0.attn2.to_v.weight	F32	320,384	conditional_unet_2d	weight
unet.pth	up_blocks.3.attentions.0.transformer_blocks.0.attn2.to_out.0.weight	F32	320,320	2909238464	identity_bytes	up_blocks.3.attentions.0.transformer_blocks.0.attn2.to_out.0.weight	F32	320,320	conditional_unet_2d	weight
unet.pth	up_blocks.3.attentions.0.transformer_blocks.0.attn2.to_out.0.bias	F32	320	2909648192	identity_bytes	up_blocks.3.attentions.0.transformer_blocks.0.attn2.to_out.0.bias	F32	320	conditional_unet_2d	weight
unet.pth	up_blocks.3.attentions.0.transformer_blocks.0.norm3.weight	F32	320	2911288128	identity_bytes	up_blocks.3.attentions.0.transformer_blocks.0.norm3.weight	F32	320	conditional_unet_2d	weight
unet.pth	up_blocks.3.attentions.0.transformer_blocks.0.norm3.bias	F32	320	2911289536	identity_bytes	up_blocks.3.attentions.0.transformer_blocks.0.norm3.bias	F32	320	conditional_unet_2d	weight
unet.pth	up_blocks.3.attentions.0.transformer_blocks.0.ff.net.0.proj.weight	F32	2560,320	2911290944	identity_bytes	up_blocks.3.attentions.0.transformer_blocks.0.ff.net.0.proj.weight	F32	2560,320	conditional_unet_2d	weight
unet.pth	up_blocks.3.attentions.0.transformer_blocks.0.ff.net.0.proj.bias	F32	2560	2914567872	identity_bytes	up_blocks.3.attentions.0.transformer_blocks.0.ff.net.0.proj.bias	F32	2560	conditional_unet_2d	weight
unet.pth	up_blocks.3.attentions.0.transformer_blocks.0.ff.net.2.weight	F32	320,1280	2914578240	identity_bytes	up_blocks.3.attentions.0.transformer_blocks.0.ff.net.2.weight	F32	320,1280	conditional_unet_2d	weight
unet.pth	up_blocks.3.attentions.0.transformer_blocks.0.ff.net.2.bias	F32	320	2916216768	identity_bytes	up_blocks.3.attentions.0.transformer_blocks.0.ff.net.2.bias	F32	320	conditional_unet_2d	weight
unet.pth	up_blocks.3.attentions.0.proj_out.weight	F32	320,320,1,1	2916218176	identity_bytes	up_blocks.3.attentions.0.proj_out.weight	F32	320,320,1,1	conditional_unet_2d	weight
unet.pth	up_blocks.3.attentions.0.proj_out.bias	F32	320	2916627904	identity_bytes	up_blocks.3.attentions.0.proj_out.bias	F32	320	conditional_unet_2d	weight
unet.pth	up_blocks.3.attentions.1.norm.weight	F32	320	2916629312	identity_bytes	up_blocks.3.attentions.1.norm.weight	F32	320	conditional_unet_2d	weight
unet.pth	up_blocks.3.attentions.1.norm.bias	F32	320	2916630720	identity_bytes	up_blocks.3.attentions.1.norm.bias	F32	320	conditional_unet_2d	weight
unet.pth	up_blocks.3.attentions.1.proj_in.weight	F32	320,320,1,1	2916633536	identity_bytes	up_blocks.3.attentions.1.proj_in.weight	F32	320,320,1,1	conditional_unet_2d	weight
unet.pth	up_blocks.3.attentions.1.proj_in.bias	F32	320	2917043264	identity_bytes	up_blocks.3.attentions.1.proj_in.bias	F32	320	conditional_unet_2d	weight
unet.pth	up_blocks.3.attentions.1.transformer_blocks.0.norm1.weight	F32	320	2917044672	identity_bytes	up_blocks.3.attentions.1.transformer_blocks.0.norm1.weight	F32	320	conditional_unet_2d	weight
unet.pth	up_blocks.3.attentions.1.transformer_blocks.0.norm1.bias	F32	320	2917046080	identity_bytes	up_blocks.3.attentions.1.transformer_blocks.0.norm1.bias	F32	320	conditional_unet_2d	weight
unet.pth	up_blocks.3.attentions.1.transformer_blocks.0.attn1.to_q.weight	F32	320,320	2917047488	identity_bytes	up_blocks.3.attentions.1.transformer_blocks.0.attn1.to_q.weight	F32	320,320	conditional_unet_2d	weight
unet.pth	up_blocks.3.attentions.1.transformer_blocks.0.attn1.to_k.weight	F32	320,320	2917457216	identity_bytes	up_blocks.3.attentions.1.transformer_blocks.0.attn1.to_k.weight	F32	320,320	conditional_unet_2d	weight
unet.pth	up_blocks.3.attentions.1.transformer_blocks.0.attn1.to_v.weight	F32	320,320	2917866944	identity_bytes	up_blocks.3.attentions.1.transformer_blocks.0.attn1.to_v.weight	F32	320,320	conditional_unet_2d	weight
unet.pth	up_blocks.3.attentions.1.transformer_blocks.0.attn1.to_out.0.weight	F32	320,320	2918276672	identity_bytes	up_blocks.3.attentions.1.transformer_blocks.0.attn1.to_out.0.weight	F32	320,320	conditional_unet_2d	weight
unet.pth	up_blocks.3.attentions.1.transformer_blocks.0.attn1.to_out.0.bias	F32	320	2918686400	identity_bytes	up_blocks.3.attentions.1.transformer_blocks.0.attn1.to_out.0.bias	F32	320	conditional_unet_2d	weight
unet.pth	up_blocks.3.attentions.1.transformer_blocks.0.norm2.weight	F32	320	2918687808	identity_bytes	up_blocks.3.attentions.1.transformer_blocks.0.norm2.weight	F32	320	conditional_unet_2d	weight
unet.pth	up_blocks.3.attentions.1.transformer_blocks.0.norm2.bias	F32	320	2919098944	identity_bytes	up_blocks.3.attentions.1.transformer_blocks.0.norm2.bias	F32	320	conditional_unet_2d	weight
unet.pth	up_blocks.3.attentions.1.transformer_blocks.0.attn2.to_q.weight	F32	320,320	2919100352	identity_bytes	up_blocks.3.attentions.1.transformer_blocks.0.attn2.to_q.weight	F32	320,320	conditional_unet_2d	weight
unet.pth	up_blocks.3.attentions.1.transformer_blocks.0.attn2.to_k.weight	F32	320,384	2919510080	identity_bytes	up_blocks.3.attentions.1.transformer_blocks.0.attn2.to_k.weight	F32	320,384	conditional_unet_2d	weight
unet.pth	up_blocks.3.attentions.1.transformer_blocks.0.attn2.to_v.weight	F32	320,384	2920001728	identity_bytes	up_blocks.3.attentions.1.transformer_blocks.0.attn2.to_v.weight	F32	320,384	conditional_unet_2d	weight
unet.pth	up_blocks.3.attentions.1.transformer_blocks.0.attn2.to_out.0.weight	F32	320,320	2920493376	identity_bytes	up_blocks.3.attentions.1.transformer_blocks.0.attn2.to_out.0.weight	F32	320,320	conditional_unet_2d	weight
unet.pth	up_blocks.3.attentions.1.transformer_blocks.0.attn2.to_out.0.bias	F32	320	2920903104	identity_bytes	up_blocks.3.attentions.1.transformer_blocks.0.attn2.to_out.0.bias	F32	320	conditional_unet_2d	weight
unet.pth	up_blocks.3.attentions.1.transformer_blocks.0.norm3.weight	F32	320	2920904512	identity_bytes	up_blocks.3.attentions.1.transformer_blocks.0.norm3.weight	F32	320	conditional_unet_2d	weight
unet.pth	up_blocks.3.attentions.1.transformer_blocks.0.norm3.bias	F32	320	2920905920	identity_bytes	up_blocks.3.attentions.1.transformer_blocks.0.norm3.bias	F32	320	conditional_unet_2d	weight
unet.pth	up_blocks.3.attentions.1.transformer_blocks.0.ff.net.0.proj.weight	F32	2560,320	2920907328	identity_bytes	up_blocks.3.attentions.1.transformer_blocks.0.ff.net.0.proj.weight	F32	2560,320	conditional_unet_2d	weight
unet.pth	up_blocks.3.attentions.1.transformer_blocks.0.ff.net.0.proj.bias	F32	2560	2924184256	identity_bytes	up_blocks.3.attentions.1.transformer_blocks.0.ff.net.0.proj.bias	F32	2560	conditional_unet_2d	weight
unet.pth	up_blocks.3.attentions.1.transformer_blocks.0.ff.net.2.weight	F32	320,1280	2924196032	identity_bytes	up_blocks.3.attentions.1.transformer_blocks.0.ff.net.2.weight	F32	320,1280	conditional_unet_2d	weight
unet.pth	up_blocks.3.attentions.1.transformer_blocks.0.ff.net.2.bias	F32	320	2925834560	identity_bytes	up_blocks.3.attentions.1.transformer_blocks.0.ff.net.2.bias	F32	320	conditional_unet_2d	weight
unet.pth	up_blocks.3.attentions.1.proj_out.weight	F32	320,320,1,1	2925835968	identity_bytes	up_blocks.3.attentions.1.proj_out.weight	F32	320,320,1,1	conditional_unet_2d	weight
unet.pth	up_blocks.3.attentions.1.proj_out.bias	F32	320	2926245696	identity_bytes	up_blocks.3.attentions.1.proj_out.bias	F32	320	conditional_unet_2d	weight
unet.pth	up_blocks.3.attentions.2.norm.weight	F32	320	2926247104	identity_bytes	up_blocks.3.attentions.2.norm.weight	F32	320	conditional_unet_2d	weight
unet.pth	up_blocks.3.attentions.2.norm.bias	F32	320	2926248512	identity_bytes	up_blocks.3.attentions.2.norm.bias	F32	320	conditional_unet_2d	weight
unet.pth	up_blocks.3.attentions.2.proj_in.weight	F32	320,320,1,1	2926249920	identity_bytes	up_blocks.3.attentions.2.proj_in.weight	F32	320,320,1,1	conditional_unet_2d	weight
unet.pth	up_blocks.3.attentions.2.proj_in.bias	F32	320	2926659648	identity_bytes	up_blocks.3.attentions.2.proj_in.bias	F32	320	conditional_unet_2d	weight
unet.pth	up_blocks.3.attentions.2.transformer_blocks.0.norm1.weight	F32	320	2926661056	identity_bytes	up_blocks.3.attentions.2.transformer_blocks.0.norm1.weight	F32	320	conditional_unet_2d	weight
unet.pth	up_blocks.3.attentions.2.transformer_blocks.0.norm1.bias	F32	320	2926662464	identity_bytes	up_blocks.3.attentions.2.transformer_blocks.0.norm1.bias	F32	320	conditional_unet_2d	weight
unet.pth	up_blocks.3.attentions.2.transformer_blocks.0.attn1.to_q.weight	F32	320,320	2926665280	identity_bytes	up_blocks.3.attentions.2.transformer_blocks.0.attn1.to_q.weight	F32	320,320	conditional_unet_2d	weight
unet.pth	up_blocks.3.attentions.2.transformer_blocks.0.attn1.to_k.weight	F32	320,320	2927075008	identity_bytes	up_blocks.3.attentions.2.transformer_blocks.0.attn1.to_k.weight	F32	320,320	conditional_unet_2d	weight
unet.pth	up_blocks.3.attentions.2.transformer_blocks.0.attn1.to_v.weight	F32	320,320	2927484736	identity_bytes	up_blocks.3.attentions.2.transformer_blocks.0.attn1.to_v.weight	F32	320,320	conditional_unet_2d	weight
unet.pth	up_blocks.3.attentions.2.transformer_blocks.0.attn1.to_out.0.weight	F32	320,320	2927894464	identity_bytes	up_blocks.3.attentions.2.transformer_blocks.0.attn1.to_out.0.weight	F32	320,320	conditional_unet_2d	weight
unet.pth	up_blocks.3.attentions.2.transformer_blocks.0.attn1.to_out.0.bias	F32	320	2928304192	identity_bytes	up_blocks.3.attentions.2.transformer_blocks.0.attn1.to_out.0.bias	F32	320	conditional_unet_2d	weight
unet.pth	up_blocks.3.attentions.2.transformer_blocks.0.norm2.weight	F32	320	2928305600	identity_bytes	up_blocks.3.attentions.2.transformer_blocks.0.norm2.weight	F32	320	conditional_unet_2d	weight
unet.pth	up_blocks.3.attentions.2.transformer_blocks.0.norm2.bias	F32	320	2928307008	identity_bytes	up_blocks.3.attentions.2.transformer_blocks.0.norm2.bias	F32	320	conditional_unet_2d	weight
unet.pth	up_blocks.3.attentions.2.transformer_blocks.0.attn2.to_q.weight	F32	320,320	2928308416	identity_bytes	up_blocks.3.attentions.2.transformer_blocks.0.attn2.to_q.weight	F32	320,320	conditional_unet_2d	weight
unet.pth	up_blocks.3.attentions.2.transformer_blocks.0.attn2.to_k.weight	F32	320,384	2928718144	identity_bytes	up_blocks.3.attentions.2.transformer_blocks.0.attn2.to_k.weight	F32	320,384	conditional_unet_2d	weight
unet.pth	up_blocks.3.attentions.2.transformer_blocks.0.attn2.to_v.weight	F32	320,384	2929209792	identity_bytes	up_blocks.3.attentions.2.transformer_blocks.0.attn2.to_v.weight	F32	320,384	conditional_unet_2d	weight
unet.pth	up_blocks.3.attentions.2.transformer_blocks.0.attn2.to_out.0.weight	F32	320,320	2929702848	identity_bytes	up_blocks.3.attentions.2.transformer_blocks.0.attn2.to_out.0.weight	F32	320,320	conditional_unet_2d	weight
unet.pth	up_blocks.3.attentions.2.transformer_blocks.0.attn2.to_out.0.bias	F32	320	2930112576	identity_bytes	up_blocks.3.attentions.2.transformer_blocks.0.attn2.to_out.0.bias	F32	320	conditional_unet_2d	weight
unet.pth	up_blocks.3.attentions.2.transformer_blocks.0.norm3.weight	F32	320	2930113984	identity_bytes	up_blocks.3.attentions.2.transformer_blocks.0.norm3.weight	F32	320	conditional_unet_2d	weight
unet.pth	up_blocks.3.attentions.2.transformer_blocks.0.norm3.bias	F32	320	2930115392	identity_bytes	up_blocks.3.attentions.2.transformer_blocks.0.norm3.bias	F32	320	conditional_unet_2d	weight
unet.pth	up_blocks.3.attentions.2.transformer_blocks.0.ff.net.0.proj.weight	F32	2560,320	2930116800	identity_bytes	up_blocks.3.attentions.2.transformer_blocks.0.ff.net.0.proj.weight	F32	2560,320	conditional_unet_2d	weight
unet.pth	up_blocks.3.attentions.2.transformer_blocks.0.ff.net.0.proj.bias	F32	2560	2933393728	identity_bytes	up_blocks.3.attentions.2.transformer_blocks.0.ff.net.0.proj.bias	F32	2560	conditional_unet_2d	weight
unet.pth	up_blocks.3.attentions.2.transformer_blocks.0.ff.net.2.weight	F32	320,1280	2933404096	identity_bytes	up_blocks.3.attentions.2.transformer_blocks.0.ff.net.2.weight	F32	320,1280	conditional_unet_2d	weight
unet.pth	up_blocks.3.attentions.2.transformer_blocks.0.ff.net.2.bias	F32	320	2935042624	identity_bytes	up_blocks.3.attentions.2.transformer_blocks.0.ff.net.2.bias	F32	320	conditional_unet_2d	weight
unet.pth	up_blocks.3.attentions.2.proj_out.weight	F32	320,320,1,1	2935044032	identity_bytes	up_blocks.3.attentions.2.proj_out.weight	F32	320,320,1,1	conditional_unet_2d	weight
unet.pth	up_blocks.3.attentions.2.proj_out.bias	F32	320	2935453760	identity_bytes	up_blocks.3.attentions.2.proj_out.bias	F32	320	conditional_unet_2d	weight
unet.pth	up_blocks.3.resnets.0.norm1.weight	F32	960	2939143104	identity_bytes	up_blocks.3.resnets.0.norm1.weight	F32	960	conditional_unet_2d	weight
unet.pth	up_blocks.3.resnets.0.norm1.bias	F32	960	2939147072	identity_bytes	up_blocks.3.resnets.0.norm1.bias	F32	960	conditional_unet_2d	weight
unet.pth	up_blocks.3.resnets.0.conv1.weight	F32	320,960,3,3	2939151040	identity_bytes	up_blocks.3.resnets.0.conv1.weight	F32	320,960,3,3	conditional_unet_2d	weight
unet.pth	up_blocks.3.resnets.0.conv1.bias	F32	320	2950210368	identity_bytes	up_blocks.3.resnets.0.conv1.bias	F32	320	conditional_unet_2d	weight
unet.pth	up_blocks.3.resnets.0.time_emb_proj.weight	F32	320,1280	2950211776	identity_bytes	up_blocks.3.resnets.0.time_emb_proj.weight	F32	320,1280	conditional_unet_2d	weight
unet.pth	up_blocks.3.resnets.0.time_emb_proj.bias	F32	320	2951850304	identity_bytes	up_blocks.3.resnets.0.time_emb_proj.bias	F32	320	conditional_unet_2d	weight
unet.pth	up_blocks.3.resnets.0.norm2.weight	F32	320	2951851712	identity_bytes	up_blocks.3.resnets.0.norm2.weight	F32	320	conditional_unet_2d	weight
unet.pth	up_blocks.3.resnets.0.norm2.bias	F32	320	2951853120	identity_bytes	up_blocks.3.resnets.0.norm2.bias	F32	320	conditional_unet_2d	weight
unet.pth	up_blocks.3.resnets.0.conv2.weight	F32	320,320,3,3	2951854528	identity_bytes	up_blocks.3.resnets.0.conv2.weight	F32	320,320,3,3	conditional_unet_2d	weight
unet.pth	up_blocks.3.resnets.0.conv2.bias	F32	320	2955541056	identity_bytes	up_blocks.3.resnets.0.conv2.bias	F32	320	conditional_unet_2d	weight
unet.pth	up_blocks.3.resnets.0.conv_shortcut.weight	F32	320,960,1,1	2955543872	identity_bytes	up_blocks.3.resnets.0.conv_shortcut.weight	F32	320,960,1,1	conditional_unet_2d	weight
unet.pth	up_blocks.3.resnets.0.conv_shortcut.bias	F32	320	2956772800	identity_bytes	up_blocks.3.resnets.0.conv_shortcut.bias	F32	320	conditional_unet_2d	weight
unet.pth	up_blocks.3.resnets.1.norm1.weight	F32	640	2956774208	identity_bytes	up_blocks.3.resnets.1.norm1.weight	F32	640	conditional_unet_2d	weight
unet.pth	up_blocks.3.resnets.1.norm1.bias	F32	640	2956776896	identity_bytes	up_blocks.3.resnets.1.norm1.bias	F32	640	conditional_unet_2d	weight
unet.pth	up_blocks.3.resnets.1.conv1.weight	F32	320,640,3,3	2956779584	identity_bytes	up_blocks.3.resnets.1.conv1.weight	F32	320,640,3,3	conditional_unet_2d	weight
unet.pth	up_blocks.3.resnets.1.conv1.bias	F32	320	2964152512	identity_bytes	up_blocks.3.resnets.1.conv1.bias	F32	320	conditional_unet_2d	weight
unet.pth	up_blocks.3.resnets.1.time_emb_proj.weight	F32	320,1280	2964153920	identity_bytes	up_blocks.3.resnets.1.time_emb_proj.weight	F32	320,1280	conditional_unet_2d	weight
unet.pth	up_blocks.3.resnets.1.time_emb_proj.bias	F32	320	2965792448	identity_bytes	up_blocks.3.resnets.1.time_emb_proj.bias	F32	320	conditional_unet_2d	weight
unet.pth	up_blocks.3.resnets.1.norm2.weight	F32	320	2965793856	identity_bytes	up_blocks.3.resnets.1.norm2.weight	F32	320	conditional_unet_2d	weight
unet.pth	up_blocks.3.resnets.1.norm2.bias	F32	320	2965795264	identity_bytes	up_blocks.3.resnets.1.norm2.bias	F32	320	conditional_unet_2d	weight
unet.pth	up_blocks.3.resnets.1.conv2.weight	F32	320,320,3,3	2967435200	identity_bytes	up_blocks.3.resnets.1.conv2.weight	F32	320,320,3,3	conditional_unet_2d	weight
unet.pth	up_blocks.3.resnets.1.conv2.bias	F32	320	2971121728	identity_bytes	up_blocks.3.resnets.1.conv2.bias	F32	320	conditional_unet_2d	weight
unet.pth	up_blocks.3.resnets.1.conv_shortcut.weight	F32	320,640,1,1	2971123136	identity_bytes	up_blocks.3.resnets.1.conv_shortcut.weight	F32	320,640,1,1	conditional_unet_2d	weight
unet.pth	up_blocks.3.resnets.1.conv_shortcut.bias	F32	320	2971942464	identity_bytes	up_blocks.3.resnets.1.conv_shortcut.bias	F32	320	conditional_unet_2d	weight
unet.pth	up_blocks.3.resnets.2.norm1.weight	F32	640	2971943872	identity_bytes	up_blocks.3.resnets.2.norm1.weight	F32	640	conditional_unet_2d	weight
unet.pth	up_blocks.3.resnets.2.norm1.bias	F32	640	2971946560	identity_bytes	up_blocks.3.resnets.2.norm1.bias	F32	640	conditional_unet_2d	weight
unet.pth	up_blocks.3.resnets.2.conv1.weight	F32	320,640,3,3	2971949248	identity_bytes	up_blocks.3.resnets.2.conv1.weight	F32	320,640,3,3	conditional_unet_2d	weight
unet.pth	up_blocks.3.resnets.2.conv1.bias	F32	320	2979322176	identity_bytes	up_blocks.3.resnets.2.conv1.bias	F32	320	conditional_unet_2d	weight
unet.pth	up_blocks.3.resnets.2.time_emb_proj.weight	F32	320,1280	2979323584	identity_bytes	up_blocks.3.resnets.2.time_emb_proj.weight	F32	320,1280	conditional_unet_2d	weight
unet.pth	up_blocks.3.resnets.2.time_emb_proj.bias	F32	320	2980962112	identity_bytes	up_blocks.3.resnets.2.time_emb_proj.bias	F32	320	conditional_unet_2d	weight
unet.pth	up_blocks.3.resnets.2.norm2.weight	F32	320	2980964928	identity_bytes	up_blocks.3.resnets.2.norm2.weight	F32	320	conditional_unet_2d	weight
unet.pth	up_blocks.3.resnets.2.norm2.bias	F32	320	2980966336	identity_bytes	up_blocks.3.resnets.2.norm2.bias	F32	320	conditional_unet_2d	weight
unet.pth	up_blocks.3.resnets.2.conv2.weight	F32	320,320,3,3	2980967744	identity_bytes	up_blocks.3.resnets.2.conv2.weight	F32	320,320,3,3	conditional_unet_2d	weight
unet.pth	up_blocks.3.resnets.2.conv2.bias	F32	320	2984654272	identity_bytes	up_blocks.3.resnets.2.conv2.bias	F32	320	conditional_unet_2d	weight
unet.pth	up_blocks.3.resnets.2.conv_shortcut.weight	F32	320,640,1,1	2984655680	identity_bytes	up_blocks.3.resnets.2.conv_shortcut.weight	F32	320,640,1,1	conditional_unet_2d	weight
unet.pth	up_blocks.3.resnets.2.conv_shortcut.bias	F32	320	2985475008	identity_bytes	up_blocks.3.resnets.2.conv_shortcut.bias	F32	320	conditional_unet_2d	weight
unet.pth	mid_block.attentions.0.norm.weight	F32	1280	2985476416	identity_bytes	mid_block.attentions.0.norm.weight	F32	1280	conditional_unet_2d	weight
unet.pth	mid_block.attentions.0.norm.bias	F32	1280	2985481664	identity_bytes	mid_block.attentions.0.norm.bias	F32	1280	conditional_unet_2d	weight
unet.pth	mid_block.attentions.0.proj_in.weight	F32	1280,1280,1,1	2985486912	identity_bytes	mid_block.attentions.0.proj_in.weight	F32	1280,1280,1,1	conditional_unet_2d	weight
unet.pth	mid_block.attentions.0.proj_in.bias	F32	1280	2992040640	identity_bytes	mid_block.attentions.0.proj_in.bias	F32	1280	conditional_unet_2d	weight
unet.pth	mid_block.attentions.0.transformer_blocks.0.norm1.weight	F32	1280	2992047296	identity_bytes	mid_block.attentions.0.transformer_blocks.0.norm1.weight	F32	1280	conditional_unet_2d	weight
unet.pth	mid_block.attentions.0.transformer_blocks.0.norm1.bias	F32	1280	2992052544	identity_bytes	mid_block.attentions.0.transformer_blocks.0.norm1.bias	F32	1280	conditional_unet_2d	weight
unet.pth	mid_block.attentions.0.transformer_blocks.0.attn1.to_q.weight	F32	1280,1280	2992057792	identity_bytes	mid_block.attentions.0.transformer_blocks.0.attn1.to_q.weight	F32	1280,1280	conditional_unet_2d	weight
unet.pth	mid_block.attentions.0.transformer_blocks.0.attn1.to_k.weight	F32	1280,1280	2998611520	identity_bytes	mid_block.attentions.0.transformer_blocks.0.attn1.to_k.weight	F32	1280,1280	conditional_unet_2d	weight
unet.pth	mid_block.attentions.0.transformer_blocks.0.attn1.to_v.weight	F32	1280,1280	3005165248	identity_bytes	mid_block.attentions.0.transformer_blocks.0.attn1.to_v.weight	F32	1280,1280	conditional_unet_2d	weight
unet.pth	mid_block.attentions.0.transformer_blocks.0.attn1.to_out.0.weight	F32	1280,1280	3011718976	identity_bytes	mid_block.attentions.0.transformer_blocks.0.attn1.to_out.0.weight	F32	1280,1280	conditional_unet_2d	weight
unet.pth	mid_block.attentions.0.transformer_blocks.0.attn1.to_out.0.bias	F32	1280	3018272704	identity_bytes	mid_block.attentions.0.transformer_blocks.0.attn1.to_out.0.bias	F32	1280	conditional_unet_2d	weight
unet.pth	mid_block.attentions.0.transformer_blocks.0.norm2.weight	F32	1280	3018277952	identity_bytes	mid_block.attentions.0.transformer_blocks.0.norm2.weight	F32	1280	conditional_unet_2d	weight
unet.pth	mid_block.attentions.0.transformer_blocks.0.norm2.bias	F32	1280	3018283200	identity_bytes	mid_block.attentions.0.transformer_blocks.0.norm2.bias	F32	1280	conditional_unet_2d	weight
unet.pth	mid_block.attentions.0.transformer_blocks.0.attn2.to_q.weight	F32	1280,1280	3018288448	identity_bytes	mid_block.attentions.0.transformer_blocks.0.attn2.to_q.weight	F32	1280,1280	conditional_unet_2d	weight
unet.pth	mid_block.attentions.0.transformer_blocks.0.attn2.to_k.weight	F32	1280,384	3024843584	identity_bytes	mid_block.attentions.0.transformer_blocks.0.attn2.to_k.weight	F32	1280,384	conditional_unet_2d	weight
unet.pth	mid_block.attentions.0.transformer_blocks.0.attn2.to_v.weight	F32	1280,384	3026809792	identity_bytes	mid_block.attentions.0.transformer_blocks.0.attn2.to_v.weight	F32	1280,384	conditional_unet_2d	weight
unet.pth	mid_block.attentions.0.transformer_blocks.0.attn2.to_out.0.weight	F32	1280,1280	3028776000	identity_bytes	mid_block.attentions.0.transformer_blocks.0.attn2.to_out.0.weight	F32	1280,1280	conditional_unet_2d	weight
unet.pth	mid_block.attentions.0.transformer_blocks.0.attn2.to_out.0.bias	F32	1280	3035329728	identity_bytes	mid_block.attentions.0.transformer_blocks.0.attn2.to_out.0.bias	F32	1280	conditional_unet_2d	weight
unet.pth	mid_block.attentions.0.transformer_blocks.0.norm3.weight	F32	1280	3035334976	identity_bytes	mid_block.attentions.0.transformer_blocks.0.norm3.weight	F32	1280	conditional_unet_2d	weight
unet.pth	mid_block.attentions.0.transformer_blocks.0.norm3.bias	F32	1280	3035340224	identity_bytes	mid_block.attentions.0.transformer_blocks.0.norm3.bias	F32	1280	conditional_unet_2d	weight
unet.pth	mid_block.attentions.0.transformer_blocks.0.ff.net.0.proj.weight	F32	10240,1280	3035345472	identity_bytes	mid_block.attentions.0.transformer_blocks.0.ff.net.0.proj.weight	F32	10240,1280	conditional_unet_2d	weight
unet.pth	mid_block.attentions.0.transformer_blocks.0.ff.net.0.proj.bias	F32	10240	3087774400	identity_bytes	mid_block.attentions.0.transformer_blocks.0.ff.net.0.proj.bias	F32	10240	conditional_unet_2d	weight
unet.pth	mid_block.attentions.0.transformer_blocks.0.ff.net.2.weight	F32	1280,5120	3087815488	identity_bytes	mid_block.attentions.0.transformer_blocks.0.ff.net.2.weight	F32	1280,5120	conditional_unet_2d	weight
unet.pth	mid_block.attentions.0.transformer_blocks.0.ff.net.2.bias	F32	1280	3114030016	identity_bytes	mid_block.attentions.0.transformer_blocks.0.ff.net.2.bias	F32	1280	conditional_unet_2d	weight
unet.pth	mid_block.attentions.0.proj_out.weight	F32	1280,1280,1,1	3117721792	identity_bytes	mid_block.attentions.0.proj_out.weight	F32	1280,1280,1,1	conditional_unet_2d	weight
unet.pth	mid_block.attentions.0.proj_out.bias	F32	1280	3124275520	identity_bytes	mid_block.attentions.0.proj_out.bias	F32	1280	conditional_unet_2d	weight
unet.pth	mid_block.resnets.0.norm1.weight	F32	1280	3124280768	identity_bytes	mid_block.resnets.0.norm1.weight	F32	1280	conditional_unet_2d	weight
unet.pth	mid_block.resnets.0.norm1.bias	F32	1280	3124286016	identity_bytes	mid_block.resnets.0.norm1.bias	F32	1280	conditional_unet_2d	weight
unet.pth	mid_block.resnets.0.conv1.weight	F32	1280,1280,3,3	3124291264	identity_bytes	mid_block.resnets.0.conv1.weight	F32	1280,1280,3,3	conditional_unet_2d	weight
unet.pth	mid_block.resnets.0.conv1.bias	F32	1280	3183273792	identity_bytes	mid_block.resnets.0.conv1.bias	F32	1280	conditional_unet_2d	weight
unet.pth	mid_block.resnets.0.time_emb_proj.weight	F32	1280,1280	3183279040	identity_bytes	mid_block.resnets.0.time_emb_proj.weight	F32	1280,1280	conditional_unet_2d	weight
unet.pth	mid_block.resnets.0.time_emb_proj.bias	F32	1280	3189832768	identity_bytes	mid_block.resnets.0.time_emb_proj.bias	F32	1280	conditional_unet_2d	weight
unet.pth	mid_block.resnets.0.norm2.weight	F32	1280	3189838016	identity_bytes	mid_block.resnets.0.norm2.weight	F32	1280	conditional_unet_2d	weight
unet.pth	mid_block.resnets.0.norm2.bias	F32	1280	3189843264	identity_bytes	mid_block.resnets.0.norm2.bias	F32	1280	conditional_unet_2d	weight
unet.pth	mid_block.resnets.0.conv2.weight	F32	1280,1280,3,3	3189849920	identity_bytes	mid_block.resnets.0.conv2.weight	F32	1280,1280,3,3	conditional_unet_2d	weight
unet.pth	mid_block.resnets.0.conv2.bias	F32	1280	3248832448	identity_bytes	mid_block.resnets.0.conv2.bias	F32	1280	conditional_unet_2d	weight
unet.pth	mid_block.resnets.1.norm1.weight	F32	1280	3248837696	identity_bytes	mid_block.resnets.1.norm1.weight	F32	1280	conditional_unet_2d	weight
unet.pth	mid_block.resnets.1.norm1.bias	F32	1280	3248842944	identity_bytes	mid_block.resnets.1.norm1.bias	F32	1280	conditional_unet_2d	weight
unet.pth	mid_block.resnets.1.conv1.weight	F32	1280,1280,3,3	3248848192	identity_bytes	mid_block.resnets.1.conv1.weight	F32	1280,1280,3,3	conditional_unet_2d	weight
unet.pth	mid_block.resnets.1.conv1.bias	F32	1280	3307830720	identity_bytes	mid_block.resnets.1.conv1.bias	F32	1280	conditional_unet_2d	weight
unet.pth	mid_block.resnets.1.time_emb_proj.weight	F32	1280,1280	3307835968	identity_bytes	mid_block.resnets.1.time_emb_proj.weight	F32	1280,1280	conditional_unet_2d	weight
unet.pth	mid_block.resnets.1.time_emb_proj.bias	F32	1280	3314389696	identity_bytes	mid_block.resnets.1.time_emb_proj.bias	F32	1280	conditional_unet_2d	weight
unet.pth	mid_block.resnets.1.norm2.weight	F32	1280	3314394944	identity_bytes	mid_block.resnets.1.norm2.weight	F32	1280	conditional_unet_2d	weight
unet.pth	mid_block.resnets.1.norm2.bias	F32	1280	3314400192	identity_bytes	mid_block.resnets.1.norm2.bias	F32	1280	conditional_unet_2d	weight
unet.pth	mid_block.resnets.1.conv2.weight	F32	1280,1280,3,3	3314406848	identity_bytes	mid_block.resnets.1.conv2.weight	F32	1280,1280,3,3	conditional_unet_2d	weight
unet.pth	mid_block.resnets.1.conv2.bias	F32	1280	3373389376	identity_bytes	mid_block.resnets.1.conv2.bias	F32	1280	conditional_unet_2d	weight
unet.pth	conv_norm_out.weight	F32	320	3373394624	identity_bytes	conv_norm_out.weight	F32	320	conditional_unet_2d	weight
unet.pth	conv_norm_out.bias	F32	320	3373396032	identity_bytes	conv_norm_out.bias	F32	320	conditional_unet_2d	weight
unet.pth	conv_out.weight	F32	4,320,3,3	3373397440	identity_bytes	conv_out.weight	F32	4,320,3,3	conditional_unet_2d	weight
unet.pth	conv_out.bias	F32	4	3373443648	identity_bytes	conv_out.bias	F32	4	conditional_unet_2d	weight
