source_file	source_name	source_dtype	source_shape	source_offset	transformation	destination_name	destination_dtype	destination_shape	component	role
vae	conv1.bias	F32	32	253722368	identity_bytes	component.vae.conv1.bias	F32	32	vae.decoder	weight
vae	conv1.weight	F32	32,32,1,1,1	253752704	identity_bytes	component.vae.conv1.weight	F32	32,32,1,1,1	vae.decoder	weight
vae	conv2.bias	F32	16	253722176	identity_bytes	component.vae.conv2.bias	F32	16	vae.decoder	weight
vae	conv2.weight	F32	16,16,1,1,1	253730176	identity_bytes	component.vae.conv2.weight	F32	16,16,1,1,1	vae.decoder	weight
vae	decoder.conv1.bias	F32	384	126860736	identity_bytes	component.vae.decoder.conv1.bias	F32	384	vae.decoder	weight
vae	decoder.conv1.weight	F32	384,16,3,3,3	253756800	identity_bytes	component.vae.decoder.conv1.weight	F32	384,16,3,3,3	vae.decoder	weight
vae	decoder.head.0.gamma	F32	96,1,1,1	39616	identity_bytes	component.vae.decoder.head.0.gamma	F32	96,1,1,1	vae.decoder	weight
vae	decoder.head.2.bias	F32	3	380827136	identity_bytes	component.vae.decoder.head.2.bias	F32	3	vae.decoder	weight
vae	decoder.head.2.weight	F32	3,96,3,3,3	106432	identity_bytes	component.vae.decoder.head.2.weight	F32	3,96,3,3,3	vae.decoder	weight
vae	decoder.middle.0.residual.0.gamma	F32	384,1,1,1	126862272	identity_bytes	component.vae.decoder.middle.0.residual.0.gamma	F32	384,1,1,1	vae.decoder	weight
vae	decoder.middle.0.residual.2.bias	F32	384	253740416	identity_bytes	component.vae.decoder.middle.0.residual.2.bias	F32	384	vae.decoder	weight
vae	decoder.middle.0.residual.2.weight	F32	384,384,3,3,3	190021056	identity_bytes	component.vae.decoder.middle.0.residual.2.weight	F32	384,384,3,3,3	vae.decoder	weight
vae	decoder.middle.0.residual.3.gamma	F32	384,1,1,1	253741952	identity_bytes	component.vae.decoder.middle.0.residual.3.gamma	F32	384,1,1,1	vae.decoder	weight
vae	decoder.middle.0.residual.6.bias	F32	384	55360	identity_bytes	component.vae.decoder.middle.0.residual.6.bias	F32	384	vae.decoder	weight
vae	decoder.middle.0.residual.6.weight	F32	384,384,3,3,3	317126016	identity_bytes	component.vae.decoder.middle.0.residual.6.weight	F32	384,384,3,3,3	vae.decoder	weight
vae	decoder.middle.1.norm.gamma	F32	384,1,1	56896	identity_bytes	component.vae.decoder.middle.1.norm.gamma	F32	384,1,1	vae.decoder	weight
vae	decoder.middle.1.proj.bias	F32	384	380845964	identity_bytes	component.vae.decoder.middle.1.proj.bias	F32	384	vae.decoder	weight
vae	decoder.middle.1.proj.weight	F32	384,384,1,1	381497228	identity_bytes	component.vae.decoder.middle.1.proj.weight	F32	384,384,1,1	vae.decoder	weight
vae	decoder.middle.1.to_qkv.bias	F32	1152	380865932	identity_bytes	component.vae.decoder.middle.1.to_qkv.bias	F32	1152	vae.decoder	weight
vae	decoder.middle.1.to_qkv.weight	F32	1152,384,1,1	2091328	identity_bytes	component.vae.decoder.middle.1.to_qkv.weight	F32	1152,384,1,1	vae.decoder	weight
vae	decoder.middle.2.residual.0.gamma	F32	384,1,1,1	380847500	identity_bytes	component.vae.decoder.middle.2.residual.0.gamma	F32	384,1,1,1	vae.decoder	weight
vae	decoder.middle.2.residual.2.bias	F32	384	58432	identity_bytes	component.vae.decoder.middle.2.residual.2.bias	F32	384	vae.decoder	weight
vae	decoder.middle.2.residual.2.weight	F32	384,384,3,3,3	459833228	identity_bytes	component.vae.decoder.middle.2.residual.2.weight	F32	384,384,3,3,3	vae.decoder	weight
vae	decoder.middle.2.residual.3.gamma	F32	384,1,1,1	59968	identity_bytes	component.vae.decoder.middle.2.residual.3.gamma	F32	384,1,1,1	vae.decoder	weight
vae	decoder.middle.2.residual.6.bias	F32	384	126863808	identity_bytes	component.vae.decoder.middle.2.residual.6.bias	F32	384	vae.decoder	weight
vae	decoder.middle.2.residual.6.weight	F32	384,384,3,3,3	63138112	identity_bytes	component.vae.decoder.middle.2.residual.6.weight	F32	384,384,3,3,3	vae.decoder	weight
vae	decoder.upsamples.0.residual.0.gamma	F32	384,1,1,1	126865344	identity_bytes	component.vae.decoder.upsamples.0.residual.0.gamma	F32	384,1,1,1	vae.decoder	weight
vae	decoder.upsamples.0.residual.2.bias	F32	384	253743488	identity_bytes	component.vae.decoder.upsamples.0.residual.2.bias	F32	384	vae.decoder	weight
vae	decoder.upsamples.0.residual.2.weight	F32	384,384,3,3,3	205946304	identity_bytes	component.vae.decoder.upsamples.0.residual.2.weight	F32	384,384,3,3,3	vae.decoder	weight
vae	decoder.upsamples.0.residual.3.gamma	F32	384,1,1,1	253745024	identity_bytes	component.vae.decoder.upsamples.0.residual.3.gamma	F32	384,1,1,1	vae.decoder	weight
vae	decoder.upsamples.0.residual.6.bias	F32	384	380849036	identity_bytes	component.vae.decoder.upsamples.0.residual.6.bias	F32	384	vae.decoder	weight
vae	decoder.upsamples.0.residual.6.weight	F32	384,384,3,3,3	333051264	identity_bytes	component.vae.decoder.upsamples.0.residual.6.weight	F32	384,384,3,3,3	vae.decoder	weight
vae	decoder.upsamples.1.residual.0.gamma	F32	384,1,1,1	380850572	identity_bytes	component.vae.decoder.upsamples.1.residual.0.gamma	F32	384,1,1,1	vae.decoder	weight
vae	decoder.upsamples.1.residual.2.bias	F32	384	61504	identity_bytes	component.vae.decoder.upsamples.1.residual.2.bias	F32	384	vae.decoder	weight
vae	decoder.upsamples.1.residual.2.weight	F32	384,384,3,3,3	475758476	identity_bytes	component.vae.decoder.upsamples.1.residual.2.weight	F32	384,384,3,3,3	vae.decoder	weight
vae	decoder.upsamples.1.residual.3.gamma	F32	384,1,1,1	63040	identity_bytes	component.vae.decoder.upsamples.1.residual.3.gamma	F32	384,1,1,1	vae.decoder	weight
vae	decoder.upsamples.1.residual.6.bias	F32	384	126866880	identity_bytes	component.vae.decoder.upsamples.1.residual.6.bias	F32	384	vae.decoder	weight
vae	decoder.upsamples.1.residual.6.weight	F32	384,384,3,3,3	79063360	identity_bytes	component.vae.decoder.upsamples.1.residual.6.weight	F32	384,384,3,3,3	vae.decoder	weight
vae	decoder.upsamples.10.residual.0.gamma	F32	192,1,1,1	253729408	identity_bytes	component.vae.decoder.upsamples.10.residual.0.gamma	F32	192,1,1,1	vae.decoder	weight
vae	decoder.upsamples.10.residual.2.bias	F32	192	43072	identity_bytes	component.vae.decoder.upsamples.10.residual.2.bias	F32	192	vae.decoder	weight
vae	decoder.upsamples.10.residual.2.weight	F32	192,192,3,3,3	265368960	identity_bytes	component.vae.decoder.upsamples.10.residual.2.weight	F32	192,192,3,3,3	vae.decoder	weight
vae	decoder.upsamples.10.residual.3.gamma	F32	192,1,1,1	43840	identity_bytes	component.vae.decoder.upsamples.10.residual.3.gamma	F32	192,1,1,1	vae.decoder	weight
vae	decoder.upsamples.10.residual.6.bias	F32	192	126847680	identity_bytes	component.vae.decoder.upsamples.10.residual.6.bias	F32	192	vae.decoder	weight
vae	decoder.upsamples.10.residual.6.weight	F32	192,192,3,3,3	11381056	identity_bytes	component.vae.decoder.upsamples.10.residual.6.weight	F32	192,192,3,3,3	vae.decoder	weight
vae	decoder.upsamples.11.resample.1.bias	F32	96	380827532	identity_bytes	component.vae.decoder.upsamples.11.resample.1.bias	F32	96	vae.decoder	weight
vae	decoder.upsamples.11.resample.1.weight	F32	96,192,3,3	127315392	identity_bytes	component.vae.decoder.upsamples.11.resample.1.weight	F32	96,192,3,3	vae.decoder	weight
vae	decoder.upsamples.12.residual.0.gamma	F32	96,1,1,1	380827916	identity_bytes	component.vae.decoder.upsamples.12.residual.0.gamma	F32	96,1,1,1	vae.decoder	weight
vae	decoder.upsamples.12.residual.2.bias	F32	96	126840768	identity_bytes	component.vae.decoder.upsamples.12.residual.2.bias	F32	96	vae.decoder	weight
vae	decoder.upsamples.12.residual.2.weight	F32	96,96,3,3,3	383082380	identity_bytes	component.vae.decoder.upsamples.12.residual.2.weight	F32	96,96,3,3,3	vae.decoder	weight
vae	decoder.upsamples.12.residual.3.gamma	F32	96,1,1,1	126841152	identity_bytes	component.vae.decoder.upsamples.12.residual.3.gamma	F32	96,1,1,1	vae.decoder	weight
vae	decoder.upsamples.12.residual.6.bias	F32	96	253724032	identity_bytes	component.vae.decoder.upsamples.12.residual.6.bias	F32	96	vae.decoder	weight
vae	decoder.upsamples.12.residual.6.weight	F32	96,96,3,3,3	128974272	identity_bytes	component.vae.decoder.upsamples.12.residual.6.weight	F32	96,96,3,3,3	vae.decoder	weight
vae	decoder.upsamples.13.residual.0.gamma	F32	96,1,1,1	253724416	identity_bytes	component.vae.decoder.upsamples.13.residual.0.gamma	F32	96,1,1,1	vae.decoder	weight
vae	decoder.upsamples.13.residual.2.bias	F32	96	380828300	identity_bytes	component.vae.decoder.upsamples.13.residual.2.bias	F32	96	vae.decoder	weight
vae	decoder.upsamples.13.residual.2.weight	F32	96,96,3,3,3	255415680	identity_bytes	component.vae.decoder.upsamples.13.residual.2.weight	F32	96,96,3,3,3	vae.decoder	weight
vae	decoder.upsamples.13.residual.3.gamma	F32	96,1,1,1	380828684	identity_bytes	component.vae.decoder.upsamples.13.residual.3.gamma	F32	96,1,1,1	vae.decoder	weight
vae	decoder.upsamples.13.residual.6.bias	F32	96	126841536	identity_bytes	component.vae.decoder.upsamples.13.residual.6.bias	F32	96	vae.decoder	weight
vae	decoder.upsamples.13.residual.6.weight	F32	96,96,3,3,3	384077708	identity_bytes	component.vae.decoder.upsamples.13.residual.6.weight	F32	96,96,3,3,3	vae.decoder	weight
vae	decoder.upsamples.14.residual.0.gamma	F32	96,1,1,1	126841920	identity_bytes	component.vae.decoder.upsamples.14.residual.0.gamma	F32	96,1,1,1	vae.decoder	weight
vae	decoder.upsamples.14.residual.2.bias	F32	96	253724800	identity_bytes	component.vae.decoder.upsamples.14.residual.2.bias	F32	96	vae.decoder	weight
vae	decoder.upsamples.14.residual.2.weight	F32	96,96,3,3,3	129969600	identity_bytes	component.vae.decoder.upsamples.14.residual.2.weight	F32	96,96,3,3,3	vae.decoder	weight
vae	decoder.upsamples.14.residual.3.gamma	F32	96,1,1,1	253725184	identity_bytes	component.vae.decoder.upsamples.14.residual.3.gamma	F32	96,1,1,1	vae.decoder	weight
vae	decoder.upsamples.14.residual.6.bias	F32	96	39232	identity_bytes	component.vae.decoder.upsamples.14.residual.6.bias	F32	96	vae.decoder	weight
vae	decoder.upsamples.14.residual.6.weight	F32	96,96,3,3,3	256411008	identity_bytes	component.vae.decoder.upsamples.14.residual.6.weight	F32	96,96,3,3,3	vae.decoder	weight
vae	decoder.upsamples.2.residual.0.gamma	F32	384,1,1,1	126868416	identity_bytes	component.vae.decoder.upsamples.2.residual.0.gamma	F32	384,1,1,1	vae.decoder	weight
vae	decoder.upsamples.2.residual.2.bias	F32	384	253746560	identity_bytes	component.vae.decoder.upsamples.2.residual.2.bias	F32	384	vae.decoder	weight
vae	decoder.upsamples.2.residual.2.weight	F32	384,384,3,3,3	221871552	identity_bytes	component.vae.decoder.upsamples.2.residual.2.weight	F32	384,384,3,3,3	vae.decoder	weight
vae	decoder.upsamples.2.residual.3.gamma	F32	384,1,1,1	253748096	identity_bytes	component.vae.decoder.upsamples.2.residual.3.gamma	F32	384,1,1,1	vae.decoder	weight
vae	decoder.upsamples.2.residual.6.bias	F32	384	380852108	identity_bytes	component.vae.decoder.upsamples.2.residual.6.bias	F32	384	vae.decoder	weight
vae	decoder.upsamples.2.residual.6.weight	F32	384,384,3,3,3	348976512	identity_bytes	component.vae.decoder.upsamples.2.residual.6.weight	F32	384,384,3,3,3	vae.decoder	weight
vae	decoder.upsamples.3.resample.1.bias	F32	192	42304	identity_bytes	component.vae.decoder.upsamples.3.resample.1.bias	F32	192	vae.decoder	weight
vae	decoder.upsamples.3.resample.1.weight	F32	192,384,3,3	386842508	identity_bytes	component.vae.decoder.upsamples.3.resample.1.weight	F32	192,384,3,3	vae.decoder	weight
vae	decoder.upsamples.3.time_conv.bias	F32	768	380859788	identity_bytes	component.vae.decoder.upsamples.3.time_conv.bias	F32	768	vae.decoder	weight
vae	decoder.upsamples.3.time_conv.weight	F32	768,384,3,1,1	3860800	identity_bytes	component.vae.decoder.upsamples.3.time_conv.weight	F32	768,384,3,1,1	vae.decoder	weight
vae	decoder.upsamples.4.residual.0.gamma	F32	192,1,1,1	380830604	identity_bytes	component.vae.decoder.upsamples.4.residual.0.gamma	F32	192,1,1,1	vae.decoder	weight
vae	decoder.upsamples.4.residual.2.bias	F32	384	64576	identity_bytes	component.vae.decoder.upsamples.4.residual.2.bias	F32	384	vae.decoder	weight
vae	decoder.upsamples.4.residual.2.weight	F32	384,192,3,3,3	404094860	identity_bytes	component.vae.decoder.upsamples.4.residual.2.weight	F32	384,192,3,3,3	vae.decoder	weight
vae	decoder.upsamples.4.residual.3.gamma	F32	384,1,1,1	66112	identity_bytes	component.vae.decoder.upsamples.4.residual.3.gamma	F32	384,1,1,1	vae.decoder	weight
vae	decoder.upsamples.4.residual.6.bias	F32	384	380853644	identity_bytes	component.vae.decoder.upsamples.4.residual.6.bias	F32	384	vae.decoder	weight
vae	decoder.upsamples.4.residual.6.weight	F32	384,384,3,3,3	94988608	identity_bytes	component.vae.decoder.upsamples.4.residual.6.weight	F32	384,384,3,3,3	vae.decoder	weight
vae	decoder.upsamples.4.shortcut.bias	F32	384	380855180	identity_bytes	component.vae.decoder.upsamples.4.shortcut.bias	F32	384	vae.decoder	weight
vae	decoder.upsamples.4.shortcut.weight	F32	384,192,1,1,1	380870540	identity_bytes	component.vae.decoder.upsamples.4.shortcut.weight	F32	384,192,1,1,1	vae.decoder	weight
vae	decoder.upsamples.5.residual.0.gamma	F32	384,1,1,1	380856716	identity_bytes	component.vae.decoder.upsamples.5.residual.0.gamma	F32	384,1,1,1	vae.decoder	weight
vae	decoder.upsamples.5.residual.2.bias	F32	384	126869952	identity_bytes	component.vae.decoder.upsamples.5.residual.2.bias	F32	384	vae.decoder	weight
vae	decoder.upsamples.5.residual.2.weight	F32	384,384,3,3,3	491683724	identity_bytes	component.vae.decoder.upsamples.5.residual.2.weight	F32	384,384,3,3,3	vae.decoder	weight
vae	decoder.upsamples.5.residual.3.gamma	F32	384,1,1,1	126871488	identity_bytes	component.vae.decoder.upsamples.5.residual.3.gamma	F32	384,1,1,1	vae.decoder	weight
vae	decoder.upsamples.5.residual.6.bias	F32	384	253749632	identity_bytes	component.vae.decoder.upsamples.5.residual.6.bias	F32	384	vae.decoder	weight
vae	decoder.upsamples.5.residual.6.weight	F32	384,384,3,3,3	237796800	identity_bytes	component.vae.decoder.upsamples.5.residual.6.weight	F32	384,384,3,3,3	vae.decoder	weight
vae	decoder.upsamples.6.residual.0.gamma	F32	384,1,1,1	253751168	identity_bytes	component.vae.decoder.upsamples.6.residual.0.gamma	F32	384,1,1,1	vae.decoder	weight
vae	decoder.upsamples.6.residual.2.bias	F32	384	67648	identity_bytes	component.vae.decoder.upsamples.6.residual.2.bias	F32	384	vae.decoder	weight
vae	decoder.upsamples.6.residual.2.weight	F32	384,384,3,3,3	364901760	identity_bytes	component.vae.decoder.upsamples.6.residual.2.weight	F32	384,384,3,3,3	vae.decoder	weight
vae	decoder.upsamples.6.residual.3.gamma	F32	384,1,1,1	69184	identity_bytes	component.vae.decoder.upsamples.6.residual.3.gamma	F32	384,1,1,1	vae.decoder	weight
vae	decoder.upsamples.6.residual.6.bias	F32	384	380858252	identity_bytes	component.vae.decoder.upsamples.6.residual.6.bias	F32	384	vae.decoder	weight
vae	decoder.upsamples.6.residual.6.weight	F32	384,384,3,3,3	110913856	identity_bytes	component.vae.decoder.upsamples.6.residual.6.weight	F32	384,384,3,3,3	vae.decoder	weight
vae	decoder.upsamples.7.resample.1.bias	F32	192	126845376	identity_bytes	component.vae.decoder.upsamples.7.resample.1.bias	F32	192	vae.decoder	weight
vae	decoder.upsamples.7.resample.1.weight	F32	192,384,3,3	389496716	identity_bytes	component.vae.decoder.upsamples.7.resample.1.weight	F32	192,384,3,3	vae.decoder	weight
vae	decoder.upsamples.7.time_conv.bias	F32	768	380862860	identity_bytes	component.vae.decoder.upsamples.7.time_conv.bias	F32	768	vae.decoder	weight
vae	decoder.upsamples.7.time_conv.weight	F32	768,384,3,1,1	137379264	identity_bytes	component.vae.decoder.upsamples.7.time_conv.weight	F32	768,384,3,1,1	vae.decoder	weight
vae	decoder.upsamples.8.residual.0.gamma	F32	192,1,1,1	380831372	identity_bytes	component.vae.decoder.upsamples.8.residual.0.gamma	F32	192,1,1,1	vae.decoder	weight
vae	decoder.upsamples.8.residual.2.bias	F32	192	253727104	identity_bytes	component.vae.decoder.upsamples.8.residual.2.bias	F32	192	vae.decoder	weight
vae	decoder.upsamples.8.residual.2.weight	F32	192,192,3,3,3	396132236	identity_bytes	component.vae.decoder.upsamples.8.residual.2.weight	F32	192,192,3,3,3	vae.decoder	weight
vae	decoder.upsamples.8.residual.3.gamma	F32	192,1,1,1	253727872	identity_bytes	component.vae.decoder.upsamples.8.residual.3.gamma	F32	192,1,1,1	vae.decoder	weight
vae	decoder.upsamples.8.residual.6.bias	F32	192	126846144	identity_bytes	component.vae.decoder.upsamples.8.residual.6.bias	F32	192	vae.decoder	weight
vae	decoder.upsamples.8.residual.6.weight	F32	192,192,3,3,3	261387648	identity_bytes	component.vae.decoder.upsamples.8.residual.6.weight	F32	192,192,3,3,3	vae.decoder	weight
vae	decoder.upsamples.9.residual.0.gamma	F32	192,1,1,1	126846912	identity_bytes	component.vae.decoder.upsamples.9.residual.0.gamma	F32	192,1,1,1	vae.decoder	weight
vae	decoder.upsamples.9.residual.2.bias	F32	192	380832140	identity_bytes	component.vae.decoder.upsamples.9.residual.2.bias	F32	192	vae.decoder	weight
vae	decoder.upsamples.9.residual.2.weight	F32	192,192,3,3,3	140918208	identity_bytes	component.vae.decoder.upsamples.9.residual.2.weight	F32	192,192,3,3,3	vae.decoder	weight
vae	decoder.upsamples.9.residual.3.gamma	F32	192,1,1,1	380832908	identity_bytes	component.vae.decoder.upsamples.9.residual.3.gamma	F32	192,1,1,1	vae.decoder	weight
vae	decoder.upsamples.9.residual.6.bias	F32	192	253728640	identity_bytes	component.vae.decoder.upsamples.9.residual.6.bias	F32	192	vae.decoder	weight
vae	decoder.upsamples.9.residual.6.weight	F32	192,192,3,3,3	400113548	identity_bytes	component.vae.decoder.upsamples.9.residual.6.weight	F32	192,192,3,3,3	vae.decoder	weight
vae	encoder.conv1.bias	F32	96	126839232	identity_bytes	component.vae.encoder.conv1.bias	F32	96	vae.decoder	weight
vae	encoder.conv1.weight	F32	96,3,3,3,3	75328	identity_bytes	component.vae.encoder.conv1.weight	F32	96,3,3,3,3	vae.decoder	weight
vae	encoder.downsamples.0.residual.0.gamma	F32	96,1,1,1	253722496	identity_bytes	component.vae.encoder.downsamples.0.residual.0.gamma	F32	96,1,1,1	vae.decoder	weight
vae	encoder.downsamples.0.residual.2.bias	F32	96	126839616	identity_bytes	component.vae.encoder.downsamples.0.residual.2.bias	F32	96	vae.decoder	weight
vae	encoder.downsamples.0.residual.2.weight	F32	96,96,3,3,3	382087052	identity_bytes	component.vae.encoder.downsamples.0.residual.2.weight	F32	96,96,3,3,3	vae.decoder	weight
vae	encoder.downsamples.0.residual.3.gamma	F32	96,1,1,1	253722880	identity_bytes	component.vae.encoder.downsamples.0.residual.3.gamma	F32	96,1,1,1	vae.decoder	weight
vae	encoder.downsamples.0.residual.6.bias	F32	96	253723264	identity_bytes	component.vae.encoder.downsamples.0.residual.6.bias	F32	96	vae.decoder	weight
vae	encoder.downsamples.0.residual.6.weight	F32	96,96,3,3,3	127978944	identity_bytes	component.vae.encoder.downsamples.0.residual.6.weight	F32	96,96,3,3,3	vae.decoder	weight
vae	encoder.downsamples.1.residual.0.gamma	F32	96,1,1,1	253723648	identity_bytes	component.vae.encoder.downsamples.1.residual.0.gamma	F32	96,1,1,1	vae.decoder	weight
vae	encoder.downsamples.1.residual.2.bias	F32	96	38464	identity_bytes	component.vae.encoder.downsamples.1.residual.2.bias	F32	96	vae.decoder	weight
vae	encoder.downsamples.1.residual.2.weight	F32	96,96,3,3,3	254420352	identity_bytes	component.vae.encoder.downsamples.1.residual.2.weight	F32	96,96,3,3,3	vae.decoder	weight
vae	encoder.downsamples.1.residual.3.gamma	F32	96,1,1,1	38848	identity_bytes	component.vae.encoder.downsamples.1.residual.3.gamma	F32	96,1,1,1	vae.decoder	weight
vae	encoder.downsamples.1.residual.6.bias	F32	96	380827148	identity_bytes	component.vae.encoder.downsamples.1.residual.6.bias	F32	96	vae.decoder	weight
vae	encoder.downsamples.1.residual.6.weight	F32	96,96,3,3,3	1096000	identity_bytes	component.vae.encoder.downsamples.1.residual.6.weight	F32	96,96,3,3,3	vae.decoder	weight
vae	encoder.downsamples.10.residual.0.gamma	F32	384,1,1,1	380838284	identity_bytes	component.vae.encoder.downsamples.10.residual.0.gamma	F32	384,1,1,1	vae.decoder	weight
vae	encoder.downsamples.10.residual.2.bias	F32	384	49216	identity_bytes	component.vae.encoder.downsamples.10.residual.2.bias	F32	384	vae.decoder	weight
vae	encoder.downsamples.10.residual.2.weight	F32	384,384,3,3,3	427982732	identity_bytes	component.vae.encoder.downsamples.10.residual.2.weight	F32	384,384,3,3,3	vae.decoder	weight
vae	encoder.downsamples.10.residual.3.gamma	F32	384,1,1,1	50752	identity_bytes	component.vae.encoder.downsamples.10.residual.3.gamma	F32	384,1,1,1	vae.decoder	weight
vae	encoder.downsamples.10.residual.6.bias	F32	384	126854592	identity_bytes	component.vae.encoder.downsamples.10.residual.6.bias	F32	384	vae.decoder	weight
vae	encoder.downsamples.10.residual.6.weight	F32	384,384,3,3,3	31287616	identity_bytes	component.vae.encoder.downsamples.10.residual.6.weight	F32	384,384,3,3,3	vae.decoder	weight
vae	encoder.downsamples.2.resample.1.bias	F32	96	126840000	identity_bytes	component.vae.encoder.downsamples.2.resample.1.bias	F32	96	vae.decoder	weight
vae	encoder.downsamples.2.resample.1.weight	F32	96,96,3,3	381165452	identity_bytes	component.vae.encoder.downsamples.2.resample.1.weight	F32	96,96,3,3	vae.decoder	weight
vae	encoder.downsamples.3.residual.0.gamma	F32	96,1,1,1	126840384	identity_bytes	component.vae.encoder.downsamples.3.residual.0.gamma	F32	96,1,1,1	vae.decoder	weight
vae	encoder.downsamples.3.residual.2.bias	F32	192	253725568	identity_bytes	component.vae.encoder.downsamples.3.residual.2.bias	F32	192	vae.decoder	weight
vae	encoder.downsamples.3.residual.2.weight	F32	192,96,3,3,3	135388608	identity_bytes	component.vae.encoder.downsamples.3.residual.2.weight	F32	192,96,3,3,3	vae.decoder	weight
vae	encoder.downsamples.3.residual.3.gamma	F32	192,1,1,1	253726336	identity_bytes	component.vae.encoder.downsamples.3.residual.3.gamma	F32	192,1,1,1	vae.decoder	weight
vae	encoder.downsamples.3.residual.6.bias	F32	192	40000	identity_bytes	component.vae.encoder.downsamples.3.residual.6.bias	F32	192	vae.decoder	weight
vae	encoder.downsamples.3.residual.6.weight	F32	192,192,3,3,3	257406336	identity_bytes	component.vae.encoder.downsamples.3.residual.6.weight	F32	192,192,3,3,3	vae.decoder	weight
vae	encoder.downsamples.3.shortcut.bias	F32	192	40768	identity_bytes	component.vae.encoder.downsamples.3.shortcut.bias	F32	192	vae.decoder	weight
vae	encoder.downsamples.3.shortcut.weight	F32	192,96,1,1,1	137536	identity_bytes	component.vae.encoder.downsamples.3.shortcut.weight	F32	192,96,1,1,1	vae.decoder	weight
vae	encoder.downsamples.4.residual.0.gamma	F32	192,1,1,1	41536	identity_bytes	component.vae.encoder.downsamples.4.residual.0.gamma	F32	192,1,1,1	vae.decoder	weight
vae	encoder.downsamples.4.residual.2.bias	F32	192	380829068	identity_bytes	component.vae.encoder.downsamples.4.residual.2.bias	F32	192	vae.decoder	weight
vae	encoder.downsamples.4.residual.2.weight	F32	192,192,3,3,3	7399744	identity_bytes	component.vae.encoder.downsamples.4.residual.2.weight	F32	192,192,3,3,3	vae.decoder	weight
vae	encoder.downsamples.4.residual.3.gamma	F32	192,1,1,1	380829836	identity_bytes	component.vae.encoder.downsamples.4.residual.3.gamma	F32	192,1,1,1	vae.decoder	weight
vae	encoder.downsamples.4.residual.6.bias	F32	192	126842304	identity_bytes	component.vae.encoder.downsamples.4.residual.6.bias	F32	192	vae.decoder	weight
vae	encoder.downsamples.4.residual.6.weight	F32	192,192,3,3,3	392150924	identity_bytes	component.vae.encoder.downsamples.4.residual.6.weight	F32	192,192,3,3,3	vae.decoder	weight
vae	encoder.downsamples.5.resample.1.bias	F32	192	126843072	identity_bytes	component.vae.encoder.downsamples.5.resample.1.bias	F32	192	vae.decoder	weight
vae	encoder.downsamples.5.resample.1.weight	F32	192,192,3,3	130964928	identity_bytes	component.vae.encoder.downsamples.5.resample.1.weight	F32	192,192,3,3	vae.decoder	weight
vae	encoder.downsamples.5.time_conv.bias	F32	192	126843840	identity_bytes	component.vae.encoder.downsamples.5.time_conv.bias	F32	192	vae.decoder	weight
vae	encoder.downsamples.5.time_conv.weight	F32	192,192,3,1,1	126873024	identity_bytes	component.vae.encoder.downsamples.5.time_conv.weight	F32	192,192,3,1,1	vae.decoder	weight
vae	encoder.downsamples.6.residual.0.gamma	F32	192,1,1,1	126844608	identity_bytes	component.vae.encoder.downsamples.6.residual.0.gamma	F32	192,1,1,1	vae.decoder	weight
vae	encoder.downsamples.6.residual.2.bias	F32	384	253731200	identity_bytes	component.vae.encoder.downsamples.6.residual.2.bias	F32	384	vae.decoder	weight
vae	encoder.downsamples.6.residual.2.weight	F32	384,192,3,3,3	150207936	identity_bytes	component.vae.encoder.downsamples.6.residual.2.weight	F32	384,192,3,3,3	vae.decoder	weight
vae	encoder.downsamples.6.residual.3.gamma	F32	384,1,1,1	253732736	identity_bytes	component.vae.encoder.downsamples.6.residual.3.gamma	F32	384,1,1,1	vae.decoder	weight
vae	encoder.downsamples.6.residual.6.bias	F32	384	44608	identity_bytes	component.vae.encoder.downsamples.6.residual.6.bias	F32	384	vae.decoder	weight
vae	encoder.downsamples.6.residual.6.weight	F32	384,384,3,3,3	269350272	identity_bytes	component.vae.encoder.downsamples.6.residual.6.weight	F32	384,384,3,3,3	vae.decoder	weight
vae	encoder.downsamples.6.shortcut.bias	F32	384	380833676	identity_bytes	component.vae.encoder.downsamples.6.shortcut.bias	F32	384	vae.decoder	weight
vae	encoder.downsamples.6.shortcut.weight	F32	384,192,1,1,1	211264	identity_bytes	component.vae.encoder.downsamples.6.shortcut.weight	F32	384,192,1,1,1	vae.decoder	weight
vae	encoder.downsamples.7.residual.0.gamma	F32	384,1,1,1	380835212	identity_bytes	component.vae.encoder.downsamples.7.residual.0.gamma	F32	384,1,1,1	vae.decoder	weight
vae	encoder.downsamples.7.residual.2.bias	F32	384	46144	identity_bytes	component.vae.encoder.downsamples.7.residual.2.bias	F32	384	vae.decoder	weight
vae	encoder.downsamples.7.residual.2.weight	F32	384,384,3,3,3	412057484	identity_bytes	component.vae.encoder.downsamples.7.residual.2.weight	F32	384,384,3,3,3	vae.decoder	weight
vae	encoder.downsamples.7.residual.3.gamma	F32	384,1,1,1	47680	identity_bytes	component.vae.encoder.downsamples.7.residual.3.gamma	F32	384,1,1,1	vae.decoder	weight
vae	encoder.downsamples.7.residual.6.bias	F32	384	126848448	identity_bytes	component.vae.encoder.downsamples.7.residual.6.bias	F32	384	vae.decoder	weight
vae	encoder.downsamples.7.residual.6.weight	F32	384,384,3,3,3	15362368	identity_bytes	component.vae.encoder.downsamples.7.residual.6.weight	F32	384,384,3,3,3	vae.decoder	weight
vae	encoder.downsamples.8.resample.1.bias	F32	384	126849984	identity_bytes	component.vae.encoder.downsamples.8.resample.1.bias	F32	384	vae.decoder	weight
vae	encoder.downsamples.8.resample.1.weight	F32	384,384,3,3	144899520	identity_bytes	component.vae.encoder.downsamples.8.resample.1.weight	F32	384,384,3,3	vae.decoder	weight
vae	encoder.downsamples.8.time_conv.bias	F32	384	126851520	identity_bytes	component.vae.encoder.downsamples.8.time_conv.bias	F32	384	vae.decoder	weight
vae	encoder.downsamples.8.time_conv.weight	F32	384,384,3,1,1	133619136	identity_bytes	component.vae.encoder.downsamples.8.time_conv.weight	F32	384,384,3,1,1	vae.decoder	weight
vae	encoder.downsamples.9.residual.0.gamma	F32	384,1,1,1	126853056	identity_bytes	component.vae.encoder.downsamples.9.residual.0.gamma	F32	384,1,1,1	vae.decoder	weight
vae	encoder.downsamples.9.residual.2.bias	F32	384	253734272	identity_bytes	component.vae.encoder.downsamples.9.residual.2.bias	F32	384	vae.decoder	weight
vae	encoder.downsamples.9.residual.2.weight	F32	384,384,3,3,3	158170560	identity_bytes	component.vae.encoder.downsamples.9.residual.2.weight	F32	384,384,3,3,3	vae.decoder	weight
vae	encoder.downsamples.9.residual.3.gamma	F32	384,1,1,1	253735808	identity_bytes	component.vae.encoder.downsamples.9.residual.3.gamma	F32	384,1,1,1	vae.decoder	weight
vae	encoder.downsamples.9.residual.6.bias	F32	384	380836748	identity_bytes	component.vae.encoder.downsamples.9.residual.6.bias	F32	384	vae.decoder	weight
vae	encoder.downsamples.9.residual.6.weight	F32	384,384,3,3,3	285275520	identity_bytes	component.vae.encoder.downsamples.9.residual.6.weight	F32	384,384,3,3,3	vae.decoder	weight
vae	encoder.head.0.gamma	F32	384,1,1,1	126859200	identity_bytes	component.vae.encoder.head.0.gamma	F32	384,1,1,1	vae.decoder	weight
vae	encoder.head.2.bias	F32	32	253722240	identity_bytes	component.vae.encoder.head.2.bias	F32	32	vae.decoder	weight
vae	encoder.head.2.weight	F32	32,384,3,3,3	132292032	identity_bytes	component.vae.encoder.head.2.weight	F32	32,384,3,3,3	vae.decoder	weight
vae	encoder.middle.0.residual.0.gamma	F32	384,1,1,1	126856128	identity_bytes	component.vae.encoder.middle.0.residual.0.gamma	F32	384,1,1,1	vae.decoder	weight
vae	encoder.middle.0.residual.2.bias	F32	384	253737344	identity_bytes	component.vae.encoder.middle.0.residual.2.bias	F32	384	vae.decoder	weight
vae	encoder.middle.0.residual.2.weight	F32	384,384,3,3,3	174095808	identity_bytes	component.vae.encoder.middle.0.residual.2.weight	F32	384,384,3,3,3	vae.decoder	weight
vae	encoder.middle.0.residual.3.gamma	F32	384,1,1,1	253738880	identity_bytes	component.vae.encoder.middle.0.residual.3.gamma	F32	384,1,1,1	vae.decoder	weight
vae	encoder.middle.0.residual.6.bias	F32	384	380839820	identity_bytes	component.vae.encoder.middle.0.residual.6.bias	F32	384	vae.decoder	weight
vae	encoder.middle.0.residual.6.weight	F32	384,384,3,3,3	301200768	identity_bytes	component.vae.encoder.middle.0.residual.6.weight	F32	384,384,3,3,3	vae.decoder	weight
vae	encoder.middle.1.norm.gamma	F32	384,1,1	380841356	identity_bytes	component.vae.encoder.middle.1.norm.gamma	F32	384,1,1	vae.decoder	weight
vae	encoder.middle.1.proj.bias	F32	384	52288	identity_bytes	component.vae.encoder.middle.1.proj.bias	F32	384	vae.decoder	weight
vae	encoder.middle.1.proj.weight	F32	384,384,1,1	506176	identity_bytes	component.vae.encoder.middle.1.proj.weight	F32	384,384,1,1	vae.decoder	weight
vae	encoder.middle.1.to_qkv.bias	F32	1152	70720	identity_bytes	component.vae.encoder.middle.1.to_qkv.bias	F32	1152	vae.decoder	weight
vae	encoder.middle.1.to_qkv.weight	F32	1152,384,1,1	385073036	identity_bytes	component.vae.encoder.middle.1.to_qkv.weight	F32	1152,384,1,1	vae.decoder	weight
vae	encoder.middle.2.residual.0.gamma	F32	384,1,1,1	53824	identity_bytes	component.vae.encoder.middle.2.residual.0.gamma	F32	384,1,1,1	vae.decoder	weight
vae	encoder.middle.2.residual.2.bias	F32	384	380842892	identity_bytes	component.vae.encoder.middle.2.residual.2.bias	F32	384	vae.decoder	weight
vae	encoder.middle.2.residual.2.weight	F32	384,384,3,3,3	47212864	identity_bytes	component.vae.encoder.middle.2.residual.2.weight	F32	384,384,3,3,3	vae.decoder	weight
vae	encoder.middle.2.residual.3.gamma	F32	384,1,1,1	380844428	identity_bytes	component.vae.encoder.middle.2.residual.3.gamma	F32	384,1,1,1	vae.decoder	weight
vae	encoder.middle.2.residual.6.bias	F32	384	126857664	identity_bytes	component.vae.encoder.middle.2.residual.6.bias	F32	384	vae.decoder	weight
vae	encoder.middle.2.residual.6.weight	F32	384,384,3,3,3	443907980	identity_bytes	component.vae.encoder.middle.2.residual.6.weight	F32	384,384,3,3,3	vae.decoder	weight
denoiser	blocks.0.cross_attn.k.bias	F32	1536	83224	identity_bytes	denoiser.blocks.0.cross_attn.k.bias	F32	1536	denoiser	weight
denoiser	blocks.0.cross_attn.k.weight	F32	1536,1536	89368	identity_bytes	denoiser.blocks.0.cross_attn.k.weight	F32	1536,1536	denoiser	weight
denoiser	blocks.0.cross_attn.norm_k.weight	F32	1536	9526552	identity_bytes	denoiser.blocks.0.cross_attn.norm_k.weight	F32	1536	denoiser	weight
denoiser	blocks.0.cross_attn.norm_q.weight	F32	1536	9532696	identity_bytes	denoiser.blocks.0.cross_attn.norm_q.weight	F32	1536	denoiser	weight
denoiser	blocks.0.cross_attn.o.bias	F32	1536	9538840	identity_bytes	denoiser.blocks.0.cross_attn.o.bias	F32	1536	denoiser	weight
denoiser	blocks.0.cross_attn.o.weight	F32	1536,1536	9544984	identity_bytes	denoiser.blocks.0.cross_attn.o.weight	F32	1536,1536	denoiser	weight
denoiser	blocks.0.cross_attn.q.bias	F32	1536	18982168	identity_bytes	denoiser.blocks.0.cross_attn.q.bias	F32	1536	denoiser	weight
denoiser	blocks.0.cross_attn.q.weight	F32	1536,1536	18988312	identity_bytes	denoiser.blocks.0.cross_attn.q.weight	F32	1536,1536	denoiser	weight
denoiser	blocks.0.cross_attn.v.bias	F32	1536	28425496	identity_bytes	denoiser.blocks.0.cross_attn.v.bias	F32	1536	denoiser	weight
denoiser	blocks.0.cross_attn.v.weight	F32	1536,1536	28431640	identity_bytes	denoiser.blocks.0.cross_attn.v.weight	F32	1536,1536	denoiser	weight
denoiser	blocks.0.ffn.0.bias	F32	8960	37868824	identity_bytes	denoiser.blocks.0.ffn.0.bias	F32	8960	denoiser	weight
denoiser	blocks.0.ffn.0.weight	F32	8960,1536	37904664	identity_bytes	denoiser.blocks.0.ffn.0.weight	F32	8960,1536	denoiser	weight
denoiser	blocks.0.ffn.2.bias	F32	1536	92954904	identity_bytes	denoiser.blocks.0.ffn.2.bias	F32	1536	denoiser	weight
denoiser	blocks.0.ffn.2.weight	F32	1536,8960	92961048	identity_bytes	denoiser.blocks.0.ffn.2.weight	F32	1536,8960	denoiser	weight
denoiser	blocks.0.modulation	F32	1,6,1536	148011288	identity_bytes	denoiser.blocks.0.modulation	F32	1,6,1536	denoiser	weight
denoiser	blocks.0.norm3.bias	F32	1536	148048152	identity_bytes	denoiser.blocks.0.norm3.bias	F32	1536	denoiser	weight
denoiser	blocks.0.norm3.weight	F32	1536	148054296	identity_bytes	denoiser.blocks.0.norm3.weight	F32	1536	denoiser	weight
denoiser	blocks.0.self_attn.k.bias	F32	1536	148060440	identity_bytes	denoiser.blocks.0.self_attn.k.bias	F32	1536	denoiser	weight
denoiser	blocks.0.self_attn.k.weight	F32	1536,1536	148066584	identity_bytes	denoiser.blocks.0.self_attn.k.weight	F32	1536,1536	denoiser	weight
denoiser	blocks.0.self_attn.norm_k.weight	F32	1536	157503768	identity_bytes	denoiser.blocks.0.self_attn.norm_k.weight	F32	1536	denoiser	weight
denoiser	blocks.0.self_attn.norm_q.weight	F32	1536	157509912	identity_bytes	denoiser.blocks.0.self_attn.norm_q.weight	F32	1536	denoiser	weight
denoiser	blocks.0.self_attn.o.bias	F32	1536	157516056	identity_bytes	denoiser.blocks.0.self_attn.o.bias	F32	1536	denoiser	weight
denoiser	blocks.0.self_attn.o.weight	F32	1536,1536	157522200	identity_bytes	denoiser.blocks.0.self_attn.o.weight	F32	1536,1536	denoiser	weight
denoiser	blocks.0.self_attn.q.bias	F32	1536	166959384	identity_bytes	denoiser.blocks.0.self_attn.q.bias	F32	1536	denoiser	weight
denoiser	blocks.0.self_attn.q.weight	F32	1536,1536	166965528	identity_bytes	denoiser.blocks.0.self_attn.q.weight	F32	1536,1536	denoiser	weight
denoiser	blocks.0.self_attn.v.bias	F32	1536	176402712	identity_bytes	denoiser.blocks.0.self_attn.v.bias	F32	1536	denoiser	weight
denoiser	blocks.0.self_attn.v.weight	F32	1536,1536	176408856	identity_bytes	denoiser.blocks.0.self_attn.v.weight	F32	1536,1536	denoiser	weight
denoiser	blocks.1.cross_attn.k.bias	F32	1536	185846040	identity_bytes	denoiser.blocks.1.cross_attn.k.bias	F32	1536	denoiser	weight
denoiser	blocks.1.cross_attn.k.weight	F32	1536,1536	185852184	identity_bytes	denoiser.blocks.1.cross_attn.k.weight	F32	1536,1536	denoiser	weight
denoiser	blocks.1.cross_attn.norm_k.weight	F32	1536	195289368	identity_bytes	denoiser.blocks.1.cross_attn.norm_k.weight	F32	1536	denoiser	weight
denoiser	blocks.1.cross_attn.norm_q.weight	F32	1536	195295512	identity_bytes	denoiser.blocks.1.cross_attn.norm_q.weight	F32	1536	denoiser	weight
denoiser	blocks.1.cross_attn.o.bias	F32	1536	195301656	identity_bytes	denoiser.blocks.1.cross_attn.o.bias	F32	1536	denoiser	weight
denoiser	blocks.1.cross_attn.o.weight	F32	1536,1536	195307800	identity_bytes	denoiser.blocks.1.cross_attn.o.weight	F32	1536,1536	denoiser	weight
denoiser	blocks.1.cross_attn.q.bias	F32	1536	204744984	identity_bytes	denoiser.blocks.1.cross_attn.q.bias	F32	1536	denoiser	weight
denoiser	blocks.1.cross_attn.q.weight	F32	1536,1536	204751128	identity_bytes	denoiser.blocks.1.cross_attn.q.weight	F32	1536,1536	denoiser	weight
denoiser	blocks.1.cross_attn.v.bias	F32	1536	214188312	identity_bytes	denoiser.blocks.1.cross_attn.v.bias	F32	1536	denoiser	weight
denoiser	blocks.1.cross_attn.v.weight	F32	1536,1536	214194456	identity_bytes	denoiser.blocks.1.cross_attn.v.weight	F32	1536,1536	denoiser	weight
denoiser	blocks.1.ffn.0.bias	F32	8960	223631640	identity_bytes	denoiser.blocks.1.ffn.0.bias	F32	8960	denoiser	weight
denoiser	blocks.1.ffn.0.weight	F32	8960,1536	223667480	identity_bytes	denoiser.blocks.1.ffn.0.weight	F32	8960,1536	denoiser	weight
denoiser	blocks.1.ffn.2.bias	F32	1536	278717720	identity_bytes	denoiser.blocks.1.ffn.2.bias	F32	1536	denoiser	weight
denoiser	blocks.1.ffn.2.weight	F32	1536,8960	278723864	identity_bytes	denoiser.blocks.1.ffn.2.weight	F32	1536,8960	denoiser	weight
denoiser	blocks.1.modulation	F32	1,6,1536	333774104	identity_bytes	denoiser.blocks.1.modulation	F32	1,6,1536	denoiser	weight
denoiser	blocks.1.norm3.bias	F32	1536	333810968	identity_bytes	denoiser.blocks.1.norm3.bias	F32	1536	denoiser	weight
denoiser	blocks.1.norm3.weight	F32	1536	333817112	identity_bytes	denoiser.blocks.1.norm3.weight	F32	1536	denoiser	weight
denoiser	blocks.1.self_attn.k.bias	F32	1536	333823256	identity_bytes	denoiser.blocks.1.self_attn.k.bias	F32	1536	denoiser	weight
denoiser	blocks.1.self_attn.k.weight	F32	1536,1536	333829400	identity_bytes	denoiser.blocks.1.self_attn.k.weight	F32	1536,1536	denoiser	weight
denoiser	blocks.1.self_attn.norm_k.weight	F32	1536	343266584	identity_bytes	denoiser.blocks.1.self_attn.norm_k.weight	F32	1536	denoiser	weight
denoiser	blocks.1.self_attn.norm_q.weight	F32	1536	343272728	identity_bytes	denoiser.blocks.1.self_attn.norm_q.weight	F32	1536	denoiser	weight
denoiser	blocks.1.self_attn.o.bias	F32	1536	343278872	identity_bytes	denoiser.blocks.1.self_attn.o.bias	F32	1536	denoiser	weight
denoiser	blocks.1.self_attn.o.weight	F32	1536,1536	343285016	identity_bytes	denoiser.blocks.1.self_attn.o.weight	F32	1536,1536	denoiser	weight
denoiser	blocks.1.self_attn.q.bias	F32	1536	352722200	identity_bytes	denoiser.blocks.1.self_attn.q.bias	F32	1536	denoiser	weight
denoiser	blocks.1.self_attn.q.weight	F32	1536,1536	352728344	identity_bytes	denoiser.blocks.1.self_attn.q.weight	F32	1536,1536	denoiser	weight
denoiser	blocks.1.self_attn.v.bias	F32	1536	362165528	identity_bytes	denoiser.blocks.1.self_attn.v.bias	F32	1536	denoiser	weight
denoiser	blocks.1.self_attn.v.weight	F32	1536,1536	362171672	identity_bytes	denoiser.blocks.1.self_attn.v.weight	F32	1536,1536	denoiser	weight
denoiser	blocks.10.cross_attn.k.bias	F32	1536	371608856	identity_bytes	denoiser.blocks.10.cross_attn.k.bias	F32	1536	denoiser	weight
denoiser	blocks.10.cross_attn.k.weight	F32	1536,1536	371615000	identity_bytes	denoiser.blocks.10.cross_attn.k.weight	F32	1536,1536	denoiser	weight
denoiser	blocks.10.cross_attn.norm_k.weight	F32	1536	381052184	identity_bytes	denoiser.blocks.10.cross_attn.norm_k.weight	F32	1536	denoiser	weight
denoiser	blocks.10.cross_attn.norm_q.weight	F32	1536	381058328	identity_bytes	denoiser.blocks.10.cross_attn.norm_q.weight	F32	1536	denoiser	weight
denoiser	blocks.10.cross_attn.o.bias	F32	1536	381064472	identity_bytes	denoiser.blocks.10.cross_attn.o.bias	F32	1536	denoiser	weight
denoiser	blocks.10.cross_attn.o.weight	F32	1536,1536	381070616	identity_bytes	denoiser.blocks.10.cross_attn.o.weight	F32	1536,1536	denoiser	weight
denoiser	blocks.10.cross_attn.q.bias	F32	1536	390507800	identity_bytes	denoiser.blocks.10.cross_attn.q.bias	F32	1536	denoiser	weight
denoiser	blocks.10.cross_attn.q.weight	F32	1536,1536	390513944	identity_bytes	denoiser.blocks.10.cross_attn.q.weight	F32	1536,1536	denoiser	weight
denoiser	blocks.10.cross_attn.v.bias	F32	1536	399951128	identity_bytes	denoiser.blocks.10.cross_attn.v.bias	F32	1536	denoiser	weight
denoiser	blocks.10.cross_attn.v.weight	F32	1536,1536	399957272	identity_bytes	denoiser.blocks.10.cross_attn.v.weight	F32	1536,1536	denoiser	weight
denoiser	blocks.10.ffn.0.bias	F32	8960	409394456	identity_bytes	denoiser.blocks.10.ffn.0.bias	F32	8960	denoiser	weight
denoiser	blocks.10.ffn.0.weight	F32	8960,1536	409430296	identity_bytes	denoiser.blocks.10.ffn.0.weight	F32	8960,1536	denoiser	weight
denoiser	blocks.10.ffn.2.bias	F32	1536	464480536	identity_bytes	denoiser.blocks.10.ffn.2.bias	F32	1536	denoiser	weight
denoiser	blocks.10.ffn.2.weight	F32	1536,8960	464486680	identity_bytes	denoiser.blocks.10.ffn.2.weight	F32	1536,8960	denoiser	weight
denoiser	blocks.10.modulation	F32	1,6,1536	519536920	identity_bytes	denoiser.blocks.10.modulation	F32	1,6,1536	denoiser	weight
denoiser	blocks.10.norm3.bias	F32	1536	519573784	identity_bytes	denoiser.blocks.10.norm3.bias	F32	1536	denoiser	weight
denoiser	blocks.10.norm3.weight	F32	1536	519579928	identity_bytes	denoiser.blocks.10.norm3.weight	F32	1536	denoiser	weight
denoiser	blocks.10.self_attn.k.bias	F32	1536	519586072	identity_bytes	denoiser.blocks.10.self_attn.k.bias	F32	1536	denoiser	weight
denoiser	blocks.10.self_attn.k.weight	F32	1536,1536	519592216	identity_bytes	denoiser.blocks.10.self_attn.k.weight	F32	1536,1536	denoiser	weight
denoiser	blocks.10.self_attn.norm_k.weight	F32	1536	529029400	identity_bytes	denoiser.blocks.10.self_attn.norm_k.weight	F32	1536	denoiser	weight
denoiser	blocks.10.self_attn.norm_q.weight	F32	1536	529035544	identity_bytes	denoiser.blocks.10.self_attn.norm_q.weight	F32	1536	denoiser	weight
denoiser	blocks.10.self_attn.o.bias	F32	1536	529041688	identity_bytes	denoiser.blocks.10.self_attn.o.bias	F32	1536	denoiser	weight
denoiser	blocks.10.self_attn.o.weight	F32	1536,1536	529047832	identity_bytes	denoiser.blocks.10.self_attn.o.weight	F32	1536,1536	denoiser	weight
denoiser	blocks.10.self_attn.q.bias	F32	1536	538485016	identity_bytes	denoiser.blocks.10.self_attn.q.bias	F32	1536	denoiser	weight
denoiser	blocks.10.self_attn.q.weight	F32	1536,1536	538491160	identity_bytes	denoiser.blocks.10.self_attn.q.weight	F32	1536,1536	denoiser	weight
denoiser	blocks.10.self_attn.v.bias	F32	1536	547928344	identity_bytes	denoiser.blocks.10.self_attn.v.bias	F32	1536	denoiser	weight
denoiser	blocks.10.self_attn.v.weight	F32	1536,1536	547934488	identity_bytes	denoiser.blocks.10.self_attn.v.weight	F32	1536,1536	denoiser	weight
denoiser	blocks.11.cross_attn.k.bias	F32	1536	557371672	identity_bytes	denoiser.blocks.11.cross_attn.k.bias	F32	1536	denoiser	weight
denoiser	blocks.11.cross_attn.k.weight	F32	1536,1536	557377816	identity_bytes	denoiser.blocks.11.cross_attn.k.weight	F32	1536,1536	denoiser	weight
denoiser	blocks.11.cross_attn.norm_k.weight	F32	1536	566815000	identity_bytes	denoiser.blocks.11.cross_attn.norm_k.weight	F32	1536	denoiser	weight
denoiser	blocks.11.cross_attn.norm_q.weight	F32	1536	566821144	identity_bytes	denoiser.blocks.11.cross_attn.norm_q.weight	F32	1536	denoiser	weight
denoiser	blocks.11.cross_attn.o.bias	F32	1536	566827288	identity_bytes	denoiser.blocks.11.cross_attn.o.bias	F32	1536	denoiser	weight
denoiser	blocks.11.cross_attn.o.weight	F32	1536,1536	566833432	identity_bytes	denoiser.blocks.11.cross_attn.o.weight	F32	1536,1536	denoiser	weight
denoiser	blocks.11.cross_attn.q.bias	F32	1536	576270616	identity_bytes	denoiser.blocks.11.cross_attn.q.bias	F32	1536	denoiser	weight
denoiser	blocks.11.cross_attn.q.weight	F32	1536,1536	576276760	identity_bytes	denoiser.blocks.11.cross_attn.q.weight	F32	1536,1536	denoiser	weight
denoiser	blocks.11.cross_attn.v.bias	F32	1536	585713944	identity_bytes	denoiser.blocks.11.cross_attn.v.bias	F32	1536	denoiser	weight
denoiser	blocks.11.cross_attn.v.weight	F32	1536,1536	585720088	identity_bytes	denoiser.blocks.11.cross_attn.v.weight	F32	1536,1536	denoiser	weight
denoiser	blocks.11.ffn.0.bias	F32	8960	595157272	identity_bytes	denoiser.blocks.11.ffn.0.bias	F32	8960	denoiser	weight
denoiser	blocks.11.ffn.0.weight	F32	8960,1536	595193112	identity_bytes	denoiser.blocks.11.ffn.0.weight	F32	8960,1536	denoiser	weight
denoiser	blocks.11.ffn.2.bias	F32	1536	650243352	identity_bytes	denoiser.blocks.11.ffn.2.bias	F32	1536	denoiser	weight
denoiser	blocks.11.ffn.2.weight	F32	1536,8960	650249496	identity_bytes	denoiser.blocks.11.ffn.2.weight	F32	1536,8960	denoiser	weight
denoiser	blocks.11.modulation	F32	1,6,1536	705299736	identity_bytes	denoiser.blocks.11.modulation	F32	1,6,1536	denoiser	weight
denoiser	blocks.11.norm3.bias	F32	1536	705336600	identity_bytes	denoiser.blocks.11.norm3.bias	F32	1536	denoiser	weight
denoiser	blocks.11.norm3.weight	F32	1536	705342744	identity_bytes	denoiser.blocks.11.norm3.weight	F32	1536	denoiser	weight
denoiser	blocks.11.self_attn.k.bias	F32	1536	705348888	identity_bytes	denoiser.blocks.11.self_attn.k.bias	F32	1536	denoiser	weight
denoiser	blocks.11.self_attn.k.weight	F32	1536,1536	705355032	identity_bytes	denoiser.blocks.11.self_attn.k.weight	F32	1536,1536	denoiser	weight
denoiser	blocks.11.self_attn.norm_k.weight	F32	1536	714792216	identity_bytes	denoiser.blocks.11.self_attn.norm_k.weight	F32	1536	denoiser	weight
denoiser	blocks.11.self_attn.norm_q.weight	F32	1536	714798360	identity_bytes	denoiser.blocks.11.self_attn.norm_q.weight	F32	1536	denoiser	weight
denoiser	blocks.11.self_attn.o.bias	F32	1536	714804504	identity_bytes	denoiser.blocks.11.self_attn.o.bias	F32	1536	denoiser	weight
denoiser	blocks.11.self_attn.o.weight	F32	1536,1536	714810648	identity_bytes	denoiser.blocks.11.self_attn.o.weight	F32	1536,1536	denoiser	weight
denoiser	blocks.11.self_attn.q.bias	F32	1536	724247832	identity_bytes	denoiser.blocks.11.self_attn.q.bias	F32	1536	denoiser	weight
denoiser	blocks.11.self_attn.q.weight	F32	1536,1536	724253976	identity_bytes	denoiser.blocks.11.self_attn.q.weight	F32	1536,1536	denoiser	weight
denoiser	blocks.11.self_attn.v.bias	F32	1536	733691160	identity_bytes	denoiser.blocks.11.self_attn.v.bias	F32	1536	denoiser	weight
denoiser	blocks.11.self_attn.v.weight	F32	1536,1536	733697304	identity_bytes	denoiser.blocks.11.self_attn.v.weight	F32	1536,1536	denoiser	weight
denoiser	blocks.12.cross_attn.k.bias	F32	1536	743134488	identity_bytes	denoiser.blocks.12.cross_attn.k.bias	F32	1536	denoiser	weight
denoiser	blocks.12.cross_attn.k.weight	F32	1536,1536	743140632	identity_bytes	denoiser.blocks.12.cross_attn.k.weight	F32	1536,1536	denoiser	weight
denoiser	blocks.12.cross_attn.norm_k.weight	F32	1536	752577816	identity_bytes	denoiser.blocks.12.cross_attn.norm_k.weight	F32	1536	denoiser	weight
denoiser	blocks.12.cross_attn.norm_q.weight	F32	1536	752583960	identity_bytes	denoiser.blocks.12.cross_attn.norm_q.weight	F32	1536	denoiser	weight
denoiser	blocks.12.cross_attn.o.bias	F32	1536	752590104	identity_bytes	denoiser.blocks.12.cross_attn.o.bias	F32	1536	denoiser	weight
denoiser	blocks.12.cross_attn.o.weight	F32	1536,1536	752596248	identity_bytes	denoiser.blocks.12.cross_attn.o.weight	F32	1536,1536	denoiser	weight
denoiser	blocks.12.cross_attn.q.bias	F32	1536	762033432	identity_bytes	denoiser.blocks.12.cross_attn.q.bias	F32	1536	denoiser	weight
denoiser	blocks.12.cross_attn.q.weight	F32	1536,1536	762039576	identity_bytes	denoiser.blocks.12.cross_attn.q.weight	F32	1536,1536	denoiser	weight
denoiser	blocks.12.cross_attn.v.bias	F32	1536	771476760	identity_bytes	denoiser.blocks.12.cross_attn.v.bias	F32	1536	denoiser	weight
denoiser	blocks.12.cross_attn.v.weight	F32	1536,1536	771482904	identity_bytes	denoiser.blocks.12.cross_attn.v.weight	F32	1536,1536	denoiser	weight
denoiser	blocks.12.ffn.0.bias	F32	8960	780920088	identity_bytes	denoiser.blocks.12.ffn.0.bias	F32	8960	denoiser	weight
denoiser	blocks.12.ffn.0.weight	F32	8960,1536	780955928	identity_bytes	denoiser.blocks.12.ffn.0.weight	F32	8960,1536	denoiser	weight
denoiser	blocks.12.ffn.2.bias	F32	1536	836006168	identity_bytes	denoiser.blocks.12.ffn.2.bias	F32	1536	denoiser	weight
denoiser	blocks.12.ffn.2.weight	F32	1536,8960	836012312	identity_bytes	denoiser.blocks.12.ffn.2.weight	F32	1536,8960	denoiser	weight
denoiser	blocks.12.modulation	F32	1,6,1536	891062552	identity_bytes	denoiser.blocks.12.modulation	F32	1,6,1536	denoiser	weight
denoiser	blocks.12.norm3.bias	F32	1536	891099416	identity_bytes	denoiser.blocks.12.norm3.bias	F32	1536	denoiser	weight
denoiser	blocks.12.norm3.weight	F32	1536	891105560	identity_bytes	denoiser.blocks.12.norm3.weight	F32	1536	denoiser	weight
denoiser	blocks.12.self_attn.k.bias	F32	1536	891111704	identity_bytes	denoiser.blocks.12.self_attn.k.bias	F32	1536	denoiser	weight
denoiser	blocks.12.self_attn.k.weight	F32	1536,1536	891117848	identity_bytes	denoiser.blocks.12.self_attn.k.weight	F32	1536,1536	denoiser	weight
denoiser	blocks.12.self_attn.norm_k.weight	F32	1536	900555032	identity_bytes	denoiser.blocks.12.self_attn.norm_k.weight	F32	1536	denoiser	weight
denoiser	blocks.12.self_attn.norm_q.weight	F32	1536	900561176	identity_bytes	denoiser.blocks.12.self_attn.norm_q.weight	F32	1536	denoiser	weight
denoiser	blocks.12.self_attn.o.bias	F32	1536	900567320	identity_bytes	denoiser.blocks.12.self_attn.o.bias	F32	1536	denoiser	weight
denoiser	blocks.12.self_attn.o.weight	F32	1536,1536	900573464	identity_bytes	denoiser.blocks.12.self_attn.o.weight	F32	1536,1536	denoiser	weight
denoiser	blocks.12.self_attn.q.bias	F32	1536	910010648	identity_bytes	denoiser.blocks.12.self_attn.q.bias	F32	1536	denoiser	weight
denoiser	blocks.12.self_attn.q.weight	F32	1536,1536	910016792	identity_bytes	denoiser.blocks.12.self_attn.q.weight	F32	1536,1536	denoiser	weight
denoiser	blocks.12.self_attn.v.bias	F32	1536	919453976	identity_bytes	denoiser.blocks.12.self_attn.v.bias	F32	1536	denoiser	weight
denoiser	blocks.12.self_attn.v.weight	F32	1536,1536	919460120	identity_bytes	denoiser.blocks.12.self_attn.v.weight	F32	1536,1536	denoiser	weight
denoiser	blocks.13.cross_attn.k.bias	F32	1536	928897304	identity_bytes	denoiser.blocks.13.cross_attn.k.bias	F32	1536	denoiser	weight
denoiser	blocks.13.cross_attn.k.weight	F32	1536,1536	928903448	identity_bytes	denoiser.blocks.13.cross_attn.k.weight	F32	1536,1536	denoiser	weight
denoiser	blocks.13.cross_attn.norm_k.weight	F32	1536	938340632	identity_bytes	denoiser.blocks.13.cross_attn.norm_k.weight	F32	1536	denoiser	weight
denoiser	blocks.13.cross_attn.norm_q.weight	F32	1536	938346776	identity_bytes	denoiser.blocks.13.cross_attn.norm_q.weight	F32	1536	denoiser	weight
denoiser	blocks.13.cross_attn.o.bias	F32	1536	938352920	identity_bytes	denoiser.blocks.13.cross_attn.o.bias	F32	1536	denoiser	weight
denoiser	blocks.13.cross_attn.o.weight	F32	1536,1536	938359064	identity_bytes	denoiser.blocks.13.cross_attn.o.weight	F32	1536,1536	denoiser	weight
denoiser	blocks.13.cross_attn.q.bias	F32	1536	947796248	identity_bytes	denoiser.blocks.13.cross_attn.q.bias	F32	1536	denoiser	weight
denoiser	blocks.13.cross_attn.q.weight	F32	1536,1536	947802392	identity_bytes	denoiser.blocks.13.cross_attn.q.weight	F32	1536,1536	denoiser	weight
denoiser	blocks.13.cross_attn.v.bias	F32	1536	957239576	identity_bytes	denoiser.blocks.13.cross_attn.v.bias	F32	1536	denoiser	weight
denoiser	blocks.13.cross_attn.v.weight	F32	1536,1536	957245720	identity_bytes	denoiser.blocks.13.cross_attn.v.weight	F32	1536,1536	denoiser	weight
denoiser	blocks.13.ffn.0.bias	F32	8960	966682904	identity_bytes	denoiser.blocks.13.ffn.0.bias	F32	8960	denoiser	weight
denoiser	blocks.13.ffn.0.weight	F32	8960,1536	966718744	identity_bytes	denoiser.blocks.13.ffn.0.weight	F32	8960,1536	denoiser	weight
denoiser	blocks.13.ffn.2.bias	F32	1536	1021768984	identity_bytes	denoiser.blocks.13.ffn.2.bias	F32	1536	denoiser	weight
denoiser	blocks.13.ffn.2.weight	F32	1536,8960	1021775128	identity_bytes	denoiser.blocks.13.ffn.2.weight	F32	1536,8960	denoiser	weight
denoiser	blocks.13.modulation	F32	1,6,1536	1076825368	identity_bytes	denoiser.blocks.13.modulation	F32	1,6,1536	denoiser	weight
denoiser	blocks.13.norm3.bias	F32	1536	1076862232	identity_bytes	denoiser.blocks.13.norm3.bias	F32	1536	denoiser	weight
denoiser	blocks.13.norm3.weight	F32	1536	1076868376	identity_bytes	denoiser.blocks.13.norm3.weight	F32	1536	denoiser	weight
denoiser	blocks.13.self_attn.k.bias	F32	1536	1076874520	identity_bytes	denoiser.blocks.13.self_attn.k.bias	F32	1536	denoiser	weight
denoiser	blocks.13.self_attn.k.weight	F32	1536,1536	1076880664	identity_bytes	denoiser.blocks.13.self_attn.k.weight	F32	1536,1536	denoiser	weight
denoiser	blocks.13.self_attn.norm_k.weight	F32	1536	1086317848	identity_bytes	denoiser.blocks.13.self_attn.norm_k.weight	F32	1536	denoiser	weight
denoiser	blocks.13.self_attn.norm_q.weight	F32	1536	1086323992	identity_bytes	denoiser.blocks.13.self_attn.norm_q.weight	F32	1536	denoiser	weight
denoiser	blocks.13.self_attn.o.bias	F32	1536	1086330136	identity_bytes	denoiser.blocks.13.self_attn.o.bias	F32	1536	denoiser	weight
denoiser	blocks.13.self_attn.o.weight	F32	1536,1536	1086336280	identity_bytes	denoiser.blocks.13.self_attn.o.weight	F32	1536,1536	denoiser	weight
denoiser	blocks.13.self_attn.q.bias	F32	1536	1095773464	identity_bytes	denoiser.blocks.13.self_attn.q.bias	F32	1536	denoiser	weight
denoiser	blocks.13.self_attn.q.weight	F32	1536,1536	1095779608	identity_bytes	denoiser.blocks.13.self_attn.q.weight	F32	1536,1536	denoiser	weight
denoiser	blocks.13.self_attn.v.bias	F32	1536	1105216792	identity_bytes	denoiser.blocks.13.self_attn.v.bias	F32	1536	denoiser	weight
denoiser	blocks.13.self_attn.v.weight	F32	1536,1536	1105222936	identity_bytes	denoiser.blocks.13.self_attn.v.weight	F32	1536,1536	denoiser	weight
denoiser	blocks.14.cross_attn.k.bias	F32	1536	1114660120	identity_bytes	denoiser.blocks.14.cross_attn.k.bias	F32	1536	denoiser	weight
denoiser	blocks.14.cross_attn.k.weight	F32	1536,1536	1114666264	identity_bytes	denoiser.blocks.14.cross_attn.k.weight	F32	1536,1536	denoiser	weight
denoiser	blocks.14.cross_attn.norm_k.weight	F32	1536	1124103448	identity_bytes	denoiser.blocks.14.cross_attn.norm_k.weight	F32	1536	denoiser	weight
denoiser	blocks.14.cross_attn.norm_q.weight	F32	1536	1124109592	identity_bytes	denoiser.blocks.14.cross_attn.norm_q.weight	F32	1536	denoiser	weight
denoiser	blocks.14.cross_attn.o.bias	F32	1536	1124115736	identity_bytes	denoiser.blocks.14.cross_attn.o.bias	F32	1536	denoiser	weight
denoiser	blocks.14.cross_attn.o.weight	F32	1536,1536	1124121880	identity_bytes	denoiser.blocks.14.cross_attn.o.weight	F32	1536,1536	denoiser	weight
denoiser	blocks.14.cross_attn.q.bias	F32	1536	1133559064	identity_bytes	denoiser.blocks.14.cross_attn.q.bias	F32	1536	denoiser	weight
denoiser	blocks.14.cross_attn.q.weight	F32	1536,1536	1133565208	identity_bytes	denoiser.blocks.14.cross_attn.q.weight	F32	1536,1536	denoiser	weight
denoiser	blocks.14.cross_attn.v.bias	F32	1536	1143002392	identity_bytes	denoiser.blocks.14.cross_attn.v.bias	F32	1536	denoiser	weight
denoiser	blocks.14.cross_attn.v.weight	F32	1536,1536	1143008536	identity_bytes	denoiser.blocks.14.cross_attn.v.weight	F32	1536,1536	denoiser	weight
denoiser	blocks.14.ffn.0.bias	F32	8960	1152445720	identity_bytes	denoiser.blocks.14.ffn.0.bias	F32	8960	denoiser	weight
denoiser	blocks.14.ffn.0.weight	F32	8960,1536	1152481560	identity_bytes	denoiser.blocks.14.ffn.0.weight	F32	8960,1536	denoiser	weight
denoiser	blocks.14.ffn.2.bias	F32	1536	1207531800	identity_bytes	denoiser.blocks.14.ffn.2.bias	F32	1536	denoiser	weight
denoiser	blocks.14.ffn.2.weight	F32	1536,8960	1207537944	identity_bytes	denoiser.blocks.14.ffn.2.weight	F32	1536,8960	denoiser	weight
denoiser	blocks.14.modulation	F32	1,6,1536	1262588184	identity_bytes	denoiser.blocks.14.modulation	F32	1,6,1536	denoiser	weight
denoiser	blocks.14.norm3.bias	F32	1536	1262625048	identity_bytes	denoiser.blocks.14.norm3.bias	F32	1536	denoiser	weight
denoiser	blocks.14.norm3.weight	F32	1536	1262631192	identity_bytes	denoiser.blocks.14.norm3.weight	F32	1536	denoiser	weight
denoiser	blocks.14.self_attn.k.bias	F32	1536	1262637336	identity_bytes	denoiser.blocks.14.self_attn.k.bias	F32	1536	denoiser	weight
denoiser	blocks.14.self_attn.k.weight	F32	1536,1536	1262643480	identity_bytes	denoiser.blocks.14.self_attn.k.weight	F32	1536,1536	denoiser	weight
denoiser	blocks.14.self_attn.norm_k.weight	F32	1536	1272080664	identity_bytes	denoiser.blocks.14.self_attn.norm_k.weight	F32	1536	denoiser	weight
denoiser	blocks.14.self_attn.norm_q.weight	F32	1536	1272086808	identity_bytes	denoiser.blocks.14.self_attn.norm_q.weight	F32	1536	denoiser	weight
denoiser	blocks.14.self_attn.o.bias	F32	1536	1272092952	identity_bytes	denoiser.blocks.14.self_attn.o.bias	F32	1536	denoiser	weight
denoiser	blocks.14.self_attn.o.weight	F32	1536,1536	1272099096	identity_bytes	denoiser.blocks.14.self_attn.o.weight	F32	1536,1536	denoiser	weight
denoiser	blocks.14.self_attn.q.bias	F32	1536	1281536280	identity_bytes	denoiser.blocks.14.self_attn.q.bias	F32	1536	denoiser	weight
denoiser	blocks.14.self_attn.q.weight	F32	1536,1536	1281542424	identity_bytes	denoiser.blocks.14.self_attn.q.weight	F32	1536,1536	denoiser	weight
denoiser	blocks.14.self_attn.v.bias	F32	1536	1290979608	identity_bytes	denoiser.blocks.14.self_attn.v.bias	F32	1536	denoiser	weight
denoiser	blocks.14.self_attn.v.weight	F32	1536,1536	1290985752	identity_bytes	denoiser.blocks.14.self_attn.v.weight	F32	1536,1536	denoiser	weight
denoiser	blocks.15.cross_attn.k.bias	F32	1536	1300422936	identity_bytes	denoiser.blocks.15.cross_attn.k.bias	F32	1536	denoiser	weight
denoiser	blocks.15.cross_attn.k.weight	F32	1536,1536	1300429080	identity_bytes	denoiser.blocks.15.cross_attn.k.weight	F32	1536,1536	denoiser	weight
denoiser	blocks.15.cross_attn.norm_k.weight	F32	1536	1309866264	identity_bytes	denoiser.blocks.15.cross_attn.norm_k.weight	F32	1536	denoiser	weight
denoiser	blocks.15.cross_attn.norm_q.weight	F32	1536	1309872408	identity_bytes	denoiser.blocks.15.cross_attn.norm_q.weight	F32	1536	denoiser	weight
denoiser	blocks.15.cross_attn.o.bias	F32	1536	1309878552	identity_bytes	denoiser.blocks.15.cross_attn.o.bias	F32	1536	denoiser	weight
denoiser	blocks.15.cross_attn.o.weight	F32	1536,1536	1309884696	identity_bytes	denoiser.blocks.15.cross_attn.o.weight	F32	1536,1536	denoiser	weight
denoiser	blocks.15.cross_attn.q.bias	F32	1536	1319321880	identity_bytes	denoiser.blocks.15.cross_attn.q.bias	F32	1536	denoiser	weight
denoiser	blocks.15.cross_attn.q.weight	F32	1536,1536	1319328024	identity_bytes	denoiser.blocks.15.cross_attn.q.weight	F32	1536,1536	denoiser	weight
denoiser	blocks.15.cross_attn.v.bias	F32	1536	1328765208	identity_bytes	denoiser.blocks.15.cross_attn.v.bias	F32	1536	denoiser	weight
denoiser	blocks.15.cross_attn.v.weight	F32	1536,1536	1328771352	identity_bytes	denoiser.blocks.15.cross_attn.v.weight	F32	1536,1536	denoiser	weight
denoiser	blocks.15.ffn.0.bias	F32	8960	1338208536	identity_bytes	denoiser.blocks.15.ffn.0.bias	F32	8960	denoiser	weight
denoiser	blocks.15.ffn.0.weight	F32	8960,1536	1338244376	identity_bytes	denoiser.blocks.15.ffn.0.weight	F32	8960,1536	denoiser	weight
denoiser	blocks.15.ffn.2.bias	F32	1536	1393294616	identity_bytes	denoiser.blocks.15.ffn.2.bias	F32	1536	denoiser	weight
denoiser	blocks.15.ffn.2.weight	F32	1536,8960	1393300760	identity_bytes	denoiser.blocks.15.ffn.2.weight	F32	1536,8960	denoiser	weight
denoiser	blocks.15.modulation	F32	1,6,1536	1448351000	identity_bytes	denoiser.blocks.15.modulation	F32	1,6,1536	denoiser	weight
denoiser	blocks.15.norm3.bias	F32	1536	1448387864	identity_bytes	denoiser.blocks.15.norm3.bias	F32	1536	denoiser	weight
denoiser	blocks.15.norm3.weight	F32	1536	1448394008	identity_bytes	denoiser.blocks.15.norm3.weight	F32	1536	denoiser	weight
denoiser	blocks.15.self_attn.k.bias	F32	1536	1448400152	identity_bytes	denoiser.blocks.15.self_attn.k.bias	F32	1536	denoiser	weight
denoiser	blocks.15.self_attn.k.weight	F32	1536,1536	1448406296	identity_bytes	denoiser.blocks.15.self_attn.k.weight	F32	1536,1536	denoiser	weight
denoiser	blocks.15.self_attn.norm_k.weight	F32	1536	1457843480	identity_bytes	denoiser.blocks.15.self_attn.norm_k.weight	F32	1536	denoiser	weight
denoiser	blocks.15.self_attn.norm_q.weight	F32	1536	1457849624	identity_bytes	denoiser.blocks.15.self_attn.norm_q.weight	F32	1536	denoiser	weight
denoiser	blocks.15.self_attn.o.bias	F32	1536	1457855768	identity_bytes	denoiser.blocks.15.self_attn.o.bias	F32	1536	denoiser	weight
denoiser	blocks.15.self_attn.o.weight	F32	1536,1536	1457861912	identity_bytes	denoiser.blocks.15.self_attn.o.weight	F32	1536,1536	denoiser	weight
denoiser	blocks.15.self_attn.q.bias	F32	1536	1467299096	identity_bytes	denoiser.blocks.15.self_attn.q.bias	F32	1536	denoiser	weight
denoiser	blocks.15.self_attn.q.weight	F32	1536,1536	1467305240	identity_bytes	denoiser.blocks.15.self_attn.q.weight	F32	1536,1536	denoiser	weight
denoiser	blocks.15.self_attn.v.bias	F32	1536	1476742424	identity_bytes	denoiser.blocks.15.self_attn.v.bias	F32	1536	denoiser	weight
denoiser	blocks.15.self_attn.v.weight	F32	1536,1536	1476748568	identity_bytes	denoiser.blocks.15.self_attn.v.weight	F32	1536,1536	denoiser	weight
denoiser	blocks.16.cross_attn.k.bias	F32	1536	1486185752	identity_bytes	denoiser.blocks.16.cross_attn.k.bias	F32	1536	denoiser	weight
denoiser	blocks.16.cross_attn.k.weight	F32	1536,1536	1486191896	identity_bytes	denoiser.blocks.16.cross_attn.k.weight	F32	1536,1536	denoiser	weight
denoiser	blocks.16.cross_attn.norm_k.weight	F32	1536	1495629080	identity_bytes	denoiser.blocks.16.cross_attn.norm_k.weight	F32	1536	denoiser	weight
denoiser	blocks.16.cross_attn.norm_q.weight	F32	1536	1495635224	identity_bytes	denoiser.blocks.16.cross_attn.norm_q.weight	F32	1536	denoiser	weight
denoiser	blocks.16.cross_attn.o.bias	F32	1536	1495641368	identity_bytes	denoiser.blocks.16.cross_attn.o.bias	F32	1536	denoiser	weight
denoiser	blocks.16.cross_attn.o.weight	F32	1536,1536	1495647512	identity_bytes	denoiser.blocks.16.cross_attn.o.weight	F32	1536,1536	denoiser	weight
denoiser	blocks.16.cross_attn.q.bias	F32	1536	1505084696	identity_bytes	denoiser.blocks.16.cross_attn.q.bias	F32	1536	denoiser	weight
denoiser	blocks.16.cross_attn.q.weight	F32	1536,1536	1505090840	identity_bytes	denoiser.blocks.16.cross_attn.q.weight	F32	1536,1536	denoiser	weight
denoiser	blocks.16.cross_attn.v.bias	F32	1536	1514528024	identity_bytes	denoiser.blocks.16.cross_attn.v.bias	F32	1536	denoiser	weight
denoiser	blocks.16.cross_attn.v.weight	F32	1536,1536	1514534168	identity_bytes	denoiser.blocks.16.cross_attn.v.weight	F32	1536,1536	denoiser	weight
denoiser	blocks.16.ffn.0.bias	F32	8960	1523971352	identity_bytes	denoiser.blocks.16.ffn.0.bias	F32	8960	denoiser	weight
denoiser	blocks.16.ffn.0.weight	F32	8960,1536	1524007192	identity_bytes	denoiser.blocks.16.ffn.0.weight	F32	8960,1536	denoiser	weight
denoiser	blocks.16.ffn.2.bias	F32	1536	1579057432	identity_bytes	denoiser.blocks.16.ffn.2.bias	F32	1536	denoiser	weight
denoiser	blocks.16.ffn.2.weight	F32	1536,8960	1579063576	identity_bytes	denoiser.blocks.16.ffn.2.weight	F32	1536,8960	denoiser	weight
denoiser	blocks.16.modulation	F32	1,6,1536	1634113816	identity_bytes	denoiser.blocks.16.modulation	F32	1,6,1536	denoiser	weight
denoiser	blocks.16.norm3.bias	F32	1536	1634150680	identity_bytes	denoiser.blocks.16.norm3.bias	F32	1536	denoiser	weight
denoiser	blocks.16.norm3.weight	F32	1536	1634156824	identity_bytes	denoiser.blocks.16.norm3.weight	F32	1536	denoiser	weight
denoiser	blocks.16.self_attn.k.bias	F32	1536	1634162968	identity_bytes	denoiser.blocks.16.self_attn.k.bias	F32	1536	denoiser	weight
denoiser	blocks.16.self_attn.k.weight	F32	1536,1536	1634169112	identity_bytes	denoiser.blocks.16.self_attn.k.weight	F32	1536,1536	denoiser	weight
denoiser	blocks.16.self_attn.norm_k.weight	F32	1536	1643606296	identity_bytes	denoiser.blocks.16.self_attn.norm_k.weight	F32	1536	denoiser	weight
denoiser	blocks.16.self_attn.norm_q.weight	F32	1536	1643612440	identity_bytes	denoiser.blocks.16.self_attn.norm_q.weight	F32	1536	denoiser	weight
denoiser	blocks.16.self_attn.o.bias	F32	1536	1643618584	identity_bytes	denoiser.blocks.16.self_attn.o.bias	F32	1536	denoiser	weight
denoiser	blocks.16.self_attn.o.weight	F32	1536,1536	1643624728	identity_bytes	denoiser.blocks.16.self_attn.o.weight	F32	1536,1536	denoiser	weight
denoiser	blocks.16.self_attn.q.bias	F32	1536	1653061912	identity_bytes	denoiser.blocks.16.self_attn.q.bias	F32	1536	denoiser	weight
denoiser	blocks.16.self_attn.q.weight	F32	1536,1536	1653068056	identity_bytes	denoiser.blocks.16.self_attn.q.weight	F32	1536,1536	denoiser	weight
denoiser	blocks.16.self_attn.v.bias	F32	1536	1662505240	identity_bytes	denoiser.blocks.16.self_attn.v.bias	F32	1536	denoiser	weight
denoiser	blocks.16.self_attn.v.weight	F32	1536,1536	1662511384	identity_bytes	denoiser.blocks.16.self_attn.v.weight	F32	1536,1536	denoiser	weight
denoiser	blocks.17.cross_attn.k.bias	F32	1536	1671948568	identity_bytes	denoiser.blocks.17.cross_attn.k.bias	F32	1536	denoiser	weight
denoiser	blocks.17.cross_attn.k.weight	F32	1536,1536	1671954712	identity_bytes	denoiser.blocks.17.cross_attn.k.weight	F32	1536,1536	denoiser	weight
denoiser	blocks.17.cross_attn.norm_k.weight	F32	1536	1681391896	identity_bytes	denoiser.blocks.17.cross_attn.norm_k.weight	F32	1536	denoiser	weight
denoiser	blocks.17.cross_attn.norm_q.weight	F32	1536	1681398040	identity_bytes	denoiser.blocks.17.cross_attn.norm_q.weight	F32	1536	denoiser	weight
denoiser	blocks.17.cross_attn.o.bias	F32	1536	1681404184	identity_bytes	denoiser.blocks.17.cross_attn.o.bias	F32	1536	denoiser	weight
denoiser	blocks.17.cross_attn.o.weight	F32	1536,1536	1681410328	identity_bytes	denoiser.blocks.17.cross_attn.o.weight	F32	1536,1536	denoiser	weight
denoiser	blocks.17.cross_attn.q.bias	F32	1536	1690847512	identity_bytes	denoiser.blocks.17.cross_attn.q.bias	F32	1536	denoiser	weight
denoiser	blocks.17.cross_attn.q.weight	F32	1536,1536	1690853656	identity_bytes	denoiser.blocks.17.cross_attn.q.weight	F32	1536,1536	denoiser	weight
denoiser	blocks.17.cross_attn.v.bias	F32	1536	1700290840	identity_bytes	denoiser.blocks.17.cross_attn.v.bias	F32	1536	denoiser	weight
denoiser	blocks.17.cross_attn.v.weight	F32	1536,1536	1700296984	identity_bytes	denoiser.blocks.17.cross_attn.v.weight	F32	1536,1536	denoiser	weight
denoiser	blocks.17.ffn.0.bias	F32	8960	1709734168	identity_bytes	denoiser.blocks.17.ffn.0.bias	F32	8960	denoiser	weight
denoiser	blocks.17.ffn.0.weight	F32	8960,1536	1709770008	identity_bytes	denoiser.blocks.17.ffn.0.weight	F32	8960,1536	denoiser	weight
denoiser	blocks.17.ffn.2.bias	F32	1536	1764820248	identity_bytes	denoiser.blocks.17.ffn.2.bias	F32	1536	denoiser	weight
denoiser	blocks.17.ffn.2.weight	F32	1536,8960	1764826392	identity_bytes	denoiser.blocks.17.ffn.2.weight	F32	1536,8960	denoiser	weight
denoiser	blocks.17.modulation	F32	1,6,1536	1819876632	identity_bytes	denoiser.blocks.17.modulation	F32	1,6,1536	denoiser	weight
denoiser	blocks.17.norm3.bias	F32	1536	1819913496	identity_bytes	denoiser.blocks.17.norm3.bias	F32	1536	denoiser	weight
denoiser	blocks.17.norm3.weight	F32	1536	1819919640	identity_bytes	denoiser.blocks.17.norm3.weight	F32	1536	denoiser	weight
denoiser	blocks.17.self_attn.k.bias	F32	1536	1819925784	identity_bytes	denoiser.blocks.17.self_attn.k.bias	F32	1536	denoiser	weight
denoiser	blocks.17.self_attn.k.weight	F32	1536,1536	1819931928	identity_bytes	denoiser.blocks.17.self_attn.k.weight	F32	1536,1536	denoiser	weight
denoiser	blocks.17.self_attn.norm_k.weight	F32	1536	1829369112	identity_bytes	denoiser.blocks.17.self_attn.norm_k.weight	F32	1536	denoiser	weight
denoiser	blocks.17.self_attn.norm_q.weight	F32	1536	1829375256	identity_bytes	denoiser.blocks.17.self_attn.norm_q.weight	F32	1536	denoiser	weight
denoiser	blocks.17.self_attn.o.bias	F32	1536	1829381400	identity_bytes	denoiser.blocks.17.self_attn.o.bias	F32	1536	denoiser	weight
denoiser	blocks.17.self_attn.o.weight	F32	1536,1536	1829387544	identity_bytes	denoiser.blocks.17.self_attn.o.weight	F32	1536,1536	denoiser	weight
denoiser	blocks.17.self_attn.q.bias	F32	1536	1838824728	identity_bytes	denoiser.blocks.17.self_attn.q.bias	F32	1536	denoiser	weight
denoiser	blocks.17.self_attn.q.weight	F32	1536,1536	1838830872	identity_bytes	denoiser.blocks.17.self_attn.q.weight	F32	1536,1536	denoiser	weight
denoiser	blocks.17.self_attn.v.bias	F32	1536	1848268056	identity_bytes	denoiser.blocks.17.self_attn.v.bias	F32	1536	denoiser	weight
denoiser	blocks.17.self_attn.v.weight	F32	1536,1536	1848274200	identity_bytes	denoiser.blocks.17.self_attn.v.weight	F32	1536,1536	denoiser	weight
denoiser	blocks.18.cross_attn.k.bias	F32	1536	1857711384	identity_bytes	denoiser.blocks.18.cross_attn.k.bias	F32	1536	denoiser	weight
denoiser	blocks.18.cross_attn.k.weight	F32	1536,1536	1857717528	identity_bytes	denoiser.blocks.18.cross_attn.k.weight	F32	1536,1536	denoiser	weight
denoiser	blocks.18.cross_attn.norm_k.weight	F32	1536	1867154712	identity_bytes	denoiser.blocks.18.cross_attn.norm_k.weight	F32	1536	denoiser	weight
denoiser	blocks.18.cross_attn.norm_q.weight	F32	1536	1867160856	identity_bytes	denoiser.blocks.18.cross_attn.norm_q.weight	F32	1536	denoiser	weight
denoiser	blocks.18.cross_attn.o.bias	F32	1536	1867167000	identity_bytes	denoiser.blocks.18.cross_attn.o.bias	F32	1536	denoiser	weight
denoiser	blocks.18.cross_attn.o.weight	F32	1536,1536	1867173144	identity_bytes	denoiser.blocks.18.cross_attn.o.weight	F32	1536,1536	denoiser	weight
denoiser	blocks.18.cross_attn.q.bias	F32	1536	1876610328	identity_bytes	denoiser.blocks.18.cross_attn.q.bias	F32	1536	denoiser	weight
denoiser	blocks.18.cross_attn.q.weight	F32	1536,1536	1876616472	identity_bytes	denoiser.blocks.18.cross_attn.q.weight	F32	1536,1536	denoiser	weight
denoiser	blocks.18.cross_attn.v.bias	F32	1536	1886053656	identity_bytes	denoiser.blocks.18.cross_attn.v.bias	F32	1536	denoiser	weight
denoiser	blocks.18.cross_attn.v.weight	F32	1536,1536	1886059800	identity_bytes	denoiser.blocks.18.cross_attn.v.weight	F32	1536,1536	denoiser	weight
denoiser	blocks.18.ffn.0.bias	F32	8960	1895496984	identity_bytes	denoiser.blocks.18.ffn.0.bias	F32	8960	denoiser	weight
denoiser	blocks.18.ffn.0.weight	F32	8960,1536	1895532824	identity_bytes	denoiser.blocks.18.ffn.0.weight	F32	8960,1536	denoiser	weight
denoiser	blocks.18.ffn.2.bias	F32	1536	1950583064	identity_bytes	denoiser.blocks.18.ffn.2.bias	F32	1536	denoiser	weight
denoiser	blocks.18.ffn.2.weight	F32	1536,8960	1950589208	identity_bytes	denoiser.blocks.18.ffn.2.weight	F32	1536,8960	denoiser	weight
denoiser	blocks.18.modulation	F32	1,6,1536	2005639448	identity_bytes	denoiser.blocks.18.modulation	F32	1,6,1536	denoiser	weight
denoiser	blocks.18.norm3.bias	F32	1536	2005676312	identity_bytes	denoiser.blocks.18.norm3.bias	F32	1536	denoiser	weight
denoiser	blocks.18.norm3.weight	F32	1536	2005682456	identity_bytes	denoiser.blocks.18.norm3.weight	F32	1536	denoiser	weight
denoiser	blocks.18.self_attn.k.bias	F32	1536	2005688600	identity_bytes	denoiser.blocks.18.self_attn.k.bias	F32	1536	denoiser	weight
denoiser	blocks.18.self_attn.k.weight	F32	1536,1536	2005694744	identity_bytes	denoiser.blocks.18.self_attn.k.weight	F32	1536,1536	denoiser	weight
denoiser	blocks.18.self_attn.norm_k.weight	F32	1536	2015131928	identity_bytes	denoiser.blocks.18.self_attn.norm_k.weight	F32	1536	denoiser	weight
denoiser	blocks.18.self_attn.norm_q.weight	F32	1536	2015138072	identity_bytes	denoiser.blocks.18.self_attn.norm_q.weight	F32	1536	denoiser	weight
denoiser	blocks.18.self_attn.o.bias	F32	1536	2015144216	identity_bytes	denoiser.blocks.18.self_attn.o.bias	F32	1536	denoiser	weight
denoiser	blocks.18.self_attn.o.weight	F32	1536,1536	2015150360	identity_bytes	denoiser.blocks.18.self_attn.o.weight	F32	1536,1536	denoiser	weight
denoiser	blocks.18.self_attn.q.bias	F32	1536	2024587544	identity_bytes	denoiser.blocks.18.self_attn.q.bias	F32	1536	denoiser	weight
denoiser	blocks.18.self_attn.q.weight	F32	1536,1536	2024593688	identity_bytes	denoiser.blocks.18.self_attn.q.weight	F32	1536,1536	denoiser	weight
denoiser	blocks.18.self_attn.v.bias	F32	1536	2034030872	identity_bytes	denoiser.blocks.18.self_attn.v.bias	F32	1536	denoiser	weight
denoiser	blocks.18.self_attn.v.weight	F32	1536,1536	2034037016	identity_bytes	denoiser.blocks.18.self_attn.v.weight	F32	1536,1536	denoiser	weight
denoiser	blocks.19.cross_attn.k.bias	F32	1536	2043474200	identity_bytes	denoiser.blocks.19.cross_attn.k.bias	F32	1536	denoiser	weight
denoiser	blocks.19.cross_attn.k.weight	F32	1536,1536	2043480344	identity_bytes	denoiser.blocks.19.cross_attn.k.weight	F32	1536,1536	denoiser	weight
denoiser	blocks.19.cross_attn.norm_k.weight	F32	1536	2052917528	identity_bytes	denoiser.blocks.19.cross_attn.norm_k.weight	F32	1536	denoiser	weight
denoiser	blocks.19.cross_attn.norm_q.weight	F32	1536	2052923672	identity_bytes	denoiser.blocks.19.cross_attn.norm_q.weight	F32	1536	denoiser	weight
denoiser	blocks.19.cross_attn.o.bias	F32	1536	2052929816	identity_bytes	denoiser.blocks.19.cross_attn.o.bias	F32	1536	denoiser	weight
denoiser	blocks.19.cross_attn.o.weight	F32	1536,1536	2052935960	identity_bytes	denoiser.blocks.19.cross_attn.o.weight	F32	1536,1536	denoiser	weight
denoiser	blocks.19.cross_attn.q.bias	F32	1536	2062373144	identity_bytes	denoiser.blocks.19.cross_attn.q.bias	F32	1536	denoiser	weight
denoiser	blocks.19.cross_attn.q.weight	F32	1536,1536	2062379288	identity_bytes	denoiser.blocks.19.cross_attn.q.weight	F32	1536,1536	denoiser	weight
denoiser	blocks.19.cross_attn.v.bias	F32	1536	2071816472	identity_bytes	denoiser.blocks.19.cross_attn.v.bias	F32	1536	denoiser	weight
denoiser	blocks.19.cross_attn.v.weight	F32	1536,1536	2071822616	identity_bytes	denoiser.blocks.19.cross_attn.v.weight	F32	1536,1536	denoiser	weight
denoiser	blocks.19.ffn.0.bias	F32	8960	2081259800	identity_bytes	denoiser.blocks.19.ffn.0.bias	F32	8960	denoiser	weight
denoiser	blocks.19.ffn.0.weight	F32	8960,1536	2081295640	identity_bytes	denoiser.blocks.19.ffn.0.weight	F32	8960,1536	denoiser	weight
denoiser	blocks.19.ffn.2.bias	F32	1536	2136345880	identity_bytes	denoiser.blocks.19.ffn.2.bias	F32	1536	denoiser	weight
denoiser	blocks.19.ffn.2.weight	F32	1536,8960	2136352024	identity_bytes	denoiser.blocks.19.ffn.2.weight	F32	1536,8960	denoiser	weight
denoiser	blocks.19.modulation	F32	1,6,1536	2191402264	identity_bytes	denoiser.blocks.19.modulation	F32	1,6,1536	denoiser	weight
denoiser	blocks.19.norm3.bias	F32	1536	2191439128	identity_bytes	denoiser.blocks.19.norm3.bias	F32	1536	denoiser	weight
denoiser	blocks.19.norm3.weight	F32	1536	2191445272	identity_bytes	denoiser.blocks.19.norm3.weight	F32	1536	denoiser	weight
denoiser	blocks.19.self_attn.k.bias	F32	1536	2191451416	identity_bytes	denoiser.blocks.19.self_attn.k.bias	F32	1536	denoiser	weight
denoiser	blocks.19.self_attn.k.weight	F32	1536,1536	2191457560	identity_bytes	denoiser.blocks.19.self_attn.k.weight	F32	1536,1536	denoiser	weight
denoiser	blocks.19.self_attn.norm_k.weight	F32	1536	2200894744	identity_bytes	denoiser.blocks.19.self_attn.norm_k.weight	F32	1536	denoiser	weight
denoiser	blocks.19.self_attn.norm_q.weight	F32	1536	2200900888	identity_bytes	denoiser.blocks.19.self_attn.norm_q.weight	F32	1536	denoiser	weight
denoiser	blocks.19.self_attn.o.bias	F32	1536	2200907032	identity_bytes	denoiser.blocks.19.self_attn.o.bias	F32	1536	denoiser	weight
denoiser	blocks.19.self_attn.o.weight	F32	1536,1536	2200913176	identity_bytes	denoiser.blocks.19.self_attn.o.weight	F32	1536,1536	denoiser	weight
denoiser	blocks.19.self_attn.q.bias	F32	1536	2210350360	identity_bytes	denoiser.blocks.19.self_attn.q.bias	F32	1536	denoiser	weight
denoiser	blocks.19.self_attn.q.weight	F32	1536,1536	2210356504	identity_bytes	denoiser.blocks.19.self_attn.q.weight	F32	1536,1536	denoiser	weight
denoiser	blocks.19.self_attn.v.bias	F32	1536	2219793688	identity_bytes	denoiser.blocks.19.self_attn.v.bias	F32	1536	denoiser	weight
denoiser	blocks.19.self_attn.v.weight	F32	1536,1536	2219799832	identity_bytes	denoiser.blocks.19.self_attn.v.weight	F32	1536,1536	denoiser	weight
denoiser	blocks.2.cross_attn.k.bias	F32	1536	2229237016	identity_bytes	denoiser.blocks.2.cross_attn.k.bias	F32	1536	denoiser	weight
denoiser	blocks.2.cross_attn.k.weight	F32	1536,1536	2229243160	identity_bytes	denoiser.blocks.2.cross_attn.k.weight	F32	1536,1536	denoiser	weight
denoiser	blocks.2.cross_attn.norm_k.weight	F32	1536	2238680344	identity_bytes	denoiser.blocks.2.cross_attn.norm_k.weight	F32	1536	denoiser	weight
denoiser	blocks.2.cross_attn.norm_q.weight	F32	1536	2238686488	identity_bytes	denoiser.blocks.2.cross_attn.norm_q.weight	F32	1536	denoiser	weight
denoiser	blocks.2.cross_attn.o.bias	F32	1536	2238692632	identity_bytes	denoiser.blocks.2.cross_attn.o.bias	F32	1536	denoiser	weight
denoiser	blocks.2.cross_attn.o.weight	F32	1536,1536	2238698776	identity_bytes	denoiser.blocks.2.cross_attn.o.weight	F32	1536,1536	denoiser	weight
denoiser	blocks.2.cross_attn.q.bias	F32	1536	2248135960	identity_bytes	denoiser.blocks.2.cross_attn.q.bias	F32	1536	denoiser	weight
denoiser	blocks.2.cross_attn.q.weight	F32	1536,1536	2248142104	identity_bytes	denoiser.blocks.2.cross_attn.q.weight	F32	1536,1536	denoiser	weight
denoiser	blocks.2.cross_attn.v.bias	F32	1536	2257579288	identity_bytes	denoiser.blocks.2.cross_attn.v.bias	F32	1536	denoiser	weight
denoiser	blocks.2.cross_attn.v.weight	F32	1536,1536	2257585432	identity_bytes	denoiser.blocks.2.cross_attn.v.weight	F32	1536,1536	denoiser	weight
denoiser	blocks.2.ffn.0.bias	F32	8960	2267022616	identity_bytes	denoiser.blocks.2.ffn.0.bias	F32	8960	denoiser	weight
denoiser	blocks.2.ffn.0.weight	F32	8960,1536	2267058456	identity_bytes	denoiser.blocks.2.ffn.0.weight	F32	8960,1536	denoiser	weight
denoiser	blocks.2.ffn.2.bias	F32	1536	2322108696	identity_bytes	denoiser.blocks.2.ffn.2.bias	F32	1536	denoiser	weight
denoiser	blocks.2.ffn.2.weight	F32	1536,8960	2322114840	identity_bytes	denoiser.blocks.2.ffn.2.weight	F32	1536,8960	denoiser	weight
denoiser	blocks.2.modulation	F32	1,6,1536	2377165080	identity_bytes	denoiser.blocks.2.modulation	F32	1,6,1536	denoiser	weight
denoiser	blocks.2.norm3.bias	F32	1536	2377201944	identity_bytes	denoiser.blocks.2.norm3.bias	F32	1536	denoiser	weight
denoiser	blocks.2.norm3.weight	F32	1536	2377208088	identity_bytes	denoiser.blocks.2.norm3.weight	F32	1536	denoiser	weight
denoiser	blocks.2.self_attn.k.bias	F32	1536	2377214232	identity_bytes	denoiser.blocks.2.self_attn.k.bias	F32	1536	denoiser	weight
denoiser	blocks.2.self_attn.k.weight	F32	1536,1536	2377220376	identity_bytes	denoiser.blocks.2.self_attn.k.weight	F32	1536,1536	denoiser	weight
denoiser	blocks.2.self_attn.norm_k.weight	F32	1536	2386657560	identity_bytes	denoiser.blocks.2.self_attn.norm_k.weight	F32	1536	denoiser	weight
denoiser	blocks.2.self_attn.norm_q.weight	F32	1536	2386663704	identity_bytes	denoiser.blocks.2.self_attn.norm_q.weight	F32	1536	denoiser	weight
denoiser	blocks.2.self_attn.o.bias	F32	1536	2386669848	identity_bytes	denoiser.blocks.2.self_attn.o.bias	F32	1536	denoiser	weight
denoiser	blocks.2.self_attn.o.weight	F32	1536,1536	2386675992	identity_bytes	denoiser.blocks.2.self_attn.o.weight	F32	1536,1536	denoiser	weight
denoiser	blocks.2.self_attn.q.bias	F32	1536	2396113176	identity_bytes	denoiser.blocks.2.self_attn.q.bias	F32	1536	denoiser	weight
denoiser	blocks.2.self_attn.q.weight	F32	1536,1536	2396119320	identity_bytes	denoiser.blocks.2.self_attn.q.weight	F32	1536,1536	denoiser	weight
denoiser	blocks.2.self_attn.v.bias	F32	1536	2405556504	identity_bytes	denoiser.blocks.2.self_attn.v.bias	F32	1536	denoiser	weight
denoiser	blocks.2.self_attn.v.weight	F32	1536,1536	2405562648	identity_bytes	denoiser.blocks.2.self_attn.v.weight	F32	1536,1536	denoiser	weight
denoiser	blocks.20.cross_attn.k.bias	F32	1536	2414999832	identity_bytes	denoiser.blocks.20.cross_attn.k.bias	F32	1536	denoiser	weight
denoiser	blocks.20.cross_attn.k.weight	F32	1536,1536	2415005976	identity_bytes	denoiser.blocks.20.cross_attn.k.weight	F32	1536,1536	denoiser	weight
denoiser	blocks.20.cross_attn.norm_k.weight	F32	1536	2424443160	identity_bytes	denoiser.blocks.20.cross_attn.norm_k.weight	F32	1536	denoiser	weight
denoiser	blocks.20.cross_attn.norm_q.weight	F32	1536	2424449304	identity_bytes	denoiser.blocks.20.cross_attn.norm_q.weight	F32	1536	denoiser	weight
denoiser	blocks.20.cross_attn.o.bias	F32	1536	2424455448	identity_bytes	denoiser.blocks.20.cross_attn.o.bias	F32	1536	denoiser	weight
denoiser	blocks.20.cross_attn.o.weight	F32	1536,1536	2424461592	identity_bytes	denoiser.blocks.20.cross_attn.o.weight	F32	1536,1536	denoiser	weight
denoiser	blocks.20.cross_attn.q.bias	F32	1536	2433898776	identity_bytes	denoiser.blocks.20.cross_attn.q.bias	F32	1536	denoiser	weight
denoiser	blocks.20.cross_attn.q.weight	F32	1536,1536	2433904920	identity_bytes	denoiser.blocks.20.cross_attn.q.weight	F32	1536,1536	denoiser	weight
denoiser	blocks.20.cross_attn.v.bias	F32	1536	2443342104	identity_bytes	denoiser.blocks.20.cross_attn.v.bias	F32	1536	denoiser	weight
denoiser	blocks.20.cross_attn.v.weight	F32	1536,1536	2443348248	identity_bytes	denoiser.blocks.20.cross_attn.v.weight	F32	1536,1536	denoiser	weight
denoiser	blocks.20.ffn.0.bias	F32	8960	2452785432	identity_bytes	denoiser.blocks.20.ffn.0.bias	F32	8960	denoiser	weight
denoiser	blocks.20.ffn.0.weight	F32	8960,1536	2452821272	identity_bytes	denoiser.blocks.20.ffn.0.weight	F32	8960,1536	denoiser	weight
denoiser	blocks.20.ffn.2.bias	F32	1536	2507871512	identity_bytes	denoiser.blocks.20.ffn.2.bias	F32	1536	denoiser	weight
denoiser	blocks.20.ffn.2.weight	F32	1536,8960	2507877656	identity_bytes	denoiser.blocks.20.ffn.2.weight	F32	1536,8960	denoiser	weight
denoiser	blocks.20.modulation	F32	1,6,1536	2562927896	identity_bytes	denoiser.blocks.20.modulation	F32	1,6,1536	denoiser	weight
denoiser	blocks.20.norm3.bias	F32	1536	2562964760	identity_bytes	denoiser.blocks.20.norm3.bias	F32	1536	denoiser	weight
denoiser	blocks.20.norm3.weight	F32	1536	2562970904	identity_bytes	denoiser.blocks.20.norm3.weight	F32	1536	denoiser	weight
denoiser	blocks.20.self_attn.k.bias	F32	1536	2562977048	identity_bytes	denoiser.blocks.20.self_attn.k.bias	F32	1536	denoiser	weight
denoiser	blocks.20.self_attn.k.weight	F32	1536,1536	2562983192	identity_bytes	denoiser.blocks.20.self_attn.k.weight	F32	1536,1536	denoiser	weight
denoiser	blocks.20.self_attn.norm_k.weight	F32	1536	2572420376	identity_bytes	denoiser.blocks.20.self_attn.norm_k.weight	F32	1536	denoiser	weight
denoiser	blocks.20.self_attn.norm_q.weight	F32	1536	2572426520	identity_bytes	denoiser.blocks.20.self_attn.norm_q.weight	F32	1536	denoiser	weight
denoiser	blocks.20.self_attn.o.bias	F32	1536	2572432664	identity_bytes	denoiser.blocks.20.self_attn.o.bias	F32	1536	denoiser	weight
denoiser	blocks.20.self_attn.o.weight	F32	1536,1536	2572438808	identity_bytes	denoiser.blocks.20.self_attn.o.weight	F32	1536,1536	denoiser	weight
denoiser	blocks.20.self_attn.q.bias	F32	1536	2581875992	identity_bytes	denoiser.blocks.20.self_attn.q.bias	F32	1536	denoiser	weight
denoiser	blocks.20.self_attn.q.weight	F32	1536,1536	2581882136	identity_bytes	denoiser.blocks.20.self_attn.q.weight	F32	1536,1536	denoiser	weight
denoiser	blocks.20.self_attn.v.bias	F32	1536	2591319320	identity_bytes	denoiser.blocks.20.self_attn.v.bias	F32	1536	denoiser	weight
denoiser	blocks.20.self_attn.v.weight	F32	1536,1536	2591325464	identity_bytes	denoiser.blocks.20.self_attn.v.weight	F32	1536,1536	denoiser	weight
denoiser	blocks.21.cross_attn.k.bias	F32	1536	2600762648	identity_bytes	denoiser.blocks.21.cross_attn.k.bias	F32	1536	denoiser	weight
denoiser	blocks.21.cross_attn.k.weight	F32	1536,1536	2600768792	identity_bytes	denoiser.blocks.21.cross_attn.k.weight	F32	1536,1536	denoiser	weight
denoiser	blocks.21.cross_attn.norm_k.weight	F32	1536	2610205976	identity_bytes	denoiser.blocks.21.cross_attn.norm_k.weight	F32	1536	denoiser	weight
denoiser	blocks.21.cross_attn.norm_q.weight	F32	1536	2610212120	identity_bytes	denoiser.blocks.21.cross_attn.norm_q.weight	F32	1536	denoiser	weight
denoiser	blocks.21.cross_attn.o.bias	F32	1536	2610218264	identity_bytes	denoiser.blocks.21.cross_attn.o.bias	F32	1536	denoiser	weight
denoiser	blocks.21.cross_attn.o.weight	F32	1536,1536	2610224408	identity_bytes	denoiser.blocks.21.cross_attn.o.weight	F32	1536,1536	denoiser	weight
denoiser	blocks.21.cross_attn.q.bias	F32	1536	2619661592	identity_bytes	denoiser.blocks.21.cross_attn.q.bias	F32	1536	denoiser	weight
denoiser	blocks.21.cross_attn.q.weight	F32	1536,1536	2619667736	identity_bytes	denoiser.blocks.21.cross_attn.q.weight	F32	1536,1536	denoiser	weight
denoiser	blocks.21.cross_attn.v.bias	F32	1536	2629104920	identity_bytes	denoiser.blocks.21.cross_attn.v.bias	F32	1536	denoiser	weight
denoiser	blocks.21.cross_attn.v.weight	F32	1536,1536	2629111064	identity_bytes	denoiser.blocks.21.cross_attn.v.weight	F32	1536,1536	denoiser	weight
denoiser	blocks.21.ffn.0.bias	F32	8960	2638548248	identity_bytes	denoiser.blocks.21.ffn.0.bias	F32	8960	denoiser	weight
denoiser	blocks.21.ffn.0.weight	F32	8960,1536	2638584088	identity_bytes	denoiser.blocks.21.ffn.0.weight	F32	8960,1536	denoiser	weight
denoiser	blocks.21.ffn.2.bias	F32	1536	2693634328	identity_bytes	denoiser.blocks.21.ffn.2.bias	F32	1536	denoiser	weight
denoiser	blocks.21.ffn.2.weight	F32	1536,8960	2693640472	identity_bytes	denoiser.blocks.21.ffn.2.weight	F32	1536,8960	denoiser	weight
denoiser	blocks.21.modulation	F32	1,6,1536	2748690712	identity_bytes	denoiser.blocks.21.modulation	F32	1,6,1536	denoiser	weight
denoiser	blocks.21.norm3.bias	F32	1536	2748727576	identity_bytes	denoiser.blocks.21.norm3.bias	F32	1536	denoiser	weight
denoiser	blocks.21.norm3.weight	F32	1536	2748733720	identity_bytes	denoiser.blocks.21.norm3.weight	F32	1536	denoiser	weight
denoiser	blocks.21.self_attn.k.bias	F32	1536	2748739864	identity_bytes	denoiser.blocks.21.self_attn.k.bias	F32	1536	denoiser	weight
denoiser	blocks.21.self_attn.k.weight	F32	1536,1536	2748746008	identity_bytes	denoiser.blocks.21.self_attn.k.weight	F32	1536,1536	denoiser	weight
denoiser	blocks.21.self_attn.norm_k.weight	F32	1536	2758183192	identity_bytes	denoiser.blocks.21.self_attn.norm_k.weight	F32	1536	denoiser	weight
denoiser	blocks.21.self_attn.norm_q.weight	F32	1536	2758189336	identity_bytes	denoiser.blocks.21.self_attn.norm_q.weight	F32	1536	denoiser	weight
denoiser	blocks.21.self_attn.o.bias	F32	1536	2758195480	identity_bytes	denoiser.blocks.21.self_attn.o.bias	F32	1536	denoiser	weight
denoiser	blocks.21.self_attn.o.weight	F32	1536,1536	2758201624	identity_bytes	denoiser.blocks.21.self_attn.o.weight	F32	1536,1536	denoiser	weight
denoiser	blocks.21.self_attn.q.bias	F32	1536	2767638808	identity_bytes	denoiser.blocks.21.self_attn.q.bias	F32	1536	denoiser	weight
denoiser	blocks.21.self_attn.q.weight	F32	1536,1536	2767644952	identity_bytes	denoiser.blocks.21.self_attn.q.weight	F32	1536,1536	denoiser	weight
denoiser	blocks.21.self_attn.v.bias	F32	1536	2777082136	identity_bytes	denoiser.blocks.21.self_attn.v.bias	F32	1536	denoiser	weight
denoiser	blocks.21.self_attn.v.weight	F32	1536,1536	2777088280	identity_bytes	denoiser.blocks.21.self_attn.v.weight	F32	1536,1536	denoiser	weight
denoiser	blocks.22.cross_attn.k.bias	F32	1536	2786525464	identity_bytes	denoiser.blocks.22.cross_attn.k.bias	F32	1536	denoiser	weight
denoiser	blocks.22.cross_attn.k.weight	F32	1536,1536	2786531608	identity_bytes	denoiser.blocks.22.cross_attn.k.weight	F32	1536,1536	denoiser	weight
denoiser	blocks.22.cross_attn.norm_k.weight	F32	1536	2795968792	identity_bytes	denoiser.blocks.22.cross_attn.norm_k.weight	F32	1536	denoiser	weight
denoiser	blocks.22.cross_attn.norm_q.weight	F32	1536	2795974936	identity_bytes	denoiser.blocks.22.cross_attn.norm_q.weight	F32	1536	denoiser	weight
denoiser	blocks.22.cross_attn.o.bias	F32	1536	2795981080	identity_bytes	denoiser.blocks.22.cross_attn.o.bias	F32	1536	denoiser	weight
denoiser	blocks.22.cross_attn.o.weight	F32	1536,1536	2795987224	identity_bytes	denoiser.blocks.22.cross_attn.o.weight	F32	1536,1536	denoiser	weight
denoiser	blocks.22.cross_attn.q.bias	F32	1536	2805424408	identity_bytes	denoiser.blocks.22.cross_attn.q.bias	F32	1536	denoiser	weight
denoiser	blocks.22.cross_attn.q.weight	F32	1536,1536	2805430552	identity_bytes	denoiser.blocks.22.cross_attn.q.weight	F32	1536,1536	denoiser	weight
denoiser	blocks.22.cross_attn.v.bias	F32	1536	2814867736	identity_bytes	denoiser.blocks.22.cross_attn.v.bias	F32	1536	denoiser	weight
denoiser	blocks.22.cross_attn.v.weight	F32	1536,1536	2814873880	identity_bytes	denoiser.blocks.22.cross_attn.v.weight	F32	1536,1536	denoiser	weight
denoiser	blocks.22.ffn.0.bias	F32	8960	2824311064	identity_bytes	denoiser.blocks.22.ffn.0.bias	F32	8960	denoiser	weight
denoiser	blocks.22.ffn.0.weight	F32	8960,1536	2824346904	identity_bytes	denoiser.blocks.22.ffn.0.weight	F32	8960,1536	denoiser	weight
denoiser	blocks.22.ffn.2.bias	F32	1536	2879397144	identity_bytes	denoiser.blocks.22.ffn.2.bias	F32	1536	denoiser	weight
denoiser	blocks.22.ffn.2.weight	F32	1536,8960	2879403288	identity_bytes	denoiser.blocks.22.ffn.2.weight	F32	1536,8960	denoiser	weight
denoiser	blocks.22.modulation	F32	1,6,1536	2934453528	identity_bytes	denoiser.blocks.22.modulation	F32	1,6,1536	denoiser	weight
denoiser	blocks.22.norm3.bias	F32	1536	2934490392	identity_bytes	denoiser.blocks.22.norm3.bias	F32	1536	denoiser	weight
denoiser	blocks.22.norm3.weight	F32	1536	2934496536	identity_bytes	denoiser.blocks.22.norm3.weight	F32	1536	denoiser	weight
denoiser	blocks.22.self_attn.k.bias	F32	1536	2934502680	identity_bytes	denoiser.blocks.22.self_attn.k.bias	F32	1536	denoiser	weight
denoiser	blocks.22.self_attn.k.weight	F32	1536,1536	2934508824	identity_bytes	denoiser.blocks.22.self_attn.k.weight	F32	1536,1536	denoiser	weight
denoiser	blocks.22.self_attn.norm_k.weight	F32	1536	2943946008	identity_bytes	denoiser.blocks.22.self_attn.norm_k.weight	F32	1536	denoiser	weight
denoiser	blocks.22.self_attn.norm_q.weight	F32	1536	2943952152	identity_bytes	denoiser.blocks.22.self_attn.norm_q.weight	F32	1536	denoiser	weight
denoiser	blocks.22.self_attn.o.bias	F32	1536	2943958296	identity_bytes	denoiser.blocks.22.self_attn.o.bias	F32	1536	denoiser	weight
denoiser	blocks.22.self_attn.o.weight	F32	1536,1536	2943964440	identity_bytes	denoiser.blocks.22.self_attn.o.weight	F32	1536,1536	denoiser	weight
denoiser	blocks.22.self_attn.q.bias	F32	1536	2953401624	identity_bytes	denoiser.blocks.22.self_attn.q.bias	F32	1536	denoiser	weight
denoiser	blocks.22.self_attn.q.weight	F32	1536,1536	2953407768	identity_bytes	denoiser.blocks.22.self_attn.q.weight	F32	1536,1536	denoiser	weight
denoiser	blocks.22.self_attn.v.bias	F32	1536	2962844952	identity_bytes	denoiser.blocks.22.self_attn.v.bias	F32	1536	denoiser	weight
denoiser	blocks.22.self_attn.v.weight	F32	1536,1536	2962851096	identity_bytes	denoiser.blocks.22.self_attn.v.weight	F32	1536,1536	denoiser	weight
denoiser	blocks.23.cross_attn.k.bias	F32	1536	2972288280	identity_bytes	denoiser.blocks.23.cross_attn.k.bias	F32	1536	denoiser	weight
denoiser	blocks.23.cross_attn.k.weight	F32	1536,1536	2972294424	identity_bytes	denoiser.blocks.23.cross_attn.k.weight	F32	1536,1536	denoiser	weight
denoiser	blocks.23.cross_attn.norm_k.weight	F32	1536	2981731608	identity_bytes	denoiser.blocks.23.cross_attn.norm_k.weight	F32	1536	denoiser	weight
denoiser	blocks.23.cross_attn.norm_q.weight	F32	1536	2981737752	identity_bytes	denoiser.blocks.23.cross_attn.norm_q.weight	F32	1536	denoiser	weight
denoiser	blocks.23.cross_attn.o.bias	F32	1536	2981743896	identity_bytes	denoiser.blocks.23.cross_attn.o.bias	F32	1536	denoiser	weight
denoiser	blocks.23.cross_attn.o.weight	F32	1536,1536	2981750040	identity_bytes	denoiser.blocks.23.cross_attn.o.weight	F32	1536,1536	denoiser	weight
denoiser	blocks.23.cross_attn.q.bias	F32	1536	2991187224	identity_bytes	denoiser.blocks.23.cross_attn.q.bias	F32	1536	denoiser	weight
denoiser	blocks.23.cross_attn.q.weight	F32	1536,1536	2991193368	identity_bytes	denoiser.blocks.23.cross_attn.q.weight	F32	1536,1536	denoiser	weight
denoiser	blocks.23.cross_attn.v.bias	F32	1536	3000630552	identity_bytes	denoiser.blocks.23.cross_attn.v.bias	F32	1536	denoiser	weight
denoiser	blocks.23.cross_attn.v.weight	F32	1536,1536	3000636696	identity_bytes	denoiser.blocks.23.cross_attn.v.weight	F32	1536,1536	denoiser	weight
denoiser	blocks.23.ffn.0.bias	F32	8960	3010073880	identity_bytes	denoiser.blocks.23.ffn.0.bias	F32	8960	denoiser	weight
denoiser	blocks.23.ffn.0.weight	F32	8960,1536	3010109720	identity_bytes	denoiser.blocks.23.ffn.0.weight	F32	8960,1536	denoiser	weight
denoiser	blocks.23.ffn.2.bias	F32	1536	3065159960	identity_bytes	denoiser.blocks.23.ffn.2.bias	F32	1536	denoiser	weight
denoiser	blocks.23.ffn.2.weight	F32	1536,8960	3065166104	identity_bytes	denoiser.blocks.23.ffn.2.weight	F32	1536,8960	denoiser	weight
denoiser	blocks.23.modulation	F32	1,6,1536	3120216344	identity_bytes	denoiser.blocks.23.modulation	F32	1,6,1536	denoiser	weight
denoiser	blocks.23.norm3.bias	F32	1536	3120253208	identity_bytes	denoiser.blocks.23.norm3.bias	F32	1536	denoiser	weight
denoiser	blocks.23.norm3.weight	F32	1536	3120259352	identity_bytes	denoiser.blocks.23.norm3.weight	F32	1536	denoiser	weight
denoiser	blocks.23.self_attn.k.bias	F32	1536	3120265496	identity_bytes	denoiser.blocks.23.self_attn.k.bias	F32	1536	denoiser	weight
denoiser	blocks.23.self_attn.k.weight	F32	1536,1536	3120271640	identity_bytes	denoiser.blocks.23.self_attn.k.weight	F32	1536,1536	denoiser	weight
denoiser	blocks.23.self_attn.norm_k.weight	F32	1536	3129708824	identity_bytes	denoiser.blocks.23.self_attn.norm_k.weight	F32	1536	denoiser	weight
denoiser	blocks.23.self_attn.norm_q.weight	F32	1536	3129714968	identity_bytes	denoiser.blocks.23.self_attn.norm_q.weight	F32	1536	denoiser	weight
denoiser	blocks.23.self_attn.o.bias	F32	1536	3129721112	identity_bytes	denoiser.blocks.23.self_attn.o.bias	F32	1536	denoiser	weight
denoiser	blocks.23.self_attn.o.weight	F32	1536,1536	3129727256	identity_bytes	denoiser.blocks.23.self_attn.o.weight	F32	1536,1536	denoiser	weight
denoiser	blocks.23.self_attn.q.bias	F32	1536	3139164440	identity_bytes	denoiser.blocks.23.self_attn.q.bias	F32	1536	denoiser	weight
denoiser	blocks.23.self_attn.q.weight	F32	1536,1536	3139170584	identity_bytes	denoiser.blocks.23.self_attn.q.weight	F32	1536,1536	denoiser	weight
denoiser	blocks.23.self_attn.v.bias	F32	1536	3148607768	identity_bytes	denoiser.blocks.23.self_attn.v.bias	F32	1536	denoiser	weight
denoiser	blocks.23.self_attn.v.weight	F32	1536,1536	3148613912	identity_bytes	denoiser.blocks.23.self_attn.v.weight	F32	1536,1536	denoiser	weight
denoiser	blocks.24.cross_attn.k.bias	F32	1536	3158051096	identity_bytes	denoiser.blocks.24.cross_attn.k.bias	F32	1536	denoiser	weight
denoiser	blocks.24.cross_attn.k.weight	F32	1536,1536	3158057240	identity_bytes	denoiser.blocks.24.cross_attn.k.weight	F32	1536,1536	denoiser	weight
denoiser	blocks.24.cross_attn.norm_k.weight	F32	1536	3167494424	identity_bytes	denoiser.blocks.24.cross_attn.norm_k.weight	F32	1536	denoiser	weight
denoiser	blocks.24.cross_attn.norm_q.weight	F32	1536	3167500568	identity_bytes	denoiser.blocks.24.cross_attn.norm_q.weight	F32	1536	denoiser	weight
denoiser	blocks.24.cross_attn.o.bias	F32	1536	3167506712	identity_bytes	denoiser.blocks.24.cross_attn.o.bias	F32	1536	denoiser	weight
denoiser	blocks.24.cross_attn.o.weight	F32	1536,1536	3167512856	identity_bytes	denoiser.blocks.24.cross_attn.o.weight	F32	1536,1536	denoiser	weight
denoiser	blocks.24.cross_attn.q.bias	F32	1536	3176950040	identity_bytes	denoiser.blocks.24.cross_attn.q.bias	F32	1536	denoiser	weight
denoiser	blocks.24.cross_attn.q.weight	F32	1536,1536	3176956184	identity_bytes	denoiser.blocks.24.cross_attn.q.weight	F32	1536,1536	denoiser	weight
denoiser	blocks.24.cross_attn.v.bias	F32	1536	3186393368	identity_bytes	denoiser.blocks.24.cross_attn.v.bias	F32	1536	denoiser	weight
denoiser	blocks.24.cross_attn.v.weight	F32	1536,1536	3186399512	identity_bytes	denoiser.blocks.24.cross_attn.v.weight	F32	1536,1536	denoiser	weight
denoiser	blocks.24.ffn.0.bias	F32	8960	3195836696	identity_bytes	denoiser.blocks.24.ffn.0.bias	F32	8960	denoiser	weight
denoiser	blocks.24.ffn.0.weight	F32	8960,1536	3195872536	identity_bytes	denoiser.blocks.24.ffn.0.weight	F32	8960,1536	denoiser	weight
denoiser	blocks.24.ffn.2.bias	F32	1536	3250922776	identity_bytes	denoiser.blocks.24.ffn.2.bias	F32	1536	denoiser	weight
denoiser	blocks.24.ffn.2.weight	F32	1536,8960	3250928920	identity_bytes	denoiser.blocks.24.ffn.2.weight	F32	1536,8960	denoiser	weight
denoiser	blocks.24.modulation	F32	1,6,1536	3305979160	identity_bytes	denoiser.blocks.24.modulation	F32	1,6,1536	denoiser	weight
denoiser	blocks.24.norm3.bias	F32	1536	3306016024	identity_bytes	denoiser.blocks.24.norm3.bias	F32	1536	denoiser	weight
denoiser	blocks.24.norm3.weight	F32	1536	3306022168	identity_bytes	denoiser.blocks.24.norm3.weight	F32	1536	denoiser	weight
denoiser	blocks.24.self_attn.k.bias	F32	1536	3306028312	identity_bytes	denoiser.blocks.24.self_attn.k.bias	F32	1536	denoiser	weight
denoiser	blocks.24.self_attn.k.weight	F32	1536,1536	3306034456	identity_bytes	denoiser.blocks.24.self_attn.k.weight	F32	1536,1536	denoiser	weight
denoiser	blocks.24.self_attn.norm_k.weight	F32	1536	3315471640	identity_bytes	denoiser.blocks.24.self_attn.norm_k.weight	F32	1536	denoiser	weight
denoiser	blocks.24.self_attn.norm_q.weight	F32	1536	3315477784	identity_bytes	denoiser.blocks.24.self_attn.norm_q.weight	F32	1536	denoiser	weight
denoiser	blocks.24.self_attn.o.bias	F32	1536	3315483928	identity_bytes	denoiser.blocks.24.self_attn.o.bias	F32	1536	denoiser	weight
denoiser	blocks.24.self_attn.o.weight	F32	1536,1536	3315490072	identity_bytes	denoiser.blocks.24.self_attn.o.weight	F32	1536,1536	denoiser	weight
denoiser	blocks.24.self_attn.q.bias	F32	1536	3324927256	identity_bytes	denoiser.blocks.24.self_attn.q.bias	F32	1536	denoiser	weight
denoiser	blocks.24.self_attn.q.weight	F32	1536,1536	3324933400	identity_bytes	denoiser.blocks.24.self_attn.q.weight	F32	1536,1536	denoiser	weight
denoiser	blocks.24.self_attn.v.bias	F32	1536	3334370584	identity_bytes	denoiser.blocks.24.self_attn.v.bias	F32	1536	denoiser	weight
denoiser	blocks.24.self_attn.v.weight	F32	1536,1536	3334376728	identity_bytes	denoiser.blocks.24.self_attn.v.weight	F32	1536,1536	denoiser	weight
denoiser	blocks.25.cross_attn.k.bias	F32	1536	3343813912	identity_bytes	denoiser.blocks.25.cross_attn.k.bias	F32	1536	denoiser	weight
denoiser	blocks.25.cross_attn.k.weight	F32	1536,1536	3343820056	identity_bytes	denoiser.blocks.25.cross_attn.k.weight	F32	1536,1536	denoiser	weight
denoiser	blocks.25.cross_attn.norm_k.weight	F32	1536	3353257240	identity_bytes	denoiser.blocks.25.cross_attn.norm_k.weight	F32	1536	denoiser	weight
denoiser	blocks.25.cross_attn.norm_q.weight	F32	1536	3353263384	identity_bytes	denoiser.blocks.25.cross_attn.norm_q.weight	F32	1536	denoiser	weight
denoiser	blocks.25.cross_attn.o.bias	F32	1536	3353269528	identity_bytes	denoiser.blocks.25.cross_attn.o.bias	F32	1536	denoiser	weight
denoiser	blocks.25.cross_attn.o.weight	F32	1536,1536	3353275672	identity_bytes	denoiser.blocks.25.cross_attn.o.weight	F32	1536,1536	denoiser	weight
denoiser	blocks.25.cross_attn.q.bias	F32	1536	3362712856	identity_bytes	denoiser.blocks.25.cross_attn.q.bias	F32	1536	denoiser	weight
denoiser	blocks.25.cross_attn.q.weight	F32	1536,1536	3362719000	identity_bytes	denoiser.blocks.25.cross_attn.q.weight	F32	1536,1536	denoiser	weight
denoiser	blocks.25.cross_attn.v.bias	F32	1536	3372156184	identity_bytes	denoiser.blocks.25.cross_attn.v.bias	F32	1536	denoiser	weight
denoiser	blocks.25.cross_attn.v.weight	F32	1536,1536	3372162328	identity_bytes	denoiser.blocks.25.cross_attn.v.weight	F32	1536,1536	denoiser	weight
denoiser	blocks.25.ffn.0.bias	F32	8960	3381599512	identity_bytes	denoiser.blocks.25.ffn.0.bias	F32	8960	denoiser	weight
denoiser	blocks.25.ffn.0.weight	F32	8960,1536	3381635352	identity_bytes	denoiser.blocks.25.ffn.0.weight	F32	8960,1536	denoiser	weight
denoiser	blocks.25.ffn.2.bias	F32	1536	3436685592	identity_bytes	denoiser.blocks.25.ffn.2.bias	F32	1536	denoiser	weight
denoiser	blocks.25.ffn.2.weight	F32	1536,8960	3436691736	identity_bytes	denoiser.blocks.25.ffn.2.weight	F32	1536,8960	denoiser	weight
denoiser	blocks.25.modulation	F32	1,6,1536	3491741976	identity_bytes	denoiser.blocks.25.modulation	F32	1,6,1536	denoiser	weight
denoiser	blocks.25.norm3.bias	F32	1536	3491778840	identity_bytes	denoiser.blocks.25.norm3.bias	F32	1536	denoiser	weight
denoiser	blocks.25.norm3.weight	F32	1536	3491784984	identity_bytes	denoiser.blocks.25.norm3.weight	F32	1536	denoiser	weight
denoiser	blocks.25.self_attn.k.bias	F32	1536	3491791128	identity_bytes	denoiser.blocks.25.self_attn.k.bias	F32	1536	denoiser	weight
denoiser	blocks.25.self_attn.k.weight	F32	1536,1536	3491797272	identity_bytes	denoiser.blocks.25.self_attn.k.weight	F32	1536,1536	denoiser	weight
denoiser	blocks.25.self_attn.norm_k.weight	F32	1536	3501234456	identity_bytes	denoiser.blocks.25.self_attn.norm_k.weight	F32	1536	denoiser	weight
denoiser	blocks.25.self_attn.norm_q.weight	F32	1536	3501240600	identity_bytes	denoiser.blocks.25.self_attn.norm_q.weight	F32	1536	denoiser	weight
denoiser	blocks.25.self_attn.o.bias	F32	1536	3501246744	identity_bytes	denoiser.blocks.25.self_attn.o.bias	F32	1536	denoiser	weight
denoiser	blocks.25.self_attn.o.weight	F32	1536,1536	3501252888	identity_bytes	denoiser.blocks.25.self_attn.o.weight	F32	1536,1536	denoiser	weight
denoiser	blocks.25.self_attn.q.bias	F32	1536	3510690072	identity_bytes	denoiser.blocks.25.self_attn.q.bias	F32	1536	denoiser	weight
denoiser	blocks.25.self_attn.q.weight	F32	1536,1536	3510696216	identity_bytes	denoiser.blocks.25.self_attn.q.weight	F32	1536,1536	denoiser	weight
denoiser	blocks.25.self_attn.v.bias	F32	1536	3520133400	identity_bytes	denoiser.blocks.25.self_attn.v.bias	F32	1536	denoiser	weight
denoiser	blocks.25.self_attn.v.weight	F32	1536,1536	3520139544	identity_bytes	denoiser.blocks.25.self_attn.v.weight	F32	1536,1536	denoiser	weight
denoiser	blocks.26.cross_attn.k.bias	F32	1536	3529576728	identity_bytes	denoiser.blocks.26.cross_attn.k.bias	F32	1536	denoiser	weight
denoiser	blocks.26.cross_attn.k.weight	F32	1536,1536	3529582872	identity_bytes	denoiser.blocks.26.cross_attn.k.weight	F32	1536,1536	denoiser	weight
denoiser	blocks.26.cross_attn.norm_k.weight	F32	1536	3539020056	identity_bytes	denoiser.blocks.26.cross_attn.norm_k.weight	F32	1536	denoiser	weight
denoiser	blocks.26.cross_attn.norm_q.weight	F32	1536	3539026200	identity_bytes	denoiser.blocks.26.cross_attn.norm_q.weight	F32	1536	denoiser	weight
denoiser	blocks.26.cross_attn.o.bias	F32	1536	3539032344	identity_bytes	denoiser.blocks.26.cross_attn.o.bias	F32	1536	denoiser	weight
denoiser	blocks.26.cross_attn.o.weight	F32	1536,1536	3539038488	identity_bytes	denoiser.blocks.26.cross_attn.o.weight	F32	1536,1536	denoiser	weight
denoiser	blocks.26.cross_attn.q.bias	F32	1536	3548475672	identity_bytes	denoiser.blocks.26.cross_attn.q.bias	F32	1536	denoiser	weight
denoiser	blocks.26.cross_attn.q.weight	F32	1536,1536	3548481816	identity_bytes	denoiser.blocks.26.cross_attn.q.weight	F32	1536,1536	denoiser	weight
denoiser	blocks.26.cross_attn.v.bias	F32	1536	3557919000	identity_bytes	denoiser.blocks.26.cross_attn.v.bias	F32	1536	denoiser	weight
denoiser	blocks.26.cross_attn.v.weight	F32	1536,1536	3557925144	identity_bytes	denoiser.blocks.26.cross_attn.v.weight	F32	1536,1536	denoiser	weight
denoiser	blocks.26.ffn.0.bias	F32	8960	3567362328	identity_bytes	denoiser.blocks.26.ffn.0.bias	F32	8960	denoiser	weight
denoiser	blocks.26.ffn.0.weight	F32	8960,1536	3567398168	identity_bytes	denoiser.blocks.26.ffn.0.weight	F32	8960,1536	denoiser	weight
denoiser	blocks.26.ffn.2.bias	F32	1536	3622448408	identity_bytes	denoiser.blocks.26.ffn.2.bias	F32	1536	denoiser	weight
denoiser	blocks.26.ffn.2.weight	F32	1536,8960	3622454552	identity_bytes	denoiser.blocks.26.ffn.2.weight	F32	1536,8960	denoiser	weight
denoiser	blocks.26.modulation	F32	1,6,1536	3677504792	identity_bytes	denoiser.blocks.26.modulation	F32	1,6,1536	denoiser	weight
denoiser	blocks.26.norm3.bias	F32	1536	3677541656	identity_bytes	denoiser.blocks.26.norm3.bias	F32	1536	denoiser	weight
denoiser	blocks.26.norm3.weight	F32	1536	3677547800	identity_bytes	denoiser.blocks.26.norm3.weight	F32	1536	denoiser	weight
denoiser	blocks.26.self_attn.k.bias	F32	1536	3677553944	identity_bytes	denoiser.blocks.26.self_attn.k.bias	F32	1536	denoiser	weight
denoiser	blocks.26.self_attn.k.weight	F32	1536,1536	3677560088	identity_bytes	denoiser.blocks.26.self_attn.k.weight	F32	1536,1536	denoiser	weight
denoiser	blocks.26.self_attn.norm_k.weight	F32	1536	3686997272	identity_bytes	denoiser.blocks.26.self_attn.norm_k.weight	F32	1536	denoiser	weight
denoiser	blocks.26.self_attn.norm_q.weight	F32	1536	3687003416	identity_bytes	denoiser.blocks.26.self_attn.norm_q.weight	F32	1536	denoiser	weight
denoiser	blocks.26.self_attn.o.bias	F32	1536	3687009560	identity_bytes	denoiser.blocks.26.self_attn.o.bias	F32	1536	denoiser	weight
denoiser	blocks.26.self_attn.o.weight	F32	1536,1536	3687015704	identity_bytes	denoiser.blocks.26.self_attn.o.weight	F32	1536,1536	denoiser	weight
denoiser	blocks.26.self_attn.q.bias	F32	1536	3696452888	identity_bytes	denoiser.blocks.26.self_attn.q.bias	F32	1536	denoiser	weight
denoiser	blocks.26.self_attn.q.weight	F32	1536,1536	3696459032	identity_bytes	denoiser.blocks.26.self_attn.q.weight	F32	1536,1536	denoiser	weight
denoiser	blocks.26.self_attn.v.bias	F32	1536	3705896216	identity_bytes	denoiser.blocks.26.self_attn.v.bias	F32	1536	denoiser	weight
denoiser	blocks.26.self_attn.v.weight	F32	1536,1536	3705902360	identity_bytes	denoiser.blocks.26.self_attn.v.weight	F32	1536,1536	denoiser	weight
denoiser	blocks.27.cross_attn.k.bias	F32	1536	3715339544	identity_bytes	denoiser.blocks.27.cross_attn.k.bias	F32	1536	denoiser	weight
denoiser	blocks.27.cross_attn.k.weight	F32	1536,1536	3715345688	identity_bytes	denoiser.blocks.27.cross_attn.k.weight	F32	1536,1536	denoiser	weight
denoiser	blocks.27.cross_attn.norm_k.weight	F32	1536	3724782872	identity_bytes	denoiser.blocks.27.cross_attn.norm_k.weight	F32	1536	denoiser	weight
denoiser	blocks.27.cross_attn.norm_q.weight	F32	1536	3724789016	identity_bytes	denoiser.blocks.27.cross_attn.norm_q.weight	F32	1536	denoiser	weight
denoiser	blocks.27.cross_attn.o.bias	F32	1536	3724795160	identity_bytes	denoiser.blocks.27.cross_attn.o.bias	F32	1536	denoiser	weight
denoiser	blocks.27.cross_attn.o.weight	F32	1536,1536	3724801304	identity_bytes	denoiser.blocks.27.cross_attn.o.weight	F32	1536,1536	denoiser	weight
denoiser	blocks.27.cross_attn.q.bias	F32	1536	3734238488	identity_bytes	denoiser.blocks.27.cross_attn.q.bias	F32	1536	denoiser	weight
denoiser	blocks.27.cross_attn.q.weight	F32	1536,1536	3734244632	identity_bytes	denoiser.blocks.27.cross_attn.q.weight	F32	1536,1536	denoiser	weight
denoiser	blocks.27.cross_attn.v.bias	F32	1536	3743681816	identity_bytes	denoiser.blocks.27.cross_attn.v.bias	F32	1536	denoiser	weight
denoiser	blocks.27.cross_attn.v.weight	F32	1536,1536	3743687960	identity_bytes	denoiser.blocks.27.cross_attn.v.weight	F32	1536,1536	denoiser	weight
denoiser	blocks.27.ffn.0.bias	F32	8960	3753125144	identity_bytes	denoiser.blocks.27.ffn.0.bias	F32	8960	denoiser	weight
denoiser	blocks.27.ffn.0.weight	F32	8960,1536	3753160984	identity_bytes	denoiser.blocks.27.ffn.0.weight	F32	8960,1536	denoiser	weight
denoiser	blocks.27.ffn.2.bias	F32	1536	3808211224	identity_bytes	denoiser.blocks.27.ffn.2.bias	F32	1536	denoiser	weight
denoiser	blocks.27.ffn.2.weight	F32	1536,8960	3808217368	identity_bytes	denoiser.blocks.27.ffn.2.weight	F32	1536,8960	denoiser	weight
denoiser	blocks.27.modulation	F32	1,6,1536	3863267608	identity_bytes	denoiser.blocks.27.modulation	F32	1,6,1536	denoiser	weight
denoiser	blocks.27.norm3.bias	F32	1536	3863304472	identity_bytes	denoiser.blocks.27.norm3.bias	F32	1536	denoiser	weight
denoiser	blocks.27.norm3.weight	F32	1536	3863310616	identity_bytes	denoiser.blocks.27.norm3.weight	F32	1536	denoiser	weight
denoiser	blocks.27.self_attn.k.bias	F32	1536	3863316760	identity_bytes	denoiser.blocks.27.self_attn.k.bias	F32	1536	denoiser	weight
denoiser	blocks.27.self_attn.k.weight	F32	1536,1536	3863322904	identity_bytes	denoiser.blocks.27.self_attn.k.weight	F32	1536,1536	denoiser	weight
denoiser	blocks.27.self_attn.norm_k.weight	F32	1536	3872760088	identity_bytes	denoiser.blocks.27.self_attn.norm_k.weight	F32	1536	denoiser	weight
denoiser	blocks.27.self_attn.norm_q.weight	F32	1536	3872766232	identity_bytes	denoiser.blocks.27.self_attn.norm_q.weight	F32	1536	denoiser	weight
denoiser	blocks.27.self_attn.o.bias	F32	1536	3872772376	identity_bytes	denoiser.blocks.27.self_attn.o.bias	F32	1536	denoiser	weight
denoiser	blocks.27.self_attn.o.weight	F32	1536,1536	3872778520	identity_bytes	denoiser.blocks.27.self_attn.o.weight	F32	1536,1536	denoiser	weight
denoiser	blocks.27.self_attn.q.bias	F32	1536	3882215704	identity_bytes	denoiser.blocks.27.self_attn.q.bias	F32	1536	denoiser	weight
denoiser	blocks.27.self_attn.q.weight	F32	1536,1536	3882221848	identity_bytes	denoiser.blocks.27.self_attn.q.weight	F32	1536,1536	denoiser	weight
denoiser	blocks.27.self_attn.v.bias	F32	1536	3891659032	identity_bytes	denoiser.blocks.27.self_attn.v.bias	F32	1536	denoiser	weight
denoiser	blocks.27.self_attn.v.weight	F32	1536,1536	3891665176	identity_bytes	denoiser.blocks.27.self_attn.v.weight	F32	1536,1536	denoiser	weight
denoiser	blocks.28.cross_attn.k.bias	F32	1536	3901102360	identity_bytes	denoiser.blocks.28.cross_attn.k.bias	F32	1536	denoiser	weight
denoiser	blocks.28.cross_attn.k.weight	F32	1536,1536	3901108504	identity_bytes	denoiser.blocks.28.cross_attn.k.weight	F32	1536,1536	denoiser	weight
denoiser	blocks.28.cross_attn.norm_k.weight	F32	1536	3910545688	identity_bytes	denoiser.blocks.28.cross_attn.norm_k.weight	F32	1536	denoiser	weight
denoiser	blocks.28.cross_attn.norm_q.weight	F32	1536	3910551832	identity_bytes	denoiser.blocks.28.cross_attn.norm_q.weight	F32	1536	denoiser	weight
denoiser	blocks.28.cross_attn.o.bias	F32	1536	3910557976	identity_bytes	denoiser.blocks.28.cross_attn.o.bias	F32	1536	denoiser	weight
denoiser	blocks.28.cross_attn.o.weight	F32	1536,1536	3910564120	identity_bytes	denoiser.blocks.28.cross_attn.o.weight	F32	1536,1536	denoiser	weight
denoiser	blocks.28.cross_attn.q.bias	F32	1536	3920001304	identity_bytes	denoiser.blocks.28.cross_attn.q.bias	F32	1536	denoiser	weight
denoiser	blocks.28.cross_attn.q.weight	F32	1536,1536	3920007448	identity_bytes	denoiser.blocks.28.cross_attn.q.weight	F32	1536,1536	denoiser	weight
denoiser	blocks.28.cross_attn.v.bias	F32	1536	3929444632	identity_bytes	denoiser.blocks.28.cross_attn.v.bias	F32	1536	denoiser	weight
denoiser	blocks.28.cross_attn.v.weight	F32	1536,1536	3929450776	identity_bytes	denoiser.blocks.28.cross_attn.v.weight	F32	1536,1536	denoiser	weight
denoiser	blocks.28.ffn.0.bias	F32	8960	3938887960	identity_bytes	denoiser.blocks.28.ffn.0.bias	F32	8960	denoiser	weight
denoiser	blocks.28.ffn.0.weight	F32	8960,1536	3938923800	identity_bytes	denoiser.blocks.28.ffn.0.weight	F32	8960,1536	denoiser	weight
denoiser	blocks.28.ffn.2.bias	F32	1536	3993974040	identity_bytes	denoiser.blocks.28.ffn.2.bias	F32	1536	denoiser	weight
denoiser	blocks.28.ffn.2.weight	F32	1536,8960	3993980184	identity_bytes	denoiser.blocks.28.ffn.2.weight	F32	1536,8960	denoiser	weight
denoiser	blocks.28.modulation	F32	1,6,1536	4049030424	identity_bytes	denoiser.blocks.28.modulation	F32	1,6,1536	denoiser	weight
denoiser	blocks.28.norm3.bias	F32	1536	4049067288	identity_bytes	denoiser.blocks.28.norm3.bias	F32	1536	denoiser	weight
denoiser	blocks.28.norm3.weight	F32	1536	4049073432	identity_bytes	denoiser.blocks.28.norm3.weight	F32	1536	denoiser	weight
denoiser	blocks.28.self_attn.k.bias	F32	1536	4049079576	identity_bytes	denoiser.blocks.28.self_attn.k.bias	F32	1536	denoiser	weight
denoiser	blocks.28.self_attn.k.weight	F32	1536,1536	4049085720	identity_bytes	denoiser.blocks.28.self_attn.k.weight	F32	1536,1536	denoiser	weight
denoiser	blocks.28.self_attn.norm_k.weight	F32	1536	4058522904	identity_bytes	denoiser.blocks.28.self_attn.norm_k.weight	F32	1536	denoiser	weight
denoiser	blocks.28.self_attn.norm_q.weight	F32	1536	4058529048	identity_bytes	denoiser.blocks.28.self_attn.norm_q.weight	F32	1536	denoiser	weight
denoiser	blocks.28.self_attn.o.bias	F32	1536	4058535192	identity_bytes	denoiser.blocks.28.self_attn.o.bias	F32	1536	denoiser	weight
denoiser	blocks.28.self_attn.o.weight	F32	1536,1536	4058541336	identity_bytes	denoiser.blocks.28.self_attn.o.weight	F32	1536,1536	denoiser	weight
denoiser	blocks.28.self_attn.q.bias	F32	1536	4067978520	identity_bytes	denoiser.blocks.28.self_attn.q.bias	F32	1536	denoiser	weight
denoiser	blocks.28.self_attn.q.weight	F32	1536,1536	4067984664	identity_bytes	denoiser.blocks.28.self_attn.q.weight	F32	1536,1536	denoiser	weight
denoiser	blocks.28.self_attn.v.bias	F32	1536	4077421848	identity_bytes	denoiser.blocks.28.self_attn.v.bias	F32	1536	denoiser	weight
denoiser	blocks.28.self_attn.v.weight	F32	1536,1536	4077427992	identity_bytes	denoiser.blocks.28.self_attn.v.weight	F32	1536,1536	denoiser	weight
denoiser	blocks.29.cross_attn.k.bias	F32	1536	4086865176	identity_bytes	denoiser.blocks.29.cross_attn.k.bias	F32	1536	denoiser	weight
denoiser	blocks.29.cross_attn.k.weight	F32	1536,1536	4086871320	identity_bytes	denoiser.blocks.29.cross_attn.k.weight	F32	1536,1536	denoiser	weight
denoiser	blocks.29.cross_attn.norm_k.weight	F32	1536	4096308504	identity_bytes	denoiser.blocks.29.cross_attn.norm_k.weight	F32	1536	denoiser	weight
denoiser	blocks.29.cross_attn.norm_q.weight	F32	1536	4096314648	identity_bytes	denoiser.blocks.29.cross_attn.norm_q.weight	F32	1536	denoiser	weight
denoiser	blocks.29.cross_attn.o.bias	F32	1536	4096320792	identity_bytes	denoiser.blocks.29.cross_attn.o.bias	F32	1536	denoiser	weight
denoiser	blocks.29.cross_attn.o.weight	F32	1536,1536	4096326936	identity_bytes	denoiser.blocks.29.cross_attn.o.weight	F32	1536,1536	denoiser	weight
denoiser	blocks.29.cross_attn.q.bias	F32	1536	4105764120	identity_bytes	denoiser.blocks.29.cross_attn.q.bias	F32	1536	denoiser	weight
denoiser	blocks.29.cross_attn.q.weight	F32	1536,1536	4105770264	identity_bytes	denoiser.blocks.29.cross_attn.q.weight	F32	1536,1536	denoiser	weight
denoiser	blocks.29.cross_attn.v.bias	F32	1536	4115207448	identity_bytes	denoiser.blocks.29.cross_attn.v.bias	F32	1536	denoiser	weight
denoiser	blocks.29.cross_attn.v.weight	F32	1536,1536	4115213592	identity_bytes	denoiser.blocks.29.cross_attn.v.weight	F32	1536,1536	denoiser	weight
denoiser	blocks.29.ffn.0.bias	F32	8960	4124650776	identity_bytes	denoiser.blocks.29.ffn.0.bias	F32	8960	denoiser	weight
denoiser	blocks.29.ffn.0.weight	F32	8960,1536	4124686616	identity_bytes	denoiser.blocks.29.ffn.0.weight	F32	8960,1536	denoiser	weight
denoiser	blocks.29.ffn.2.bias	F32	1536	4179736856	identity_bytes	denoiser.blocks.29.ffn.2.bias	F32	1536	denoiser	weight
denoiser	blocks.29.ffn.2.weight	F32	1536,8960	4179743000	identity_bytes	denoiser.blocks.29.ffn.2.weight	F32	1536,8960	denoiser	weight
denoiser	blocks.29.modulation	F32	1,6,1536	4234793240	identity_bytes	denoiser.blocks.29.modulation	F32	1,6,1536	denoiser	weight
denoiser	blocks.29.norm3.bias	F32	1536	4234830104	identity_bytes	denoiser.blocks.29.norm3.bias	F32	1536	denoiser	weight
denoiser	blocks.29.norm3.weight	F32	1536	4234836248	identity_bytes	denoiser.blocks.29.norm3.weight	F32	1536	denoiser	weight
denoiser	blocks.29.self_attn.k.bias	F32	1536	4234842392	identity_bytes	denoiser.blocks.29.self_attn.k.bias	F32	1536	denoiser	weight
denoiser	blocks.29.self_attn.k.weight	F32	1536,1536	4234848536	identity_bytes	denoiser.blocks.29.self_attn.k.weight	F32	1536,1536	denoiser	weight
denoiser	blocks.29.self_attn.norm_k.weight	F32	1536	4244285720	identity_bytes	denoiser.blocks.29.self_attn.norm_k.weight	F32	1536	denoiser	weight
denoiser	blocks.29.self_attn.norm_q.weight	F32	1536	4244291864	identity_bytes	denoiser.blocks.29.self_attn.norm_q.weight	F32	1536	denoiser	weight
denoiser	blocks.29.self_attn.o.bias	F32	1536	4244298008	identity_bytes	denoiser.blocks.29.self_attn.o.bias	F32	1536	denoiser	weight
denoiser	blocks.29.self_attn.o.weight	F32	1536,1536	4244304152	identity_bytes	denoiser.blocks.29.self_attn.o.weight	F32	1536,1536	denoiser	weight
denoiser	blocks.29.self_attn.q.bias	F32	1536	4253741336	identity_bytes	denoiser.blocks.29.self_attn.q.bias	F32	1536	denoiser	weight
denoiser	blocks.29.self_attn.q.weight	F32	1536,1536	4253747480	identity_bytes	denoiser.blocks.29.self_attn.q.weight	F32	1536,1536	denoiser	weight
denoiser	blocks.29.self_attn.v.bias	F32	1536	4263184664	identity_bytes	denoiser.blocks.29.self_attn.v.bias	F32	1536	denoiser	weight
denoiser	blocks.29.self_attn.v.weight	F32	1536,1536	4263190808	identity_bytes	denoiser.blocks.29.self_attn.v.weight	F32	1536,1536	denoiser	weight
denoiser	blocks.3.cross_attn.k.bias	F32	1536	4272627992	identity_bytes	denoiser.blocks.3.cross_attn.k.bias	F32	1536	denoiser	weight
denoiser	blocks.3.cross_attn.k.weight	F32	1536,1536	4272634136	identity_bytes	denoiser.blocks.3.cross_attn.k.weight	F32	1536,1536	denoiser	weight
denoiser	blocks.3.cross_attn.norm_k.weight	F32	1536	4282071320	identity_bytes	denoiser.blocks.3.cross_attn.norm_k.weight	F32	1536	denoiser	weight
denoiser	blocks.3.cross_attn.norm_q.weight	F32	1536	4282077464	identity_bytes	denoiser.blocks.3.cross_attn.norm_q.weight	F32	1536	denoiser	weight
denoiser	blocks.3.cross_attn.o.bias	F32	1536	4282083608	identity_bytes	denoiser.blocks.3.cross_attn.o.bias	F32	1536	denoiser	weight
denoiser	blocks.3.cross_attn.o.weight	F32	1536,1536	4282089752	identity_bytes	denoiser.blocks.3.cross_attn.o.weight	F32	1536,1536	denoiser	weight
denoiser	blocks.3.cross_attn.q.bias	F32	1536	4291526936	identity_bytes	denoiser.blocks.3.cross_attn.q.bias	F32	1536	denoiser	weight
denoiser	blocks.3.cross_attn.q.weight	F32	1536,1536	4291533080	identity_bytes	denoiser.blocks.3.cross_attn.q.weight	F32	1536,1536	denoiser	weight
denoiser	blocks.3.cross_attn.v.bias	F32	1536	4300970264	identity_bytes	denoiser.blocks.3.cross_attn.v.bias	F32	1536	denoiser	weight
denoiser	blocks.3.cross_attn.v.weight	F32	1536,1536	4300976408	identity_bytes	denoiser.blocks.3.cross_attn.v.weight	F32	1536,1536	denoiser	weight
denoiser	blocks.3.ffn.0.bias	F32	8960	4310413592	identity_bytes	denoiser.blocks.3.ffn.0.bias	F32	8960	denoiser	weight
denoiser	blocks.3.ffn.0.weight	F32	8960,1536	4310449432	identity_bytes	denoiser.blocks.3.ffn.0.weight	F32	8960,1536	denoiser	weight
denoiser	blocks.3.ffn.2.bias	F32	1536	4365499672	identity_bytes	denoiser.blocks.3.ffn.2.bias	F32	1536	denoiser	weight
denoiser	blocks.3.ffn.2.weight	F32	1536,8960	4365505816	identity_bytes	denoiser.blocks.3.ffn.2.weight	F32	1536,8960	denoiser	weight
denoiser	blocks.3.modulation	F32	1,6,1536	4420556056	identity_bytes	denoiser.blocks.3.modulation	F32	1,6,1536	denoiser	weight
denoiser	blocks.3.norm3.bias	F32	1536	4420592920	identity_bytes	denoiser.blocks.3.norm3.bias	F32	1536	denoiser	weight
denoiser	blocks.3.norm3.weight	F32	1536	4420599064	identity_bytes	denoiser.blocks.3.norm3.weight	F32	1536	denoiser	weight
denoiser	blocks.3.self_attn.k.bias	F32	1536	4420605208	identity_bytes	denoiser.blocks.3.self_attn.k.bias	F32	1536	denoiser	weight
denoiser	blocks.3.self_attn.k.weight	F32	1536,1536	4420611352	identity_bytes	denoiser.blocks.3.self_attn.k.weight	F32	1536,1536	denoiser	weight
denoiser	blocks.3.self_attn.norm_k.weight	F32	1536	4430048536	identity_bytes	denoiser.blocks.3.self_attn.norm_k.weight	F32	1536	denoiser	weight
denoiser	blocks.3.self_attn.norm_q.weight	F32	1536	4430054680	identity_bytes	denoiser.blocks.3.self_attn.norm_q.weight	F32	1536	denoiser	weight
denoiser	blocks.3.self_attn.o.bias	F32	1536	4430060824	identity_bytes	denoiser.blocks.3.self_attn.o.bias	F32	1536	denoiser	weight
denoiser	blocks.3.self_attn.o.weight	F32	1536,1536	4430066968	identity_bytes	denoiser.blocks.3.self_attn.o.weight	F32	1536,1536	denoiser	weight
denoiser	blocks.3.self_attn.q.bias	F32	1536	4439504152	identity_bytes	denoiser.blocks.3.self_attn.q.bias	F32	1536	denoiser	weight
denoiser	blocks.3.self_attn.q.weight	F32	1536,1536	4439510296	identity_bytes	denoiser.blocks.3.self_attn.q.weight	F32	1536,1536	denoiser	weight
denoiser	blocks.3.self_attn.v.bias	F32	1536	4448947480	identity_bytes	denoiser.blocks.3.self_attn.v.bias	F32	1536	denoiser	weight
denoiser	blocks.3.self_attn.v.weight	F32	1536,1536	4448953624	identity_bytes	denoiser.blocks.3.self_attn.v.weight	F32	1536,1536	denoiser	weight
denoiser	blocks.4.cross_attn.k.bias	F32	1536	4458390808	identity_bytes	denoiser.blocks.4.cross_attn.k.bias	F32	1536	denoiser	weight
denoiser	blocks.4.cross_attn.k.weight	F32	1536,1536	4458396952	identity_bytes	denoiser.blocks.4.cross_attn.k.weight	F32	1536,1536	denoiser	weight
denoiser	blocks.4.cross_attn.norm_k.weight	F32	1536	4467834136	identity_bytes	denoiser.blocks.4.cross_attn.norm_k.weight	F32	1536	denoiser	weight
denoiser	blocks.4.cross_attn.norm_q.weight	F32	1536	4467840280	identity_bytes	denoiser.blocks.4.cross_attn.norm_q.weight	F32	1536	denoiser	weight
denoiser	blocks.4.cross_attn.o.bias	F32	1536	4467846424	identity_bytes	denoiser.blocks.4.cross_attn.o.bias	F32	1536	denoiser	weight
denoiser	blocks.4.cross_attn.o.weight	F32	1536,1536	4467852568	identity_bytes	denoiser.blocks.4.cross_attn.o.weight	F32	1536,1536	denoiser	weight
denoiser	blocks.4.cross_attn.q.bias	F32	1536	4477289752	identity_bytes	denoiser.blocks.4.cross_attn.q.bias	F32	1536	denoiser	weight
denoiser	blocks.4.cross_attn.q.weight	F32	1536,1536	4477295896	identity_bytes	denoiser.blocks.4.cross_attn.q.weight	F32	1536,1536	denoiser	weight
denoiser	blocks.4.cross_attn.v.bias	F32	1536	4486733080	identity_bytes	denoiser.blocks.4.cross_attn.v.bias	F32	1536	denoiser	weight
denoiser	blocks.4.cross_attn.v.weight	F32	1536,1536	4486739224	identity_bytes	denoiser.blocks.4.cross_attn.v.weight	F32	1536,1536	denoiser	weight
denoiser	blocks.4.ffn.0.bias	F32	8960	4496176408	identity_bytes	denoiser.blocks.4.ffn.0.bias	F32	8960	denoiser	weight
denoiser	blocks.4.ffn.0.weight	F32	8960,1536	4496212248	identity_bytes	denoiser.blocks.4.ffn.0.weight	F32	8960,1536	denoiser	weight
denoiser	blocks.4.ffn.2.bias	F32	1536	4551262488	identity_bytes	denoiser.blocks.4.ffn.2.bias	F32	1536	denoiser	weight
denoiser	blocks.4.ffn.2.weight	F32	1536,8960	4551268632	identity_bytes	denoiser.blocks.4.ffn.2.weight	F32	1536,8960	denoiser	weight
denoiser	blocks.4.modulation	F32	1,6,1536	4606318872	identity_bytes	denoiser.blocks.4.modulation	F32	1,6,1536	denoiser	weight
denoiser	blocks.4.norm3.bias	F32	1536	4606355736	identity_bytes	denoiser.blocks.4.norm3.bias	F32	1536	denoiser	weight
denoiser	blocks.4.norm3.weight	F32	1536	4606361880	identity_bytes	denoiser.blocks.4.norm3.weight	F32	1536	denoiser	weight
denoiser	blocks.4.self_attn.k.bias	F32	1536	4606368024	identity_bytes	denoiser.blocks.4.self_attn.k.bias	F32	1536	denoiser	weight
denoiser	blocks.4.self_attn.k.weight	F32	1536,1536	4606374168	identity_bytes	denoiser.blocks.4.self_attn.k.weight	F32	1536,1536	denoiser	weight
denoiser	blocks.4.self_attn.norm_k.weight	F32	1536	4615811352	identity_bytes	denoiser.blocks.4.self_attn.norm_k.weight	F32	1536	denoiser	weight
denoiser	blocks.4.self_attn.norm_q.weight	F32	1536	4615817496	identity_bytes	denoiser.blocks.4.self_attn.norm_q.weight	F32	1536	denoiser	weight
denoiser	blocks.4.self_attn.o.bias	F32	1536	4615823640	identity_bytes	denoiser.blocks.4.self_attn.o.bias	F32	1536	denoiser	weight
denoiser	blocks.4.self_attn.o.weight	F32	1536,1536	4615829784	identity_bytes	denoiser.blocks.4.self_attn.o.weight	F32	1536,1536	denoiser	weight
denoiser	blocks.4.self_attn.q.bias	F32	1536	4625266968	identity_bytes	denoiser.blocks.4.self_attn.q.bias	F32	1536	denoiser	weight
denoiser	blocks.4.self_attn.q.weight	F32	1536,1536	4625273112	identity_bytes	denoiser.blocks.4.self_attn.q.weight	F32	1536,1536	denoiser	weight
denoiser	blocks.4.self_attn.v.bias	F32	1536	4634710296	identity_bytes	denoiser.blocks.4.self_attn.v.bias	F32	1536	denoiser	weight
denoiser	blocks.4.self_attn.v.weight	F32	1536,1536	4634716440	identity_bytes	denoiser.blocks.4.self_attn.v.weight	F32	1536,1536	denoiser	weight
denoiser	blocks.5.cross_attn.k.bias	F32	1536	4644153624	identity_bytes	denoiser.blocks.5.cross_attn.k.bias	F32	1536	denoiser	weight
denoiser	blocks.5.cross_attn.k.weight	F32	1536,1536	4644159768	identity_bytes	denoiser.blocks.5.cross_attn.k.weight	F32	1536,1536	denoiser	weight
denoiser	blocks.5.cross_attn.norm_k.weight	F32	1536	4653596952	identity_bytes	denoiser.blocks.5.cross_attn.norm_k.weight	F32	1536	denoiser	weight
denoiser	blocks.5.cross_attn.norm_q.weight	F32	1536	4653603096	identity_bytes	denoiser.blocks.5.cross_attn.norm_q.weight	F32	1536	denoiser	weight
denoiser	blocks.5.cross_attn.o.bias	F32	1536	4653609240	identity_bytes	denoiser.blocks.5.cross_attn.o.bias	F32	1536	denoiser	weight
denoiser	blocks.5.cross_attn.o.weight	F32	1536,1536	4653615384	identity_bytes	denoiser.blocks.5.cross_attn.o.weight	F32	1536,1536	denoiser	weight
denoiser	blocks.5.cross_attn.q.bias	F32	1536	4663052568	identity_bytes	denoiser.blocks.5.cross_attn.q.bias	F32	1536	denoiser	weight
denoiser	blocks.5.cross_attn.q.weight	F32	1536,1536	4663058712	identity_bytes	denoiser.blocks.5.cross_attn.q.weight	F32	1536,1536	denoiser	weight
denoiser	blocks.5.cross_attn.v.bias	F32	1536	4672495896	identity_bytes	denoiser.blocks.5.cross_attn.v.bias	F32	1536	denoiser	weight
denoiser	blocks.5.cross_attn.v.weight	F32	1536,1536	4672502040	identity_bytes	denoiser.blocks.5.cross_attn.v.weight	F32	1536,1536	denoiser	weight
denoiser	blocks.5.ffn.0.bias	F32	8960	4681939224	identity_bytes	denoiser.blocks.5.ffn.0.bias	F32	8960	denoiser	weight
denoiser	blocks.5.ffn.0.weight	F32	8960,1536	4681975064	identity_bytes	denoiser.blocks.5.ffn.0.weight	F32	8960,1536	denoiser	weight
denoiser	blocks.5.ffn.2.bias	F32	1536	4737025304	identity_bytes	denoiser.blocks.5.ffn.2.bias	F32	1536	denoiser	weight
denoiser	blocks.5.ffn.2.weight	F32	1536,8960	4737031448	identity_bytes	denoiser.blocks.5.ffn.2.weight	F32	1536,8960	denoiser	weight
denoiser	blocks.5.modulation	F32	1,6,1536	4792081688	identity_bytes	denoiser.blocks.5.modulation	F32	1,6,1536	denoiser	weight
denoiser	blocks.5.norm3.bias	F32	1536	4792118552	identity_bytes	denoiser.blocks.5.norm3.bias	F32	1536	denoiser	weight
denoiser	blocks.5.norm3.weight	F32	1536	4792124696	identity_bytes	denoiser.blocks.5.norm3.weight	F32	1536	denoiser	weight
denoiser	blocks.5.self_attn.k.bias	F32	1536	4792130840	identity_bytes	denoiser.blocks.5.self_attn.k.bias	F32	1536	denoiser	weight
denoiser	blocks.5.self_attn.k.weight	F32	1536,1536	4792136984	identity_bytes	denoiser.blocks.5.self_attn.k.weight	F32	1536,1536	denoiser	weight
denoiser	blocks.5.self_attn.norm_k.weight	F32	1536	4801574168	identity_bytes	denoiser.blocks.5.self_attn.norm_k.weight	F32	1536	denoiser	weight
denoiser	blocks.5.self_attn.norm_q.weight	F32	1536	4801580312	identity_bytes	denoiser.blocks.5.self_attn.norm_q.weight	F32	1536	denoiser	weight
denoiser	blocks.5.self_attn.o.bias	F32	1536	4801586456	identity_bytes	denoiser.blocks.5.self_attn.o.bias	F32	1536	denoiser	weight
denoiser	blocks.5.self_attn.o.weight	F32	1536,1536	4801592600	identity_bytes	denoiser.blocks.5.self_attn.o.weight	F32	1536,1536	denoiser	weight
denoiser	blocks.5.self_attn.q.bias	F32	1536	4811029784	identity_bytes	denoiser.blocks.5.self_attn.q.bias	F32	1536	denoiser	weight
denoiser	blocks.5.self_attn.q.weight	F32	1536,1536	4811035928	identity_bytes	denoiser.blocks.5.self_attn.q.weight	F32	1536,1536	denoiser	weight
denoiser	blocks.5.self_attn.v.bias	F32	1536	4820473112	identity_bytes	denoiser.blocks.5.self_attn.v.bias	F32	1536	denoiser	weight
denoiser	blocks.5.self_attn.v.weight	F32	1536,1536	4820479256	identity_bytes	denoiser.blocks.5.self_attn.v.weight	F32	1536,1536	denoiser	weight
denoiser	blocks.6.cross_attn.k.bias	F32	1536	4829916440	identity_bytes	denoiser.blocks.6.cross_attn.k.bias	F32	1536	denoiser	weight
denoiser	blocks.6.cross_attn.k.weight	F32	1536,1536	4829922584	identity_bytes	denoiser.blocks.6.cross_attn.k.weight	F32	1536,1536	denoiser	weight
denoiser	blocks.6.cross_attn.norm_k.weight	F32	1536	4839359768	identity_bytes	denoiser.blocks.6.cross_attn.norm_k.weight	F32	1536	denoiser	weight
denoiser	blocks.6.cross_attn.norm_q.weight	F32	1536	4839365912	identity_bytes	denoiser.blocks.6.cross_attn.norm_q.weight	F32	1536	denoiser	weight
denoiser	blocks.6.cross_attn.o.bias	F32	1536	4839372056	identity_bytes	denoiser.blocks.6.cross_attn.o.bias	F32	1536	denoiser	weight
denoiser	blocks.6.cross_attn.o.weight	F32	1536,1536	4839378200	identity_bytes	denoiser.blocks.6.cross_attn.o.weight	F32	1536,1536	denoiser	weight
denoiser	blocks.6.cross_attn.q.bias	F32	1536	4848815384	identity_bytes	denoiser.blocks.6.cross_attn.q.bias	F32	1536	denoiser	weight
denoiser	blocks.6.cross_attn.q.weight	F32	1536,1536	4848821528	identity_bytes	denoiser.blocks.6.cross_attn.q.weight	F32	1536,1536	denoiser	weight
denoiser	blocks.6.cross_attn.v.bias	F32	1536	4858258712	identity_bytes	denoiser.blocks.6.cross_attn.v.bias	F32	1536	denoiser	weight
denoiser	blocks.6.cross_attn.v.weight	F32	1536,1536	4858264856	identity_bytes	denoiser.blocks.6.cross_attn.v.weight	F32	1536,1536	denoiser	weight
denoiser	blocks.6.ffn.0.bias	F32	8960	4867702040	identity_bytes	denoiser.blocks.6.ffn.0.bias	F32	8960	denoiser	weight
denoiser	blocks.6.ffn.0.weight	F32	8960,1536	4867737880	identity_bytes	denoiser.blocks.6.ffn.0.weight	F32	8960,1536	denoiser	weight
denoiser	blocks.6.ffn.2.bias	F32	1536	4922788120	identity_bytes	denoiser.blocks.6.ffn.2.bias	F32	1536	denoiser	weight
denoiser	blocks.6.ffn.2.weight	F32	1536,8960	4922794264	identity_bytes	denoiser.blocks.6.ffn.2.weight	F32	1536,8960	denoiser	weight
denoiser	blocks.6.modulation	F32	1,6,1536	4977844504	identity_bytes	denoiser.blocks.6.modulation	F32	1,6,1536	denoiser	weight
denoiser	blocks.6.norm3.bias	F32	1536	4977881368	identity_bytes	denoiser.blocks.6.norm3.bias	F32	1536	denoiser	weight
denoiser	blocks.6.norm3.weight	F32	1536	4977887512	identity_bytes	denoiser.blocks.6.norm3.weight	F32	1536	denoiser	weight
denoiser	blocks.6.self_attn.k.bias	F32	1536	4977893656	identity_bytes	denoiser.blocks.6.self_attn.k.bias	F32	1536	denoiser	weight
denoiser	blocks.6.self_attn.k.weight	F32	1536,1536	4977899800	identity_bytes	denoiser.blocks.6.self_attn.k.weight	F32	1536,1536	denoiser	weight
denoiser	blocks.6.self_attn.norm_k.weight	F32	1536	4987336984	identity_bytes	denoiser.blocks.6.self_attn.norm_k.weight	F32	1536	denoiser	weight
denoiser	blocks.6.self_attn.norm_q.weight	F32	1536	4987343128	identity_bytes	denoiser.blocks.6.self_attn.norm_q.weight	F32	1536	denoiser	weight
denoiser	blocks.6.self_attn.o.bias	F32	1536	4987349272	identity_bytes	denoiser.blocks.6.self_attn.o.bias	F32	1536	denoiser	weight
denoiser	blocks.6.self_attn.o.weight	F32	1536,1536	4987355416	identity_bytes	denoiser.blocks.6.self_attn.o.weight	F32	1536,1536	denoiser	weight
denoiser	blocks.6.self_attn.q.bias	F32	1536	4996792600	identity_bytes	denoiser.blocks.6.self_attn.q.bias	F32	1536	denoiser	weight
denoiser	blocks.6.self_attn.q.weight	F32	1536,1536	4996798744	identity_bytes	denoiser.blocks.6.self_attn.q.weight	F32	1536,1536	denoiser	weight
denoiser	blocks.6.self_attn.v.bias	F32	1536	5006235928	identity_bytes	denoiser.blocks.6.self_attn.v.bias	F32	1536	denoiser	weight
denoiser	blocks.6.self_attn.v.weight	F32	1536,1536	5006242072	identity_bytes	denoiser.blocks.6.self_attn.v.weight	F32	1536,1536	denoiser	weight
denoiser	blocks.7.cross_attn.k.bias	F32	1536	5015679256	identity_bytes	denoiser.blocks.7.cross_attn.k.bias	F32	1536	denoiser	weight
denoiser	blocks.7.cross_attn.k.weight	F32	1536,1536	5015685400	identity_bytes	denoiser.blocks.7.cross_attn.k.weight	F32	1536,1536	denoiser	weight
denoiser	blocks.7.cross_attn.norm_k.weight	F32	1536	5025122584	identity_bytes	denoiser.blocks.7.cross_attn.norm_k.weight	F32	1536	denoiser	weight
denoiser	blocks.7.cross_attn.norm_q.weight	F32	1536	5025128728	identity_bytes	denoiser.blocks.7.cross_attn.norm_q.weight	F32	1536	denoiser	weight
denoiser	blocks.7.cross_attn.o.bias	F32	1536	5025134872	identity_bytes	denoiser.blocks.7.cross_attn.o.bias	F32	1536	denoiser	weight
denoiser	blocks.7.cross_attn.o.weight	F32	1536,1536	5025141016	identity_bytes	denoiser.blocks.7.cross_attn.o.weight	F32	1536,1536	denoiser	weight
denoiser	blocks.7.cross_attn.q.bias	F32	1536	5034578200	identity_bytes	denoiser.blocks.7.cross_attn.q.bias	F32	1536	denoiser	weight
denoiser	blocks.7.cross_attn.q.weight	F32	1536,1536	5034584344	identity_bytes	denoiser.blocks.7.cross_attn.q.weight	F32	1536,1536	denoiser	weight
denoiser	blocks.7.cross_attn.v.bias	F32	1536	5044021528	identity_bytes	denoiser.blocks.7.cross_attn.v.bias	F32	1536	denoiser	weight
denoiser	blocks.7.cross_attn.v.weight	F32	1536,1536	5044027672	identity_bytes	denoiser.blocks.7.cross_attn.v.weight	F32	1536,1536	denoiser	weight
denoiser	blocks.7.ffn.0.bias	F32	8960	5053464856	identity_bytes	denoiser.blocks.7.ffn.0.bias	F32	8960	denoiser	weight
denoiser	blocks.7.ffn.0.weight	F32	8960,1536	5053500696	identity_bytes	denoiser.blocks.7.ffn.0.weight	F32	8960,1536	denoiser	weight
denoiser	blocks.7.ffn.2.bias	F32	1536	5108550936	identity_bytes	denoiser.blocks.7.ffn.2.bias	F32	1536	denoiser	weight
denoiser	blocks.7.ffn.2.weight	F32	1536,8960	5108557080	identity_bytes	denoiser.blocks.7.ffn.2.weight	F32	1536,8960	denoiser	weight
denoiser	blocks.7.modulation	F32	1,6,1536	5163607320	identity_bytes	denoiser.blocks.7.modulation	F32	1,6,1536	denoiser	weight
denoiser	blocks.7.norm3.bias	F32	1536	5163644184	identity_bytes	denoiser.blocks.7.norm3.bias	F32	1536	denoiser	weight
denoiser	blocks.7.norm3.weight	F32	1536	5163650328	identity_bytes	denoiser.blocks.7.norm3.weight	F32	1536	denoiser	weight
denoiser	blocks.7.self_attn.k.bias	F32	1536	5163656472	identity_bytes	denoiser.blocks.7.self_attn.k.bias	F32	1536	denoiser	weight
denoiser	blocks.7.self_attn.k.weight	F32	1536,1536	5163662616	identity_bytes	denoiser.blocks.7.self_attn.k.weight	F32	1536,1536	denoiser	weight
denoiser	blocks.7.self_attn.norm_k.weight	F32	1536	5173099800	identity_bytes	denoiser.blocks.7.self_attn.norm_k.weight	F32	1536	denoiser	weight
denoiser	blocks.7.self_attn.norm_q.weight	F32	1536	5173105944	identity_bytes	denoiser.blocks.7.self_attn.norm_q.weight	F32	1536	denoiser	weight
denoiser	blocks.7.self_attn.o.bias	F32	1536	5173112088	identity_bytes	denoiser.blocks.7.self_attn.o.bias	F32	1536	denoiser	weight
denoiser	blocks.7.self_attn.o.weight	F32	1536,1536	5173118232	identity_bytes	denoiser.blocks.7.self_attn.o.weight	F32	1536,1536	denoiser	weight
denoiser	blocks.7.self_attn.q.bias	F32	1536	5182555416	identity_bytes	denoiser.blocks.7.self_attn.q.bias	F32	1536	denoiser	weight
denoiser	blocks.7.self_attn.q.weight	F32	1536,1536	5182561560	identity_bytes	denoiser.blocks.7.self_attn.q.weight	F32	1536,1536	denoiser	weight
denoiser	blocks.7.self_attn.v.bias	F32	1536	5191998744	identity_bytes	denoiser.blocks.7.self_attn.v.bias	F32	1536	denoiser	weight
denoiser	blocks.7.self_attn.v.weight	F32	1536,1536	5192004888	identity_bytes	denoiser.blocks.7.self_attn.v.weight	F32	1536,1536	denoiser	weight
denoiser	blocks.8.cross_attn.k.bias	F32	1536	5201442072	identity_bytes	denoiser.blocks.8.cross_attn.k.bias	F32	1536	denoiser	weight
denoiser	blocks.8.cross_attn.k.weight	F32	1536,1536	5201448216	identity_bytes	denoiser.blocks.8.cross_attn.k.weight	F32	1536,1536	denoiser	weight
denoiser	blocks.8.cross_attn.norm_k.weight	F32	1536	5210885400	identity_bytes	denoiser.blocks.8.cross_attn.norm_k.weight	F32	1536	denoiser	weight
denoiser	blocks.8.cross_attn.norm_q.weight	F32	1536	5210891544	identity_bytes	denoiser.blocks.8.cross_attn.norm_q.weight	F32	1536	denoiser	weight
denoiser	blocks.8.cross_attn.o.bias	F32	1536	5210897688	identity_bytes	denoiser.blocks.8.cross_attn.o.bias	F32	1536	denoiser	weight
denoiser	blocks.8.cross_attn.o.weight	F32	1536,1536	5210903832	identity_bytes	denoiser.blocks.8.cross_attn.o.weight	F32	1536,1536	denoiser	weight
denoiser	blocks.8.cross_attn.q.bias	F32	1536	5220341016	identity_bytes	denoiser.blocks.8.cross_attn.q.bias	F32	1536	denoiser	weight
denoiser	blocks.8.cross_attn.q.weight	F32	1536,1536	5220347160	identity_bytes	denoiser.blocks.8.cross_attn.q.weight	F32	1536,1536	denoiser	weight
denoiser	blocks.8.cross_attn.v.bias	F32	1536	5229784344	identity_bytes	denoiser.blocks.8.cross_attn.v.bias	F32	1536	denoiser	weight
denoiser	blocks.8.cross_attn.v.weight	F32	1536,1536	5229790488	identity_bytes	denoiser.blocks.8.cross_attn.v.weight	F32	1536,1536	denoiser	weight
denoiser	blocks.8.ffn.0.bias	F32	8960	5239227672	identity_bytes	denoiser.blocks.8.ffn.0.bias	F32	8960	denoiser	weight
denoiser	blocks.8.ffn.0.weight	F32	8960,1536	5239263512	identity_bytes	denoiser.blocks.8.ffn.0.weight	F32	8960,1536	denoiser	weight
denoiser	blocks.8.ffn.2.bias	F32	1536	5294313752	identity_bytes	denoiser.blocks.8.ffn.2.bias	F32	1536	denoiser	weight
denoiser	blocks.8.ffn.2.weight	F32	1536,8960	5294319896	identity_bytes	denoiser.blocks.8.ffn.2.weight	F32	1536,8960	denoiser	weight
denoiser	blocks.8.modulation	F32	1,6,1536	5349370136	identity_bytes	denoiser.blocks.8.modulation	F32	1,6,1536	denoiser	weight
denoiser	blocks.8.norm3.bias	F32	1536	5349407000	identity_bytes	denoiser.blocks.8.norm3.bias	F32	1536	denoiser	weight
denoiser	blocks.8.norm3.weight	F32	1536	5349413144	identity_bytes	denoiser.blocks.8.norm3.weight	F32	1536	denoiser	weight
denoiser	blocks.8.self_attn.k.bias	F32	1536	5349419288	identity_bytes	denoiser.blocks.8.self_attn.k.bias	F32	1536	denoiser	weight
denoiser	blocks.8.self_attn.k.weight	F32	1536,1536	5349425432	identity_bytes	denoiser.blocks.8.self_attn.k.weight	F32	1536,1536	denoiser	weight
denoiser	blocks.8.self_attn.norm_k.weight	F32	1536	5358862616	identity_bytes	denoiser.blocks.8.self_attn.norm_k.weight	F32	1536	denoiser	weight
denoiser	blocks.8.self_attn.norm_q.weight	F32	1536	5358868760	identity_bytes	denoiser.blocks.8.self_attn.norm_q.weight	F32	1536	denoiser	weight
denoiser	blocks.8.self_attn.o.bias	F32	1536	5358874904	identity_bytes	denoiser.blocks.8.self_attn.o.bias	F32	1536	denoiser	weight
denoiser	blocks.8.self_attn.o.weight	F32	1536,1536	5358881048	identity_bytes	denoiser.blocks.8.self_attn.o.weight	F32	1536,1536	denoiser	weight
denoiser	blocks.8.self_attn.q.bias	F32	1536	5368318232	identity_bytes	denoiser.blocks.8.self_attn.q.bias	F32	1536	denoiser	weight
denoiser	blocks.8.self_attn.q.weight	F32	1536,1536	5368324376	identity_bytes	denoiser.blocks.8.self_attn.q.weight	F32	1536,1536	denoiser	weight
denoiser	blocks.8.self_attn.v.bias	F32	1536	5377761560	identity_bytes	denoiser.blocks.8.self_attn.v.bias	F32	1536	denoiser	weight
denoiser	blocks.8.self_attn.v.weight	F32	1536,1536	5377767704	identity_bytes	denoiser.blocks.8.self_attn.v.weight	F32	1536,1536	denoiser	weight
denoiser	blocks.9.cross_attn.k.bias	F32	1536	5387204888	identity_bytes	denoiser.blocks.9.cross_attn.k.bias	F32	1536	denoiser	weight
denoiser	blocks.9.cross_attn.k.weight	F32	1536,1536	5387211032	identity_bytes	denoiser.blocks.9.cross_attn.k.weight	F32	1536,1536	denoiser	weight
denoiser	blocks.9.cross_attn.norm_k.weight	F32	1536	5396648216	identity_bytes	denoiser.blocks.9.cross_attn.norm_k.weight	F32	1536	denoiser	weight
denoiser	blocks.9.cross_attn.norm_q.weight	F32	1536	5396654360	identity_bytes	denoiser.blocks.9.cross_attn.norm_q.weight	F32	1536	denoiser	weight
denoiser	blocks.9.cross_attn.o.bias	F32	1536	5396660504	identity_bytes	denoiser.blocks.9.cross_attn.o.bias	F32	1536	denoiser	weight
denoiser	blocks.9.cross_attn.o.weight	F32	1536,1536	5396666648	identity_bytes	denoiser.blocks.9.cross_attn.o.weight	F32	1536,1536	denoiser	weight
denoiser	blocks.9.cross_attn.q.bias	F32	1536	5406103832	identity_bytes	denoiser.blocks.9.cross_attn.q.bias	F32	1536	denoiser	weight
denoiser	blocks.9.cross_attn.q.weight	F32	1536,1536	5406109976	identity_bytes	denoiser.blocks.9.cross_attn.q.weight	F32	1536,1536	denoiser	weight
denoiser	blocks.9.cross_attn.v.bias	F32	1536	5415547160	identity_bytes	denoiser.blocks.9.cross_attn.v.bias	F32	1536	denoiser	weight
denoiser	blocks.9.cross_attn.v.weight	F32	1536,1536	5415553304	identity_bytes	denoiser.blocks.9.cross_attn.v.weight	F32	1536,1536	denoiser	weight
denoiser	blocks.9.ffn.0.bias	F32	8960	5424990488	identity_bytes	denoiser.blocks.9.ffn.0.bias	F32	8960	denoiser	weight
denoiser	blocks.9.ffn.0.weight	F32	8960,1536	5425026328	identity_bytes	denoiser.blocks.9.ffn.0.weight	F32	8960,1536	denoiser	weight
denoiser	blocks.9.ffn.2.bias	F32	1536	5480076568	identity_bytes	denoiser.blocks.9.ffn.2.bias	F32	1536	denoiser	weight
denoiser	blocks.9.ffn.2.weight	F32	1536,8960	5480082712	identity_bytes	denoiser.blocks.9.ffn.2.weight	F32	1536,8960	denoiser	weight
denoiser	blocks.9.modulation	F32	1,6,1536	5535132952	identity_bytes	denoiser.blocks.9.modulation	F32	1,6,1536	denoiser	weight
denoiser	blocks.9.norm3.bias	F32	1536	5535169816	identity_bytes	denoiser.blocks.9.norm3.bias	F32	1536	denoiser	weight
denoiser	blocks.9.norm3.weight	F32	1536	5535175960	identity_bytes	denoiser.blocks.9.norm3.weight	F32	1536	denoiser	weight
denoiser	blocks.9.self_attn.k.bias	F32	1536	5535182104	identity_bytes	denoiser.blocks.9.self_attn.k.bias	F32	1536	denoiser	weight
denoiser	blocks.9.self_attn.k.weight	F32	1536,1536	5535188248	identity_bytes	denoiser.blocks.9.self_attn.k.weight	F32	1536,1536	denoiser	weight
denoiser	blocks.9.self_attn.norm_k.weight	F32	1536	5544625432	identity_bytes	denoiser.blocks.9.self_attn.norm_k.weight	F32	1536	denoiser	weight
denoiser	blocks.9.self_attn.norm_q.weight	F32	1536	5544631576	identity_bytes	denoiser.blocks.9.self_attn.norm_q.weight	F32	1536	denoiser	weight
denoiser	blocks.9.self_attn.o.bias	F32	1536	5544637720	identity_bytes	denoiser.blocks.9.self_attn.o.bias	F32	1536	denoiser	weight
denoiser	blocks.9.self_attn.o.weight	F32	1536,1536	5544643864	identity_bytes	denoiser.blocks.9.self_attn.o.weight	F32	1536,1536	denoiser	weight
denoiser	blocks.9.self_attn.q.bias	F32	1536	5554081048	identity_bytes	denoiser.blocks.9.self_attn.q.bias	F32	1536	denoiser	weight
denoiser	blocks.9.self_attn.q.weight	F32	1536,1536	5554087192	identity_bytes	denoiser.blocks.9.self_attn.q.weight	F32	1536,1536	denoiser	weight
denoiser	blocks.9.self_attn.v.bias	F32	1536	5563524376	identity_bytes	denoiser.blocks.9.self_attn.v.bias	F32	1536	denoiser	weight
denoiser	blocks.9.self_attn.v.weight	F32	1536,1536	5563530520	identity_bytes	denoiser.blocks.9.self_attn.v.weight	F32	1536,1536	denoiser	weight
denoiser	head.head.bias	F32	64	5572967704	identity_bytes	denoiser.head.head.bias	F32	64	denoiser	weight
denoiser	head.head.weight	F32	64,1536	5572967960	identity_bytes	denoiser.head.head.weight	F32	64,1536	denoiser	weight
denoiser	head.modulation	F32	1,2,1536	5573361176	identity_bytes	denoiser.head.modulation	F32	1,2,1536	denoiser	weight
denoiser	patch_embedding.bias	F32	1536	5573373464	identity_bytes	denoiser.patch_embedding.bias	F32	1536	denoiser	weight
denoiser	patch_embedding.weight	F32	1536,16,1,2,2	5573379608	identity_bytes	denoiser.patch_embedding.weight	F32	1536,16,1,2,2	denoiser	weight
denoiser	text_embedding.0.bias	F32	1536	5573772824	identity_bytes	denoiser.text_embedding.0.bias	F32	1536	denoiser	weight
denoiser	text_embedding.0.weight	F32	1536,4096	5573778968	identity_bytes	denoiser.text_embedding.0.weight	F32	1536,4096	denoiser	weight
denoiser	text_embedding.2.bias	F32	1536	5598944792	identity_bytes	denoiser.text_embedding.2.bias	F32	1536	denoiser	weight
denoiser	text_embedding.2.weight	F32	1536,1536	5598950936	identity_bytes	denoiser.text_embedding.2.weight	F32	1536,1536	denoiser	weight
denoiser	time_embedding.0.bias	F32	1536	5608388120	identity_bytes	denoiser.time_embedding.0.bias	F32	1536	denoiser	weight
denoiser	time_embedding.0.weight	F32	1536,256	5608394264	identity_bytes	denoiser.time_embedding.0.weight	F32	1536,256	denoiser	weight
denoiser	time_embedding.2.bias	F32	1536	5609967128	identity_bytes	denoiser.time_embedding.2.bias	F32	1536	denoiser	weight
denoiser	time_embedding.2.weight	F32	1536,1536	5609973272	identity_bytes	denoiser.time_embedding.2.weight	F32	1536,1536	denoiser	weight
denoiser	time_projection.1.bias	F32	9216	5619410456	identity_bytes	denoiser.time_projection.1.bias	F32	9216	denoiser	weight
denoiser	time_projection.1.weight	F32	9216,1536	5619447320	identity_bytes	denoiser.time_projection.1.weight	F32	9216,1536	denoiser	weight
