source_file	source_name	source_dtype	source_shape	transformation	destination_name	destination_dtype	destination_shape	component	role
vae	decoder.block_in.resnets.0.conv1.conv.bias	BF16	768	identity_bytes	component.vae.decoder.block_in.resnets.0.conv1.conv.bias	BF16	768	vae.decoder	weight
vae	decoder.block_in.resnets.0.conv1.conv.weight	BF16	768,768,3,3,3	identity_bytes	component.vae.decoder.block_in.resnets.0.conv1.conv.weight	BF16	768,768,3,3,3	vae.decoder	weight
vae	decoder.block_in.resnets.0.conv2.conv.bias	BF16	768	identity_bytes	component.vae.decoder.block_in.resnets.0.conv2.conv.bias	BF16	768	vae.decoder	weight
vae	decoder.block_in.resnets.0.conv2.conv.weight	BF16	768,768,3,3,3	identity_bytes	component.vae.decoder.block_in.resnets.0.conv2.conv.weight	BF16	768,768,3,3,3	vae.decoder	weight
vae	decoder.block_in.resnets.0.norm1.norm_layer.bias	BF16	768	identity_bytes	component.vae.decoder.block_in.resnets.0.norm1.norm_layer.bias	BF16	768	vae.decoder	weight
vae	decoder.block_in.resnets.0.norm1.norm_layer.weight	BF16	768	identity_bytes	component.vae.decoder.block_in.resnets.0.norm1.norm_layer.weight	BF16	768	vae.decoder	weight
vae	decoder.block_in.resnets.0.norm2.norm_layer.bias	BF16	768	identity_bytes	component.vae.decoder.block_in.resnets.0.norm2.norm_layer.bias	BF16	768	vae.decoder	weight
vae	decoder.block_in.resnets.0.norm2.norm_layer.weight	BF16	768	identity_bytes	component.vae.decoder.block_in.resnets.0.norm2.norm_layer.weight	BF16	768	vae.decoder	weight
vae	decoder.block_in.resnets.1.conv1.conv.bias	BF16	768	identity_bytes	component.vae.decoder.block_in.resnets.1.conv1.conv.bias	BF16	768	vae.decoder	weight
vae	decoder.block_in.resnets.1.conv1.conv.weight	BF16	768,768,3,3,3	identity_bytes	component.vae.decoder.block_in.resnets.1.conv1.conv.weight	BF16	768,768,3,3,3	vae.decoder	weight
vae	decoder.block_in.resnets.1.conv2.conv.bias	BF16	768	identity_bytes	component.vae.decoder.block_in.resnets.1.conv2.conv.bias	BF16	768	vae.decoder	weight
vae	decoder.block_in.resnets.1.conv2.conv.weight	BF16	768,768,3,3,3	identity_bytes	component.vae.decoder.block_in.resnets.1.conv2.conv.weight	BF16	768,768,3,3,3	vae.decoder	weight
vae	decoder.block_in.resnets.1.norm1.norm_layer.bias	BF16	768	identity_bytes	component.vae.decoder.block_in.resnets.1.norm1.norm_layer.bias	BF16	768	vae.decoder	weight
vae	decoder.block_in.resnets.1.norm1.norm_layer.weight	BF16	768	identity_bytes	component.vae.decoder.block_in.resnets.1.norm1.norm_layer.weight	BF16	768	vae.decoder	weight
vae	decoder.block_in.resnets.1.norm2.norm_layer.bias	BF16	768	identity_bytes	component.vae.decoder.block_in.resnets.1.norm2.norm_layer.bias	BF16	768	vae.decoder	weight
vae	decoder.block_in.resnets.1.norm2.norm_layer.weight	BF16	768	identity_bytes	component.vae.decoder.block_in.resnets.1.norm2.norm_layer.weight	BF16	768	vae.decoder	weight
vae	decoder.block_in.resnets.2.conv1.conv.bias	BF16	768	identity_bytes	component.vae.decoder.block_in.resnets.2.conv1.conv.bias	BF16	768	vae.decoder	weight
vae	decoder.block_in.resnets.2.conv1.conv.weight	BF16	768,768,3,3,3	identity_bytes	component.vae.decoder.block_in.resnets.2.conv1.conv.weight	BF16	768,768,3,3,3	vae.decoder	weight
vae	decoder.block_in.resnets.2.conv2.conv.bias	BF16	768	identity_bytes	component.vae.decoder.block_in.resnets.2.conv2.conv.bias	BF16	768	vae.decoder	weight
vae	decoder.block_in.resnets.2.conv2.conv.weight	BF16	768,768,3,3,3	identity_bytes	component.vae.decoder.block_in.resnets.2.conv2.conv.weight	BF16	768,768,3,3,3	vae.decoder	weight
vae	decoder.block_in.resnets.2.norm1.norm_layer.bias	BF16	768	identity_bytes	component.vae.decoder.block_in.resnets.2.norm1.norm_layer.bias	BF16	768	vae.decoder	weight
vae	decoder.block_in.resnets.2.norm1.norm_layer.weight	BF16	768	identity_bytes	component.vae.decoder.block_in.resnets.2.norm1.norm_layer.weight	BF16	768	vae.decoder	weight
vae	decoder.block_in.resnets.2.norm2.norm_layer.bias	BF16	768	identity_bytes	component.vae.decoder.block_in.resnets.2.norm2.norm_layer.bias	BF16	768	vae.decoder	weight
vae	decoder.block_in.resnets.2.norm2.norm_layer.weight	BF16	768	identity_bytes	component.vae.decoder.block_in.resnets.2.norm2.norm_layer.weight	BF16	768	vae.decoder	weight
vae	decoder.block_out.resnets.0.conv1.conv.bias	BF16	128	identity_bytes	component.vae.decoder.block_out.resnets.0.conv1.conv.bias	BF16	128	vae.decoder	weight
vae	decoder.block_out.resnets.0.conv1.conv.weight	BF16	128,128,3,3,3	identity_bytes	component.vae.decoder.block_out.resnets.0.conv1.conv.weight	BF16	128,128,3,3,3	vae.decoder	weight
vae	decoder.block_out.resnets.0.conv2.conv.bias	BF16	128	identity_bytes	component.vae.decoder.block_out.resnets.0.conv2.conv.bias	BF16	128	vae.decoder	weight
vae	decoder.block_out.resnets.0.conv2.conv.weight	BF16	128,128,3,3,3	identity_bytes	component.vae.decoder.block_out.resnets.0.conv2.conv.weight	BF16	128,128,3,3,3	vae.decoder	weight
vae	decoder.block_out.resnets.0.norm1.norm_layer.bias	BF16	128	identity_bytes	component.vae.decoder.block_out.resnets.0.norm1.norm_layer.bias	BF16	128	vae.decoder	weight
vae	decoder.block_out.resnets.0.norm1.norm_layer.weight	BF16	128	identity_bytes	component.vae.decoder.block_out.resnets.0.norm1.norm_layer.weight	BF16	128	vae.decoder	weight
vae	decoder.block_out.resnets.0.norm2.norm_layer.bias	BF16	128	identity_bytes	component.vae.decoder.block_out.resnets.0.norm2.norm_layer.bias	BF16	128	vae.decoder	weight
vae	decoder.block_out.resnets.0.norm2.norm_layer.weight	BF16	128	identity_bytes	component.vae.decoder.block_out.resnets.0.norm2.norm_layer.weight	BF16	128	vae.decoder	weight
vae	decoder.block_out.resnets.1.conv1.conv.bias	BF16	128	identity_bytes	component.vae.decoder.block_out.resnets.1.conv1.conv.bias	BF16	128	vae.decoder	weight
vae	decoder.block_out.resnets.1.conv1.conv.weight	BF16	128,128,3,3,3	identity_bytes	component.vae.decoder.block_out.resnets.1.conv1.conv.weight	BF16	128,128,3,3,3	vae.decoder	weight
vae	decoder.block_out.resnets.1.conv2.conv.bias	BF16	128	identity_bytes	component.vae.decoder.block_out.resnets.1.conv2.conv.bias	BF16	128	vae.decoder	weight
vae	decoder.block_out.resnets.1.conv2.conv.weight	BF16	128,128,3,3,3	identity_bytes	component.vae.decoder.block_out.resnets.1.conv2.conv.weight	BF16	128,128,3,3,3	vae.decoder	weight
vae	decoder.block_out.resnets.1.norm1.norm_layer.bias	BF16	128	identity_bytes	component.vae.decoder.block_out.resnets.1.norm1.norm_layer.bias	BF16	128	vae.decoder	weight
vae	decoder.block_out.resnets.1.norm1.norm_layer.weight	BF16	128	identity_bytes	component.vae.decoder.block_out.resnets.1.norm1.norm_layer.weight	BF16	128	vae.decoder	weight
vae	decoder.block_out.resnets.1.norm2.norm_layer.bias	BF16	128	identity_bytes	component.vae.decoder.block_out.resnets.1.norm2.norm_layer.bias	BF16	128	vae.decoder	weight
vae	decoder.block_out.resnets.1.norm2.norm_layer.weight	BF16	128	identity_bytes	component.vae.decoder.block_out.resnets.1.norm2.norm_layer.weight	BF16	128	vae.decoder	weight
vae	decoder.block_out.resnets.2.conv1.conv.bias	BF16	128	identity_bytes	component.vae.decoder.block_out.resnets.2.conv1.conv.bias	BF16	128	vae.decoder	weight
vae	decoder.block_out.resnets.2.conv1.conv.weight	BF16	128,128,3,3,3	identity_bytes	component.vae.decoder.block_out.resnets.2.conv1.conv.weight	BF16	128,128,3,3,3	vae.decoder	weight
vae	decoder.block_out.resnets.2.conv2.conv.bias	BF16	128	identity_bytes	component.vae.decoder.block_out.resnets.2.conv2.conv.bias	BF16	128	vae.decoder	weight
vae	decoder.block_out.resnets.2.conv2.conv.weight	BF16	128,128,3,3,3	identity_bytes	component.vae.decoder.block_out.resnets.2.conv2.conv.weight	BF16	128,128,3,3,3	vae.decoder	weight
vae	decoder.block_out.resnets.2.norm1.norm_layer.bias	BF16	128	identity_bytes	component.vae.decoder.block_out.resnets.2.norm1.norm_layer.bias	BF16	128	vae.decoder	weight
vae	decoder.block_out.resnets.2.norm1.norm_layer.weight	BF16	128	identity_bytes	component.vae.decoder.block_out.resnets.2.norm1.norm_layer.weight	BF16	128	vae.decoder	weight
vae	decoder.block_out.resnets.2.norm2.norm_layer.bias	BF16	128	identity_bytes	component.vae.decoder.block_out.resnets.2.norm2.norm_layer.bias	BF16	128	vae.decoder	weight
vae	decoder.block_out.resnets.2.norm2.norm_layer.weight	BF16	128	identity_bytes	component.vae.decoder.block_out.resnets.2.norm2.norm_layer.weight	BF16	128	vae.decoder	weight
vae	decoder.conv_in.bias	BF16	768	identity_bytes	component.vae.decoder.conv_in.bias	BF16	768	vae.decoder	weight
vae	decoder.conv_in.weight	BF16	768,12,1,1,1	identity_bytes	component.vae.decoder.conv_in.weight	BF16	768,12,1,1,1	vae.decoder	weight
vae	decoder.proj_out.bias	BF16	3	identity_bytes	component.vae.decoder.proj_out.bias	BF16	3	vae.decoder	weight
vae	decoder.proj_out.weight	BF16	3,128	identity_bytes	component.vae.decoder.proj_out.weight	BF16	3,128	vae.decoder	weight
vae	decoder.up_blocks.0.proj.bias	BF16	6144	identity_bytes	component.vae.decoder.up_blocks.0.proj.bias	BF16	6144	vae.decoder	weight
vae	decoder.up_blocks.0.proj.weight	BF16	6144,768	identity_bytes	component.vae.decoder.up_blocks.0.proj.weight	BF16	6144,768	vae.decoder	weight
vae	decoder.up_blocks.0.resnets.0.conv1.conv.bias	BF16	768	identity_bytes	component.vae.decoder.up_blocks.0.resnets.0.conv1.conv.bias	BF16	768	vae.decoder	weight
vae	decoder.up_blocks.0.resnets.0.conv1.conv.weight	BF16	768,768,3,3,3	identity_bytes	component.vae.decoder.up_blocks.0.resnets.0.conv1.conv.weight	BF16	768,768,3,3,3	vae.decoder	weight
vae	decoder.up_blocks.0.resnets.0.conv2.conv.bias	BF16	768	identity_bytes	component.vae.decoder.up_blocks.0.resnets.0.conv2.conv.bias	BF16	768	vae.decoder	weight
vae	decoder.up_blocks.0.resnets.0.conv2.conv.weight	BF16	768,768,3,3,3	identity_bytes	component.vae.decoder.up_blocks.0.resnets.0.conv2.conv.weight	BF16	768,768,3,3,3	vae.decoder	weight
vae	decoder.up_blocks.0.resnets.0.norm1.norm_layer.bias	BF16	768	identity_bytes	component.vae.decoder.up_blocks.0.resnets.0.norm1.norm_layer.bias	BF16	768	vae.decoder	weight
vae	decoder.up_blocks.0.resnets.0.norm1.norm_layer.weight	BF16	768	identity_bytes	component.vae.decoder.up_blocks.0.resnets.0.norm1.norm_layer.weight	BF16	768	vae.decoder	weight
vae	decoder.up_blocks.0.resnets.0.norm2.norm_layer.bias	BF16	768	identity_bytes	component.vae.decoder.up_blocks.0.resnets.0.norm2.norm_layer.bias	BF16	768	vae.decoder	weight
vae	decoder.up_blocks.0.resnets.0.norm2.norm_layer.weight	BF16	768	identity_bytes	component.vae.decoder.up_blocks.0.resnets.0.norm2.norm_layer.weight	BF16	768	vae.decoder	weight
vae	decoder.up_blocks.0.resnets.1.conv1.conv.bias	BF16	768	identity_bytes	component.vae.decoder.up_blocks.0.resnets.1.conv1.conv.bias	BF16	768	vae.decoder	weight
vae	decoder.up_blocks.0.resnets.1.conv1.conv.weight	BF16	768,768,3,3,3	identity_bytes	component.vae.decoder.up_blocks.0.resnets.1.conv1.conv.weight	BF16	768,768,3,3,3	vae.decoder	weight
vae	decoder.up_blocks.0.resnets.1.conv2.conv.bias	BF16	768	identity_bytes	component.vae.decoder.up_blocks.0.resnets.1.conv2.conv.bias	BF16	768	vae.decoder	weight
vae	decoder.up_blocks.0.resnets.1.conv2.conv.weight	BF16	768,768,3,3,3	identity_bytes	component.vae.decoder.up_blocks.0.resnets.1.conv2.conv.weight	BF16	768,768,3,3,3	vae.decoder	weight
vae	decoder.up_blocks.0.resnets.1.norm1.norm_layer.bias	BF16	768	identity_bytes	component.vae.decoder.up_blocks.0.resnets.1.norm1.norm_layer.bias	BF16	768	vae.decoder	weight
vae	decoder.up_blocks.0.resnets.1.norm1.norm_layer.weight	BF16	768	identity_bytes	component.vae.decoder.up_blocks.0.resnets.1.norm1.norm_layer.weight	BF16	768	vae.decoder	weight
vae	decoder.up_blocks.0.resnets.1.norm2.norm_layer.bias	BF16	768	identity_bytes	component.vae.decoder.up_blocks.0.resnets.1.norm2.norm_layer.bias	BF16	768	vae.decoder	weight
vae	decoder.up_blocks.0.resnets.1.norm2.norm_layer.weight	BF16	768	identity_bytes	component.vae.decoder.up_blocks.0.resnets.1.norm2.norm_layer.weight	BF16	768	vae.decoder	weight
vae	decoder.up_blocks.0.resnets.2.conv1.conv.bias	BF16	768	identity_bytes	component.vae.decoder.up_blocks.0.resnets.2.conv1.conv.bias	BF16	768	vae.decoder	weight
vae	decoder.up_blocks.0.resnets.2.conv1.conv.weight	BF16	768,768,3,3,3	identity_bytes	component.vae.decoder.up_blocks.0.resnets.2.conv1.conv.weight	BF16	768,768,3,3,3	vae.decoder	weight
vae	decoder.up_blocks.0.resnets.2.conv2.conv.bias	BF16	768	identity_bytes	component.vae.decoder.up_blocks.0.resnets.2.conv2.conv.bias	BF16	768	vae.decoder	weight
vae	decoder.up_blocks.0.resnets.2.conv2.conv.weight	BF16	768,768,3,3,3	identity_bytes	component.vae.decoder.up_blocks.0.resnets.2.conv2.conv.weight	BF16	768,768,3,3,3	vae.decoder	weight
vae	decoder.up_blocks.0.resnets.2.norm1.norm_layer.bias	BF16	768	identity_bytes	component.vae.decoder.up_blocks.0.resnets.2.norm1.norm_layer.bias	BF16	768	vae.decoder	weight
vae	decoder.up_blocks.0.resnets.2.norm1.norm_layer.weight	BF16	768	identity_bytes	component.vae.decoder.up_blocks.0.resnets.2.norm1.norm_layer.weight	BF16	768	vae.decoder	weight
vae	decoder.up_blocks.0.resnets.2.norm2.norm_layer.bias	BF16	768	identity_bytes	component.vae.decoder.up_blocks.0.resnets.2.norm2.norm_layer.bias	BF16	768	vae.decoder	weight
vae	decoder.up_blocks.0.resnets.2.norm2.norm_layer.weight	BF16	768	identity_bytes	component.vae.decoder.up_blocks.0.resnets.2.norm2.norm_layer.weight	BF16	768	vae.decoder	weight
vae	decoder.up_blocks.0.resnets.3.conv1.conv.bias	BF16	768	identity_bytes	component.vae.decoder.up_blocks.0.resnets.3.conv1.conv.bias	BF16	768	vae.decoder	weight
vae	decoder.up_blocks.0.resnets.3.conv1.conv.weight	BF16	768,768,3,3,3	identity_bytes	component.vae.decoder.up_blocks.0.resnets.3.conv1.conv.weight	BF16	768,768,3,3,3	vae.decoder	weight
vae	decoder.up_blocks.0.resnets.3.conv2.conv.bias	BF16	768	identity_bytes	component.vae.decoder.up_blocks.0.resnets.3.conv2.conv.bias	BF16	768	vae.decoder	weight
vae	decoder.up_blocks.0.resnets.3.conv2.conv.weight	BF16	768,768,3,3,3	identity_bytes	component.vae.decoder.up_blocks.0.resnets.3.conv2.conv.weight	BF16	768,768,3,3,3	vae.decoder	weight
vae	decoder.up_blocks.0.resnets.3.norm1.norm_layer.bias	BF16	768	identity_bytes	component.vae.decoder.up_blocks.0.resnets.3.norm1.norm_layer.bias	BF16	768	vae.decoder	weight
vae	decoder.up_blocks.0.resnets.3.norm1.norm_layer.weight	BF16	768	identity_bytes	component.vae.decoder.up_blocks.0.resnets.3.norm1.norm_layer.weight	BF16	768	vae.decoder	weight
vae	decoder.up_blocks.0.resnets.3.norm2.norm_layer.bias	BF16	768	identity_bytes	component.vae.decoder.up_blocks.0.resnets.3.norm2.norm_layer.bias	BF16	768	vae.decoder	weight
vae	decoder.up_blocks.0.resnets.3.norm2.norm_layer.weight	BF16	768	identity_bytes	component.vae.decoder.up_blocks.0.resnets.3.norm2.norm_layer.weight	BF16	768	vae.decoder	weight
vae	decoder.up_blocks.0.resnets.4.conv1.conv.bias	BF16	768	identity_bytes	component.vae.decoder.up_blocks.0.resnets.4.conv1.conv.bias	BF16	768	vae.decoder	weight
vae	decoder.up_blocks.0.resnets.4.conv1.conv.weight	BF16	768,768,3,3,3	identity_bytes	component.vae.decoder.up_blocks.0.resnets.4.conv1.conv.weight	BF16	768,768,3,3,3	vae.decoder	weight
vae	decoder.up_blocks.0.resnets.4.conv2.conv.bias	BF16	768	identity_bytes	component.vae.decoder.up_blocks.0.resnets.4.conv2.conv.bias	BF16	768	vae.decoder	weight
vae	decoder.up_blocks.0.resnets.4.conv2.conv.weight	BF16	768,768,3,3,3	identity_bytes	component.vae.decoder.up_blocks.0.resnets.4.conv2.conv.weight	BF16	768,768,3,3,3	vae.decoder	weight
vae	decoder.up_blocks.0.resnets.4.norm1.norm_layer.bias	BF16	768	identity_bytes	component.vae.decoder.up_blocks.0.resnets.4.norm1.norm_layer.bias	BF16	768	vae.decoder	weight
vae	decoder.up_blocks.0.resnets.4.norm1.norm_layer.weight	BF16	768	identity_bytes	component.vae.decoder.up_blocks.0.resnets.4.norm1.norm_layer.weight	BF16	768	vae.decoder	weight
vae	decoder.up_blocks.0.resnets.4.norm2.norm_layer.bias	BF16	768	identity_bytes	component.vae.decoder.up_blocks.0.resnets.4.norm2.norm_layer.bias	BF16	768	vae.decoder	weight
vae	decoder.up_blocks.0.resnets.4.norm2.norm_layer.weight	BF16	768	identity_bytes	component.vae.decoder.up_blocks.0.resnets.4.norm2.norm_layer.weight	BF16	768	vae.decoder	weight
vae	decoder.up_blocks.0.resnets.5.conv1.conv.bias	BF16	768	identity_bytes	component.vae.decoder.up_blocks.0.resnets.5.conv1.conv.bias	BF16	768	vae.decoder	weight
vae	decoder.up_blocks.0.resnets.5.conv1.conv.weight	BF16	768,768,3,3,3	identity_bytes	component.vae.decoder.up_blocks.0.resnets.5.conv1.conv.weight	BF16	768,768,3,3,3	vae.decoder	weight
vae	decoder.up_blocks.0.resnets.5.conv2.conv.bias	BF16	768	identity_bytes	component.vae.decoder.up_blocks.0.resnets.5.conv2.conv.bias	BF16	768	vae.decoder	weight
vae	decoder.up_blocks.0.resnets.5.conv2.conv.weight	BF16	768,768,3,3,3	identity_bytes	component.vae.decoder.up_blocks.0.resnets.5.conv2.conv.weight	BF16	768,768,3,3,3	vae.decoder	weight
vae	decoder.up_blocks.0.resnets.5.norm1.norm_layer.bias	BF16	768	identity_bytes	component.vae.decoder.up_blocks.0.resnets.5.norm1.norm_layer.bias	BF16	768	vae.decoder	weight
vae	decoder.up_blocks.0.resnets.5.norm1.norm_layer.weight	BF16	768	identity_bytes	component.vae.decoder.up_blocks.0.resnets.5.norm1.norm_layer.weight	BF16	768	vae.decoder	weight
vae	decoder.up_blocks.0.resnets.5.norm2.norm_layer.bias	BF16	768	identity_bytes	component.vae.decoder.up_blocks.0.resnets.5.norm2.norm_layer.bias	BF16	768	vae.decoder	weight
vae	decoder.up_blocks.0.resnets.5.norm2.norm_layer.weight	BF16	768	identity_bytes	component.vae.decoder.up_blocks.0.resnets.5.norm2.norm_layer.weight	BF16	768	vae.decoder	weight
vae	decoder.up_blocks.1.proj.bias	BF16	2048	identity_bytes	component.vae.decoder.up_blocks.1.proj.bias	BF16	2048	vae.decoder	weight
vae	decoder.up_blocks.1.proj.weight	BF16	2048,512	identity_bytes	component.vae.decoder.up_blocks.1.proj.weight	BF16	2048,512	vae.decoder	weight
vae	decoder.up_blocks.1.resnets.0.conv1.conv.bias	BF16	512	identity_bytes	component.vae.decoder.up_blocks.1.resnets.0.conv1.conv.bias	BF16	512	vae.decoder	weight
vae	decoder.up_blocks.1.resnets.0.conv1.conv.weight	BF16	512,512,3,3,3	identity_bytes	component.vae.decoder.up_blocks.1.resnets.0.conv1.conv.weight	BF16	512,512,3,3,3	vae.decoder	weight
vae	decoder.up_blocks.1.resnets.0.conv2.conv.bias	BF16	512	identity_bytes	component.vae.decoder.up_blocks.1.resnets.0.conv2.conv.bias	BF16	512	vae.decoder	weight
vae	decoder.up_blocks.1.resnets.0.conv2.conv.weight	BF16	512,512,3,3,3	identity_bytes	component.vae.decoder.up_blocks.1.resnets.0.conv2.conv.weight	BF16	512,512,3,3,3	vae.decoder	weight
vae	decoder.up_blocks.1.resnets.0.norm1.norm_layer.bias	BF16	512	identity_bytes	component.vae.decoder.up_blocks.1.resnets.0.norm1.norm_layer.bias	BF16	512	vae.decoder	weight
vae	decoder.up_blocks.1.resnets.0.norm1.norm_layer.weight	BF16	512	identity_bytes	component.vae.decoder.up_blocks.1.resnets.0.norm1.norm_layer.weight	BF16	512	vae.decoder	weight
vae	decoder.up_blocks.1.resnets.0.norm2.norm_layer.bias	BF16	512	identity_bytes	component.vae.decoder.up_blocks.1.resnets.0.norm2.norm_layer.bias	BF16	512	vae.decoder	weight
vae	decoder.up_blocks.1.resnets.0.norm2.norm_layer.weight	BF16	512	identity_bytes	component.vae.decoder.up_blocks.1.resnets.0.norm2.norm_layer.weight	BF16	512	vae.decoder	weight
vae	decoder.up_blocks.1.resnets.1.conv1.conv.bias	BF16	512	identity_bytes	component.vae.decoder.up_blocks.1.resnets.1.conv1.conv.bias	BF16	512	vae.decoder	weight
vae	decoder.up_blocks.1.resnets.1.conv1.conv.weight	BF16	512,512,3,3,3	identity_bytes	component.vae.decoder.up_blocks.1.resnets.1.conv1.conv.weight	BF16	512,512,3,3,3	vae.decoder	weight
vae	decoder.up_blocks.1.resnets.1.conv2.conv.bias	BF16	512	identity_bytes	component.vae.decoder.up_blocks.1.resnets.1.conv2.conv.bias	BF16	512	vae.decoder	weight
vae	decoder.up_blocks.1.resnets.1.conv2.conv.weight	BF16	512,512,3,3,3	identity_bytes	component.vae.decoder.up_blocks.1.resnets.1.conv2.conv.weight	BF16	512,512,3,3,3	vae.decoder	weight
vae	decoder.up_blocks.1.resnets.1.norm1.norm_layer.bias	BF16	512	identity_bytes	component.vae.decoder.up_blocks.1.resnets.1.norm1.norm_layer.bias	BF16	512	vae.decoder	weight
vae	decoder.up_blocks.1.resnets.1.norm1.norm_layer.weight	BF16	512	identity_bytes	component.vae.decoder.up_blocks.1.resnets.1.norm1.norm_layer.weight	BF16	512	vae.decoder	weight
vae	decoder.up_blocks.1.resnets.1.norm2.norm_layer.bias	BF16	512	identity_bytes	component.vae.decoder.up_blocks.1.resnets.1.norm2.norm_layer.bias	BF16	512	vae.decoder	weight
vae	decoder.up_blocks.1.resnets.1.norm2.norm_layer.weight	BF16	512	identity_bytes	component.vae.decoder.up_blocks.1.resnets.1.norm2.norm_layer.weight	BF16	512	vae.decoder	weight
vae	decoder.up_blocks.1.resnets.2.conv1.conv.bias	BF16	512	identity_bytes	component.vae.decoder.up_blocks.1.resnets.2.conv1.conv.bias	BF16	512	vae.decoder	weight
vae	decoder.up_blocks.1.resnets.2.conv1.conv.weight	BF16	512,512,3,3,3	identity_bytes	component.vae.decoder.up_blocks.1.resnets.2.conv1.conv.weight	BF16	512,512,3,3,3	vae.decoder	weight
vae	decoder.up_blocks.1.resnets.2.conv2.conv.bias	BF16	512	identity_bytes	component.vae.decoder.up_blocks.1.resnets.2.conv2.conv.bias	BF16	512	vae.decoder	weight
vae	decoder.up_blocks.1.resnets.2.conv2.conv.weight	BF16	512,512,3,3,3	identity_bytes	component.vae.decoder.up_blocks.1.resnets.2.conv2.conv.weight	BF16	512,512,3,3,3	vae.decoder	weight
vae	decoder.up_blocks.1.resnets.2.norm1.norm_layer.bias	BF16	512	identity_bytes	component.vae.decoder.up_blocks.1.resnets.2.norm1.norm_layer.bias	BF16	512	vae.decoder	weight
vae	decoder.up_blocks.1.resnets.2.norm1.norm_layer.weight	BF16	512	identity_bytes	component.vae.decoder.up_blocks.1.resnets.2.norm1.norm_layer.weight	BF16	512	vae.decoder	weight
vae	decoder.up_blocks.1.resnets.2.norm2.norm_layer.bias	BF16	512	identity_bytes	component.vae.decoder.up_blocks.1.resnets.2.norm2.norm_layer.bias	BF16	512	vae.decoder	weight
vae	decoder.up_blocks.1.resnets.2.norm2.norm_layer.weight	BF16	512	identity_bytes	component.vae.decoder.up_blocks.1.resnets.2.norm2.norm_layer.weight	BF16	512	vae.decoder	weight
vae	decoder.up_blocks.1.resnets.3.conv1.conv.bias	BF16	512	identity_bytes	component.vae.decoder.up_blocks.1.resnets.3.conv1.conv.bias	BF16	512	vae.decoder	weight
vae	decoder.up_blocks.1.resnets.3.conv1.conv.weight	BF16	512,512,3,3,3	identity_bytes	component.vae.decoder.up_blocks.1.resnets.3.conv1.conv.weight	BF16	512,512,3,3,3	vae.decoder	weight
vae	decoder.up_blocks.1.resnets.3.conv2.conv.bias	BF16	512	identity_bytes	component.vae.decoder.up_blocks.1.resnets.3.conv2.conv.bias	BF16	512	vae.decoder	weight
vae	decoder.up_blocks.1.resnets.3.conv2.conv.weight	BF16	512,512,3,3,3	identity_bytes	component.vae.decoder.up_blocks.1.resnets.3.conv2.conv.weight	BF16	512,512,3,3,3	vae.decoder	weight
vae	decoder.up_blocks.1.resnets.3.norm1.norm_layer.bias	BF16	512	identity_bytes	component.vae.decoder.up_blocks.1.resnets.3.norm1.norm_layer.bias	BF16	512	vae.decoder	weight
vae	decoder.up_blocks.1.resnets.3.norm1.norm_layer.weight	BF16	512	identity_bytes	component.vae.decoder.up_blocks.1.resnets.3.norm1.norm_layer.weight	BF16	512	vae.decoder	weight
vae	decoder.up_blocks.1.resnets.3.norm2.norm_layer.bias	BF16	512	identity_bytes	component.vae.decoder.up_blocks.1.resnets.3.norm2.norm_layer.bias	BF16	512	vae.decoder	weight
vae	decoder.up_blocks.1.resnets.3.norm2.norm_layer.weight	BF16	512	identity_bytes	component.vae.decoder.up_blocks.1.resnets.3.norm2.norm_layer.weight	BF16	512	vae.decoder	weight
vae	decoder.up_blocks.2.proj.bias	BF16	512	identity_bytes	component.vae.decoder.up_blocks.2.proj.bias	BF16	512	vae.decoder	weight
vae	decoder.up_blocks.2.proj.weight	BF16	512,256	identity_bytes	component.vae.decoder.up_blocks.2.proj.weight	BF16	512,256	vae.decoder	weight
vae	decoder.up_blocks.2.resnets.0.conv1.conv.bias	BF16	256	identity_bytes	component.vae.decoder.up_blocks.2.resnets.0.conv1.conv.bias	BF16	256	vae.decoder	weight
vae	decoder.up_blocks.2.resnets.0.conv1.conv.weight	BF16	256,256,3,3,3	identity_bytes	component.vae.decoder.up_blocks.2.resnets.0.conv1.conv.weight	BF16	256,256,3,3,3	vae.decoder	weight
vae	decoder.up_blocks.2.resnets.0.conv2.conv.bias	BF16	256	identity_bytes	component.vae.decoder.up_blocks.2.resnets.0.conv2.conv.bias	BF16	256	vae.decoder	weight
vae	decoder.up_blocks.2.resnets.0.conv2.conv.weight	BF16	256,256,3,3,3	identity_bytes	component.vae.decoder.up_blocks.2.resnets.0.conv2.conv.weight	BF16	256,256,3,3,3	vae.decoder	weight
vae	decoder.up_blocks.2.resnets.0.norm1.norm_layer.bias	BF16	256	identity_bytes	component.vae.decoder.up_blocks.2.resnets.0.norm1.norm_layer.bias	BF16	256	vae.decoder	weight
vae	decoder.up_blocks.2.resnets.0.norm1.norm_layer.weight	BF16	256	identity_bytes	component.vae.decoder.up_blocks.2.resnets.0.norm1.norm_layer.weight	BF16	256	vae.decoder	weight
vae	decoder.up_blocks.2.resnets.0.norm2.norm_layer.bias	BF16	256	identity_bytes	component.vae.decoder.up_blocks.2.resnets.0.norm2.norm_layer.bias	BF16	256	vae.decoder	weight
vae	decoder.up_blocks.2.resnets.0.norm2.norm_layer.weight	BF16	256	identity_bytes	component.vae.decoder.up_blocks.2.resnets.0.norm2.norm_layer.weight	BF16	256	vae.decoder	weight
vae	decoder.up_blocks.2.resnets.1.conv1.conv.bias	BF16	256	identity_bytes	component.vae.decoder.up_blocks.2.resnets.1.conv1.conv.bias	BF16	256	vae.decoder	weight
vae	decoder.up_blocks.2.resnets.1.conv1.conv.weight	BF16	256,256,3,3,3	identity_bytes	component.vae.decoder.up_blocks.2.resnets.1.conv1.conv.weight	BF16	256,256,3,3,3	vae.decoder	weight
vae	decoder.up_blocks.2.resnets.1.conv2.conv.bias	BF16	256	identity_bytes	component.vae.decoder.up_blocks.2.resnets.1.conv2.conv.bias	BF16	256	vae.decoder	weight
vae	decoder.up_blocks.2.resnets.1.conv2.conv.weight	BF16	256,256,3,3,3	identity_bytes	component.vae.decoder.up_blocks.2.resnets.1.conv2.conv.weight	BF16	256,256,3,3,3	vae.decoder	weight
vae	decoder.up_blocks.2.resnets.1.norm1.norm_layer.bias	BF16	256	identity_bytes	component.vae.decoder.up_blocks.2.resnets.1.norm1.norm_layer.bias	BF16	256	vae.decoder	weight
vae	decoder.up_blocks.2.resnets.1.norm1.norm_layer.weight	BF16	256	identity_bytes	component.vae.decoder.up_blocks.2.resnets.1.norm1.norm_layer.weight	BF16	256	vae.decoder	weight
vae	decoder.up_blocks.2.resnets.1.norm2.norm_layer.bias	BF16	256	identity_bytes	component.vae.decoder.up_blocks.2.resnets.1.norm2.norm_layer.bias	BF16	256	vae.decoder	weight
vae	decoder.up_blocks.2.resnets.1.norm2.norm_layer.weight	BF16	256	identity_bytes	component.vae.decoder.up_blocks.2.resnets.1.norm2.norm_layer.weight	BF16	256	vae.decoder	weight
vae	decoder.up_blocks.2.resnets.2.conv1.conv.bias	BF16	256	identity_bytes	component.vae.decoder.up_blocks.2.resnets.2.conv1.conv.bias	BF16	256	vae.decoder	weight
vae	decoder.up_blocks.2.resnets.2.conv1.conv.weight	BF16	256,256,3,3,3	identity_bytes	component.vae.decoder.up_blocks.2.resnets.2.conv1.conv.weight	BF16	256,256,3,3,3	vae.decoder	weight
vae	decoder.up_blocks.2.resnets.2.conv2.conv.bias	BF16	256	identity_bytes	component.vae.decoder.up_blocks.2.resnets.2.conv2.conv.bias	BF16	256	vae.decoder	weight
vae	decoder.up_blocks.2.resnets.2.conv2.conv.weight	BF16	256,256,3,3,3	identity_bytes	component.vae.decoder.up_blocks.2.resnets.2.conv2.conv.weight	BF16	256,256,3,3,3	vae.decoder	weight
vae	decoder.up_blocks.2.resnets.2.norm1.norm_layer.bias	BF16	256	identity_bytes	component.vae.decoder.up_blocks.2.resnets.2.norm1.norm_layer.bias	BF16	256	vae.decoder	weight
vae	decoder.up_blocks.2.resnets.2.norm1.norm_layer.weight	BF16	256	identity_bytes	component.vae.decoder.up_blocks.2.resnets.2.norm1.norm_layer.weight	BF16	256	vae.decoder	weight
vae	decoder.up_blocks.2.resnets.2.norm2.norm_layer.bias	BF16	256	identity_bytes	component.vae.decoder.up_blocks.2.resnets.2.norm2.norm_layer.bias	BF16	256	vae.decoder	weight
vae	decoder.up_blocks.2.resnets.2.norm2.norm_layer.weight	BF16	256	identity_bytes	component.vae.decoder.up_blocks.2.resnets.2.norm2.norm_layer.weight	BF16	256	vae.decoder	weight
transformer-3	norm_out.linear.bias	BF16	6144	identity_bytes	denoiser.norm_out.linear.bias	BF16	6144	denoiser	weight
transformer-3	norm_out.linear.weight	BF16	6144,3072	identity_bytes	denoiser.norm_out.linear.weight	BF16	6144,3072	denoiser	weight
transformer-1	patch_embed.proj.bias	BF16	3072	identity_bytes	denoiser.patch_embed.proj.bias	BF16	3072	denoiser	weight
transformer-1	patch_embed.proj.weight	BF16	3072,12,2,2	identity_bytes	denoiser.patch_embed.proj.weight	BF16	3072,12,2,2	denoiser	weight
transformer-1	pos_frequencies	BF16	3,24,64	identity_bytes	denoiser.pos_frequencies	BF16	3,24,64	denoiser	weight
transformer-3	proj_out.bias	BF16	48	identity_bytes	denoiser.proj_out.bias	BF16	48	denoiser	weight
transformer-3	proj_out.weight	BF16	48,3072	identity_bytes	denoiser.proj_out.weight	BF16	48,3072	denoiser	weight
transformer-1	time_embed.caption_proj.bias	BF16	1536	identity_bytes	denoiser.time_embed.caption_proj.bias	BF16	1536	denoiser	weight
transformer-1	time_embed.caption_proj.weight	BF16	1536,4096	identity_bytes	denoiser.time_embed.caption_proj.weight	BF16	1536,4096	denoiser	weight
transformer-1	time_embed.pooler.to_kv.bias	BF16	8192	identity_bytes	denoiser.time_embed.pooler.to_kv.bias	BF16	8192	denoiser	weight
transformer-1	time_embed.pooler.to_kv.weight	BF16	8192,4096	identity_bytes	denoiser.time_embed.pooler.to_kv.weight	BF16	8192,4096	denoiser	weight
transformer-1	time_embed.pooler.to_out.bias	BF16	3072	identity_bytes	denoiser.time_embed.pooler.to_out.bias	BF16	3072	denoiser	weight
transformer-1	time_embed.pooler.to_out.weight	BF16	3072,4096	identity_bytes	denoiser.time_embed.pooler.to_out.weight	BF16	3072,4096	denoiser	weight
transformer-1	time_embed.pooler.to_q.bias	BF16	4096	identity_bytes	denoiser.time_embed.pooler.to_q.bias	BF16	4096	denoiser	weight
transformer-1	time_embed.pooler.to_q.weight	BF16	4096,4096	identity_bytes	denoiser.time_embed.pooler.to_q.weight	BF16	4096,4096	denoiser	weight
transformer-1	time_embed.timestep_embedder.linear_1.bias	BF16	3072	identity_bytes	denoiser.time_embed.timestep_embedder.linear_1.bias	BF16	3072	denoiser	weight
transformer-1	time_embed.timestep_embedder.linear_1.weight	BF16	3072,256	identity_bytes	denoiser.time_embed.timestep_embedder.linear_1.weight	BF16	3072,256	denoiser	weight
transformer-1	time_embed.timestep_embedder.linear_2.bias	BF16	3072	identity_bytes	denoiser.time_embed.timestep_embedder.linear_2.bias	BF16	3072	denoiser	weight
transformer-1	time_embed.timestep_embedder.linear_2.weight	BF16	3072,3072	identity_bytes	denoiser.time_embed.timestep_embedder.linear_2.weight	BF16	3072,3072	denoiser	weight
transformer-1	transformer_blocks.0.attn1.add_k_proj.weight	BF16	3072,1536	identity_bytes	denoiser.transformer_blocks.0.attn1.add_k_proj.weight	BF16	3072,1536	denoiser	weight
transformer-1	transformer_blocks.0.attn1.add_q_proj.weight	BF16	3072,1536	identity_bytes	denoiser.transformer_blocks.0.attn1.add_q_proj.weight	BF16	3072,1536	denoiser	weight
transformer-1	transformer_blocks.0.attn1.add_v_proj.weight	BF16	3072,1536	identity_bytes	denoiser.transformer_blocks.0.attn1.add_v_proj.weight	BF16	3072,1536	denoiser	weight
transformer-1	transformer_blocks.0.attn1.norm_added_k.weight	BF16	128	identity_bytes	denoiser.transformer_blocks.0.attn1.norm_added_k.weight	BF16	128	denoiser	weight
transformer-1	transformer_blocks.0.attn1.norm_added_q.weight	BF16	128	identity_bytes	denoiser.transformer_blocks.0.attn1.norm_added_q.weight	BF16	128	denoiser	weight
transformer-1	transformer_blocks.0.attn1.norm_k.weight	BF16	128	identity_bytes	denoiser.transformer_blocks.0.attn1.norm_k.weight	BF16	128	denoiser	weight
transformer-1	transformer_blocks.0.attn1.norm_q.weight	BF16	128	identity_bytes	denoiser.transformer_blocks.0.attn1.norm_q.weight	BF16	128	denoiser	weight
transformer-1	transformer_blocks.0.attn1.to_add_out.bias	BF16	1536	identity_bytes	denoiser.transformer_blocks.0.attn1.to_add_out.bias	BF16	1536	denoiser	weight
transformer-1	transformer_blocks.0.attn1.to_add_out.weight	BF16	1536,3072	identity_bytes	denoiser.transformer_blocks.0.attn1.to_add_out.weight	BF16	1536,3072	denoiser	weight
transformer-1	transformer_blocks.0.attn1.to_k.weight	BF16	3072,3072	identity_bytes	denoiser.transformer_blocks.0.attn1.to_k.weight	BF16	3072,3072	denoiser	weight
transformer-1	transformer_blocks.0.attn1.to_out.0.bias	BF16	3072	identity_bytes	denoiser.transformer_blocks.0.attn1.to_out.0.bias	BF16	3072	denoiser	weight
transformer-1	transformer_blocks.0.attn1.to_out.0.weight	BF16	3072,3072	identity_bytes	denoiser.transformer_blocks.0.attn1.to_out.0.weight	BF16	3072,3072	denoiser	weight
transformer-1	transformer_blocks.0.attn1.to_q.weight	BF16	3072,3072	identity_bytes	denoiser.transformer_blocks.0.attn1.to_q.weight	BF16	3072,3072	denoiser	weight
transformer-1	transformer_blocks.0.attn1.to_v.weight	BF16	3072,3072	identity_bytes	denoiser.transformer_blocks.0.attn1.to_v.weight	BF16	3072,3072	denoiser	weight
transformer-1	transformer_blocks.0.ff.net.0.proj.weight	BF16	16384,3072	identity_bytes	denoiser.transformer_blocks.0.ff.net.0.proj.weight	BF16	16384,3072	denoiser	weight
transformer-1	transformer_blocks.0.ff.net.2.weight	BF16	3072,8192	identity_bytes	denoiser.transformer_blocks.0.ff.net.2.weight	BF16	3072,8192	denoiser	weight
transformer-1	transformer_blocks.0.ff_context.net.0.proj.weight	BF16	8192,1536	identity_bytes	denoiser.transformer_blocks.0.ff_context.net.0.proj.weight	BF16	8192,1536	denoiser	weight
transformer-1	transformer_blocks.0.ff_context.net.2.weight	BF16	1536,4096	identity_bytes	denoiser.transformer_blocks.0.ff_context.net.2.weight	BF16	1536,4096	denoiser	weight
transformer-1	transformer_blocks.0.norm1.linear.bias	BF16	12288	identity_bytes	denoiser.transformer_blocks.0.norm1.linear.bias	BF16	12288	denoiser	weight
transformer-1	transformer_blocks.0.norm1.linear.weight	BF16	12288,3072	identity_bytes	denoiser.transformer_blocks.0.norm1.linear.weight	BF16	12288,3072	denoiser	weight
transformer-1	transformer_blocks.0.norm1_context.linear.bias	BF16	6144	identity_bytes	denoiser.transformer_blocks.0.norm1_context.linear.bias	BF16	6144	denoiser	weight
transformer-1	transformer_blocks.0.norm1_context.linear.weight	BF16	6144,3072	identity_bytes	denoiser.transformer_blocks.0.norm1_context.linear.weight	BF16	6144,3072	denoiser	weight
transformer-1	transformer_blocks.1.attn1.add_k_proj.weight	BF16	3072,1536	identity_bytes	denoiser.transformer_blocks.1.attn1.add_k_proj.weight	BF16	3072,1536	denoiser	weight
transformer-1	transformer_blocks.1.attn1.add_q_proj.weight	BF16	3072,1536	identity_bytes	denoiser.transformer_blocks.1.attn1.add_q_proj.weight	BF16	3072,1536	denoiser	weight
transformer-1	transformer_blocks.1.attn1.add_v_proj.weight	BF16	3072,1536	identity_bytes	denoiser.transformer_blocks.1.attn1.add_v_proj.weight	BF16	3072,1536	denoiser	weight
transformer-1	transformer_blocks.1.attn1.norm_added_k.weight	BF16	128	identity_bytes	denoiser.transformer_blocks.1.attn1.norm_added_k.weight	BF16	128	denoiser	weight
transformer-1	transformer_blocks.1.attn1.norm_added_q.weight	BF16	128	identity_bytes	denoiser.transformer_blocks.1.attn1.norm_added_q.weight	BF16	128	denoiser	weight
transformer-1	transformer_blocks.1.attn1.norm_k.weight	BF16	128	identity_bytes	denoiser.transformer_blocks.1.attn1.norm_k.weight	BF16	128	denoiser	weight
transformer-1	transformer_blocks.1.attn1.norm_q.weight	BF16	128	identity_bytes	denoiser.transformer_blocks.1.attn1.norm_q.weight	BF16	128	denoiser	weight
transformer-1	transformer_blocks.1.attn1.to_add_out.bias	BF16	1536	identity_bytes	denoiser.transformer_blocks.1.attn1.to_add_out.bias	BF16	1536	denoiser	weight
transformer-1	transformer_blocks.1.attn1.to_add_out.weight	BF16	1536,3072	identity_bytes	denoiser.transformer_blocks.1.attn1.to_add_out.weight	BF16	1536,3072	denoiser	weight
transformer-1	transformer_blocks.1.attn1.to_k.weight	BF16	3072,3072	identity_bytes	denoiser.transformer_blocks.1.attn1.to_k.weight	BF16	3072,3072	denoiser	weight
transformer-1	transformer_blocks.1.attn1.to_out.0.bias	BF16	3072	identity_bytes	denoiser.transformer_blocks.1.attn1.to_out.0.bias	BF16	3072	denoiser	weight
transformer-1	transformer_blocks.1.attn1.to_out.0.weight	BF16	3072,3072	identity_bytes	denoiser.transformer_blocks.1.attn1.to_out.0.weight	BF16	3072,3072	denoiser	weight
transformer-1	transformer_blocks.1.attn1.to_q.weight	BF16	3072,3072	identity_bytes	denoiser.transformer_blocks.1.attn1.to_q.weight	BF16	3072,3072	denoiser	weight
transformer-1	transformer_blocks.1.attn1.to_v.weight	BF16	3072,3072	identity_bytes	denoiser.transformer_blocks.1.attn1.to_v.weight	BF16	3072,3072	denoiser	weight
transformer-1	transformer_blocks.1.ff.net.0.proj.weight	BF16	16384,3072	identity_bytes	denoiser.transformer_blocks.1.ff.net.0.proj.weight	BF16	16384,3072	denoiser	weight
transformer-1	transformer_blocks.1.ff.net.2.weight	BF16	3072,8192	identity_bytes	denoiser.transformer_blocks.1.ff.net.2.weight	BF16	3072,8192	denoiser	weight
transformer-1	transformer_blocks.1.ff_context.net.0.proj.weight	BF16	8192,1536	identity_bytes	denoiser.transformer_blocks.1.ff_context.net.0.proj.weight	BF16	8192,1536	denoiser	weight
transformer-1	transformer_blocks.1.ff_context.net.2.weight	BF16	1536,4096	identity_bytes	denoiser.transformer_blocks.1.ff_context.net.2.weight	BF16	1536,4096	denoiser	weight
transformer-1	transformer_blocks.1.norm1.linear.bias	BF16	12288	identity_bytes	denoiser.transformer_blocks.1.norm1.linear.bias	BF16	12288	denoiser	weight
transformer-1	transformer_blocks.1.norm1.linear.weight	BF16	12288,3072	identity_bytes	denoiser.transformer_blocks.1.norm1.linear.weight	BF16	12288,3072	denoiser	weight
transformer-1	transformer_blocks.1.norm1_context.linear.bias	BF16	6144	identity_bytes	denoiser.transformer_blocks.1.norm1_context.linear.bias	BF16	6144	denoiser	weight
transformer-1	transformer_blocks.1.norm1_context.linear.weight	BF16	6144,3072	identity_bytes	denoiser.transformer_blocks.1.norm1_context.linear.weight	BF16	6144,3072	denoiser	weight
transformer-1	transformer_blocks.10.attn1.add_k_proj.weight	BF16	3072,1536	identity_bytes	denoiser.transformer_blocks.10.attn1.add_k_proj.weight	BF16	3072,1536	denoiser	weight
transformer-1	transformer_blocks.10.attn1.add_q_proj.weight	BF16	3072,1536	identity_bytes	denoiser.transformer_blocks.10.attn1.add_q_proj.weight	BF16	3072,1536	denoiser	weight
transformer-1	transformer_blocks.10.attn1.add_v_proj.weight	BF16	3072,1536	identity_bytes	denoiser.transformer_blocks.10.attn1.add_v_proj.weight	BF16	3072,1536	denoiser	weight
transformer-1	transformer_blocks.10.attn1.norm_added_k.weight	BF16	128	identity_bytes	denoiser.transformer_blocks.10.attn1.norm_added_k.weight	BF16	128	denoiser	weight
transformer-1	transformer_blocks.10.attn1.norm_added_q.weight	BF16	128	identity_bytes	denoiser.transformer_blocks.10.attn1.norm_added_q.weight	BF16	128	denoiser	weight
transformer-1	transformer_blocks.10.attn1.norm_k.weight	BF16	128	identity_bytes	denoiser.transformer_blocks.10.attn1.norm_k.weight	BF16	128	denoiser	weight
transformer-1	transformer_blocks.10.attn1.norm_q.weight	BF16	128	identity_bytes	denoiser.transformer_blocks.10.attn1.norm_q.weight	BF16	128	denoiser	weight
transformer-1	transformer_blocks.10.attn1.to_add_out.bias	BF16	1536	identity_bytes	denoiser.transformer_blocks.10.attn1.to_add_out.bias	BF16	1536	denoiser	weight
transformer-1	transformer_blocks.10.attn1.to_add_out.weight	BF16	1536,3072	identity_bytes	denoiser.transformer_blocks.10.attn1.to_add_out.weight	BF16	1536,3072	denoiser	weight
transformer-1	transformer_blocks.10.attn1.to_k.weight	BF16	3072,3072	identity_bytes	denoiser.transformer_blocks.10.attn1.to_k.weight	BF16	3072,3072	denoiser	weight
transformer-1	transformer_blocks.10.attn1.to_out.0.bias	BF16	3072	identity_bytes	denoiser.transformer_blocks.10.attn1.to_out.0.bias	BF16	3072	denoiser	weight
transformer-1	transformer_blocks.10.attn1.to_out.0.weight	BF16	3072,3072	identity_bytes	denoiser.transformer_blocks.10.attn1.to_out.0.weight	BF16	3072,3072	denoiser	weight
transformer-1	transformer_blocks.10.attn1.to_q.weight	BF16	3072,3072	identity_bytes	denoiser.transformer_blocks.10.attn1.to_q.weight	BF16	3072,3072	denoiser	weight
transformer-1	transformer_blocks.10.attn1.to_v.weight	BF16	3072,3072	identity_bytes	denoiser.transformer_blocks.10.attn1.to_v.weight	BF16	3072,3072	denoiser	weight
transformer-1	transformer_blocks.10.ff.net.0.proj.weight	BF16	16384,3072	identity_bytes	denoiser.transformer_blocks.10.ff.net.0.proj.weight	BF16	16384,3072	denoiser	weight
transformer-1	transformer_blocks.10.ff.net.2.weight	BF16	3072,8192	identity_bytes	denoiser.transformer_blocks.10.ff.net.2.weight	BF16	3072,8192	denoiser	weight
transformer-1	transformer_blocks.10.ff_context.net.0.proj.weight	BF16	8192,1536	identity_bytes	denoiser.transformer_blocks.10.ff_context.net.0.proj.weight	BF16	8192,1536	denoiser	weight
transformer-1	transformer_blocks.10.ff_context.net.2.weight	BF16	1536,4096	identity_bytes	denoiser.transformer_blocks.10.ff_context.net.2.weight	BF16	1536,4096	denoiser	weight
transformer-1	transformer_blocks.10.norm1.linear.bias	BF16	12288	identity_bytes	denoiser.transformer_blocks.10.norm1.linear.bias	BF16	12288	denoiser	weight
transformer-1	transformer_blocks.10.norm1.linear.weight	BF16	12288,3072	identity_bytes	denoiser.transformer_blocks.10.norm1.linear.weight	BF16	12288,3072	denoiser	weight
transformer-1	transformer_blocks.10.norm1_context.linear.bias	BF16	6144	identity_bytes	denoiser.transformer_blocks.10.norm1_context.linear.bias	BF16	6144	denoiser	weight
transformer-1	transformer_blocks.10.norm1_context.linear.weight	BF16	6144,3072	identity_bytes	denoiser.transformer_blocks.10.norm1_context.linear.weight	BF16	6144,3072	denoiser	weight
transformer-1	transformer_blocks.11.attn1.add_k_proj.weight	BF16	3072,1536	identity_bytes	denoiser.transformer_blocks.11.attn1.add_k_proj.weight	BF16	3072,1536	denoiser	weight
transformer-1	transformer_blocks.11.attn1.add_q_proj.weight	BF16	3072,1536	identity_bytes	denoiser.transformer_blocks.11.attn1.add_q_proj.weight	BF16	3072,1536	denoiser	weight
transformer-1	transformer_blocks.11.attn1.add_v_proj.weight	BF16	3072,1536	identity_bytes	denoiser.transformer_blocks.11.attn1.add_v_proj.weight	BF16	3072,1536	denoiser	weight
transformer-1	transformer_blocks.11.attn1.norm_added_k.weight	BF16	128	identity_bytes	denoiser.transformer_blocks.11.attn1.norm_added_k.weight	BF16	128	denoiser	weight
transformer-1	transformer_blocks.11.attn1.norm_added_q.weight	BF16	128	identity_bytes	denoiser.transformer_blocks.11.attn1.norm_added_q.weight	BF16	128	denoiser	weight
transformer-1	transformer_blocks.11.attn1.norm_k.weight	BF16	128	identity_bytes	denoiser.transformer_blocks.11.attn1.norm_k.weight	BF16	128	denoiser	weight
transformer-1	transformer_blocks.11.attn1.norm_q.weight	BF16	128	identity_bytes	denoiser.transformer_blocks.11.attn1.norm_q.weight	BF16	128	denoiser	weight
transformer-1	transformer_blocks.11.attn1.to_add_out.bias	BF16	1536	identity_bytes	denoiser.transformer_blocks.11.attn1.to_add_out.bias	BF16	1536	denoiser	weight
transformer-1	transformer_blocks.11.attn1.to_add_out.weight	BF16	1536,3072	identity_bytes	denoiser.transformer_blocks.11.attn1.to_add_out.weight	BF16	1536,3072	denoiser	weight
transformer-1	transformer_blocks.11.attn1.to_k.weight	BF16	3072,3072	identity_bytes	denoiser.transformer_blocks.11.attn1.to_k.weight	BF16	3072,3072	denoiser	weight
transformer-1	transformer_blocks.11.attn1.to_out.0.bias	BF16	3072	identity_bytes	denoiser.transformer_blocks.11.attn1.to_out.0.bias	BF16	3072	denoiser	weight
transformer-1	transformer_blocks.11.attn1.to_out.0.weight	BF16	3072,3072	identity_bytes	denoiser.transformer_blocks.11.attn1.to_out.0.weight	BF16	3072,3072	denoiser	weight
transformer-1	transformer_blocks.11.attn1.to_q.weight	BF16	3072,3072	identity_bytes	denoiser.transformer_blocks.11.attn1.to_q.weight	BF16	3072,3072	denoiser	weight
transformer-1	transformer_blocks.11.attn1.to_v.weight	BF16	3072,3072	identity_bytes	denoiser.transformer_blocks.11.attn1.to_v.weight	BF16	3072,3072	denoiser	weight
transformer-1	transformer_blocks.11.ff.net.0.proj.weight	BF16	16384,3072	identity_bytes	denoiser.transformer_blocks.11.ff.net.0.proj.weight	BF16	16384,3072	denoiser	weight
transformer-1	transformer_blocks.11.ff.net.2.weight	BF16	3072,8192	identity_bytes	denoiser.transformer_blocks.11.ff.net.2.weight	BF16	3072,8192	denoiser	weight
transformer-1	transformer_blocks.11.ff_context.net.0.proj.weight	BF16	8192,1536	identity_bytes	denoiser.transformer_blocks.11.ff_context.net.0.proj.weight	BF16	8192,1536	denoiser	weight
transformer-1	transformer_blocks.11.ff_context.net.2.weight	BF16	1536,4096	identity_bytes	denoiser.transformer_blocks.11.ff_context.net.2.weight	BF16	1536,4096	denoiser	weight
transformer-1	transformer_blocks.11.norm1.linear.bias	BF16	12288	identity_bytes	denoiser.transformer_blocks.11.norm1.linear.bias	BF16	12288	denoiser	weight
transformer-1	transformer_blocks.11.norm1.linear.weight	BF16	12288,3072	identity_bytes	denoiser.transformer_blocks.11.norm1.linear.weight	BF16	12288,3072	denoiser	weight
transformer-1	transformer_blocks.11.norm1_context.linear.bias	BF16	6144	identity_bytes	denoiser.transformer_blocks.11.norm1_context.linear.bias	BF16	6144	denoiser	weight
transformer-1	transformer_blocks.11.norm1_context.linear.weight	BF16	6144,3072	identity_bytes	denoiser.transformer_blocks.11.norm1_context.linear.weight	BF16	6144,3072	denoiser	weight
transformer-1	transformer_blocks.12.attn1.add_k_proj.weight	BF16	3072,1536	identity_bytes	denoiser.transformer_blocks.12.attn1.add_k_proj.weight	BF16	3072,1536	denoiser	weight
transformer-1	transformer_blocks.12.attn1.add_q_proj.weight	BF16	3072,1536	identity_bytes	denoiser.transformer_blocks.12.attn1.add_q_proj.weight	BF16	3072,1536	denoiser	weight
transformer-1	transformer_blocks.12.attn1.add_v_proj.weight	BF16	3072,1536	identity_bytes	denoiser.transformer_blocks.12.attn1.add_v_proj.weight	BF16	3072,1536	denoiser	weight
transformer-1	transformer_blocks.12.attn1.norm_added_k.weight	BF16	128	identity_bytes	denoiser.transformer_blocks.12.attn1.norm_added_k.weight	BF16	128	denoiser	weight
transformer-1	transformer_blocks.12.attn1.norm_added_q.weight	BF16	128	identity_bytes	denoiser.transformer_blocks.12.attn1.norm_added_q.weight	BF16	128	denoiser	weight
transformer-1	transformer_blocks.12.attn1.norm_k.weight	BF16	128	identity_bytes	denoiser.transformer_blocks.12.attn1.norm_k.weight	BF16	128	denoiser	weight
transformer-1	transformer_blocks.12.attn1.norm_q.weight	BF16	128	identity_bytes	denoiser.transformer_blocks.12.attn1.norm_q.weight	BF16	128	denoiser	weight
transformer-1	transformer_blocks.12.attn1.to_add_out.bias	BF16	1536	identity_bytes	denoiser.transformer_blocks.12.attn1.to_add_out.bias	BF16	1536	denoiser	weight
transformer-1	transformer_blocks.12.attn1.to_add_out.weight	BF16	1536,3072	identity_bytes	denoiser.transformer_blocks.12.attn1.to_add_out.weight	BF16	1536,3072	denoiser	weight
transformer-1	transformer_blocks.12.attn1.to_k.weight	BF16	3072,3072	identity_bytes	denoiser.transformer_blocks.12.attn1.to_k.weight	BF16	3072,3072	denoiser	weight
transformer-1	transformer_blocks.12.attn1.to_out.0.bias	BF16	3072	identity_bytes	denoiser.transformer_blocks.12.attn1.to_out.0.bias	BF16	3072	denoiser	weight
transformer-1	transformer_blocks.12.attn1.to_out.0.weight	BF16	3072,3072	identity_bytes	denoiser.transformer_blocks.12.attn1.to_out.0.weight	BF16	3072,3072	denoiser	weight
transformer-1	transformer_blocks.12.attn1.to_q.weight	BF16	3072,3072	identity_bytes	denoiser.transformer_blocks.12.attn1.to_q.weight	BF16	3072,3072	denoiser	weight
transformer-1	transformer_blocks.12.attn1.to_v.weight	BF16	3072,3072	identity_bytes	denoiser.transformer_blocks.12.attn1.to_v.weight	BF16	3072,3072	denoiser	weight
transformer-1	transformer_blocks.12.ff.net.0.proj.weight	BF16	16384,3072	identity_bytes	denoiser.transformer_blocks.12.ff.net.0.proj.weight	BF16	16384,3072	denoiser	weight
transformer-1	transformer_blocks.12.ff.net.2.weight	BF16	3072,8192	identity_bytes	denoiser.transformer_blocks.12.ff.net.2.weight	BF16	3072,8192	denoiser	weight
transformer-1	transformer_blocks.12.ff_context.net.0.proj.weight	BF16	8192,1536	identity_bytes	denoiser.transformer_blocks.12.ff_context.net.0.proj.weight	BF16	8192,1536	denoiser	weight
transformer-1	transformer_blocks.12.ff_context.net.2.weight	BF16	1536,4096	identity_bytes	denoiser.transformer_blocks.12.ff_context.net.2.weight	BF16	1536,4096	denoiser	weight
transformer-1	transformer_blocks.12.norm1.linear.bias	BF16	12288	identity_bytes	denoiser.transformer_blocks.12.norm1.linear.bias	BF16	12288	denoiser	weight
transformer-1	transformer_blocks.12.norm1.linear.weight	BF16	12288,3072	identity_bytes	denoiser.transformer_blocks.12.norm1.linear.weight	BF16	12288,3072	denoiser	weight
transformer-1	transformer_blocks.12.norm1_context.linear.bias	BF16	6144	identity_bytes	denoiser.transformer_blocks.12.norm1_context.linear.bias	BF16	6144	denoiser	weight
transformer-1	transformer_blocks.12.norm1_context.linear.weight	BF16	6144,3072	identity_bytes	denoiser.transformer_blocks.12.norm1_context.linear.weight	BF16	6144,3072	denoiser	weight
transformer-1	transformer_blocks.13.attn1.add_k_proj.weight	BF16	3072,1536	identity_bytes	denoiser.transformer_blocks.13.attn1.add_k_proj.weight	BF16	3072,1536	denoiser	weight
transformer-1	transformer_blocks.13.attn1.add_q_proj.weight	BF16	3072,1536	identity_bytes	denoiser.transformer_blocks.13.attn1.add_q_proj.weight	BF16	3072,1536	denoiser	weight
transformer-1	transformer_blocks.13.attn1.add_v_proj.weight	BF16	3072,1536	identity_bytes	denoiser.transformer_blocks.13.attn1.add_v_proj.weight	BF16	3072,1536	denoiser	weight
transformer-1	transformer_blocks.13.attn1.norm_added_k.weight	BF16	128	identity_bytes	denoiser.transformer_blocks.13.attn1.norm_added_k.weight	BF16	128	denoiser	weight
transformer-1	transformer_blocks.13.attn1.norm_added_q.weight	BF16	128	identity_bytes	denoiser.transformer_blocks.13.attn1.norm_added_q.weight	BF16	128	denoiser	weight
transformer-1	transformer_blocks.13.attn1.norm_k.weight	BF16	128	identity_bytes	denoiser.transformer_blocks.13.attn1.norm_k.weight	BF16	128	denoiser	weight
transformer-1	transformer_blocks.13.attn1.norm_q.weight	BF16	128	identity_bytes	denoiser.transformer_blocks.13.attn1.norm_q.weight	BF16	128	denoiser	weight
transformer-1	transformer_blocks.13.attn1.to_add_out.bias	BF16	1536	identity_bytes	denoiser.transformer_blocks.13.attn1.to_add_out.bias	BF16	1536	denoiser	weight
transformer-1	transformer_blocks.13.attn1.to_add_out.weight	BF16	1536,3072	identity_bytes	denoiser.transformer_blocks.13.attn1.to_add_out.weight	BF16	1536,3072	denoiser	weight
transformer-1	transformer_blocks.13.attn1.to_k.weight	BF16	3072,3072	identity_bytes	denoiser.transformer_blocks.13.attn1.to_k.weight	BF16	3072,3072	denoiser	weight
transformer-1	transformer_blocks.13.attn1.to_out.0.bias	BF16	3072	identity_bytes	denoiser.transformer_blocks.13.attn1.to_out.0.bias	BF16	3072	denoiser	weight
transformer-1	transformer_blocks.13.attn1.to_out.0.weight	BF16	3072,3072	identity_bytes	denoiser.transformer_blocks.13.attn1.to_out.0.weight	BF16	3072,3072	denoiser	weight
transformer-1	transformer_blocks.13.attn1.to_q.weight	BF16	3072,3072	identity_bytes	denoiser.transformer_blocks.13.attn1.to_q.weight	BF16	3072,3072	denoiser	weight
transformer-1	transformer_blocks.13.attn1.to_v.weight	BF16	3072,3072	identity_bytes	denoiser.transformer_blocks.13.attn1.to_v.weight	BF16	3072,3072	denoiser	weight
transformer-1	transformer_blocks.13.ff.net.0.proj.weight	BF16	16384,3072	identity_bytes	denoiser.transformer_blocks.13.ff.net.0.proj.weight	BF16	16384,3072	denoiser	weight
transformer-1	transformer_blocks.13.ff.net.2.weight	BF16	3072,8192	identity_bytes	denoiser.transformer_blocks.13.ff.net.2.weight	BF16	3072,8192	denoiser	weight
transformer-1	transformer_blocks.13.ff_context.net.0.proj.weight	BF16	8192,1536	identity_bytes	denoiser.transformer_blocks.13.ff_context.net.0.proj.weight	BF16	8192,1536	denoiser	weight
transformer-1	transformer_blocks.13.ff_context.net.2.weight	BF16	1536,4096	identity_bytes	denoiser.transformer_blocks.13.ff_context.net.2.weight	BF16	1536,4096	denoiser	weight
transformer-1	transformer_blocks.13.norm1.linear.bias	BF16	12288	identity_bytes	denoiser.transformer_blocks.13.norm1.linear.bias	BF16	12288	denoiser	weight
transformer-1	transformer_blocks.13.norm1.linear.weight	BF16	12288,3072	identity_bytes	denoiser.transformer_blocks.13.norm1.linear.weight	BF16	12288,3072	denoiser	weight
transformer-1	transformer_blocks.13.norm1_context.linear.bias	BF16	6144	identity_bytes	denoiser.transformer_blocks.13.norm1_context.linear.bias	BF16	6144	denoiser	weight
transformer-1	transformer_blocks.13.norm1_context.linear.weight	BF16	6144,3072	identity_bytes	denoiser.transformer_blocks.13.norm1_context.linear.weight	BF16	6144,3072	denoiser	weight
transformer-1	transformer_blocks.14.attn1.add_k_proj.weight	BF16	3072,1536	identity_bytes	denoiser.transformer_blocks.14.attn1.add_k_proj.weight	BF16	3072,1536	denoiser	weight
transformer-1	transformer_blocks.14.attn1.add_q_proj.weight	BF16	3072,1536	identity_bytes	denoiser.transformer_blocks.14.attn1.add_q_proj.weight	BF16	3072,1536	denoiser	weight
transformer-1	transformer_blocks.14.attn1.add_v_proj.weight	BF16	3072,1536	identity_bytes	denoiser.transformer_blocks.14.attn1.add_v_proj.weight	BF16	3072,1536	denoiser	weight
transformer-1	transformer_blocks.14.attn1.norm_added_k.weight	BF16	128	identity_bytes	denoiser.transformer_blocks.14.attn1.norm_added_k.weight	BF16	128	denoiser	weight
transformer-1	transformer_blocks.14.attn1.norm_added_q.weight	BF16	128	identity_bytes	denoiser.transformer_blocks.14.attn1.norm_added_q.weight	BF16	128	denoiser	weight
transformer-1	transformer_blocks.14.attn1.norm_k.weight	BF16	128	identity_bytes	denoiser.transformer_blocks.14.attn1.norm_k.weight	BF16	128	denoiser	weight
transformer-1	transformer_blocks.14.attn1.norm_q.weight	BF16	128	identity_bytes	denoiser.transformer_blocks.14.attn1.norm_q.weight	BF16	128	denoiser	weight
transformer-1	transformer_blocks.14.attn1.to_add_out.bias	BF16	1536	identity_bytes	denoiser.transformer_blocks.14.attn1.to_add_out.bias	BF16	1536	denoiser	weight
transformer-1	transformer_blocks.14.attn1.to_add_out.weight	BF16	1536,3072	identity_bytes	denoiser.transformer_blocks.14.attn1.to_add_out.weight	BF16	1536,3072	denoiser	weight
transformer-1	transformer_blocks.14.attn1.to_k.weight	BF16	3072,3072	identity_bytes	denoiser.transformer_blocks.14.attn1.to_k.weight	BF16	3072,3072	denoiser	weight
transformer-1	transformer_blocks.14.attn1.to_out.0.bias	BF16	3072	identity_bytes	denoiser.transformer_blocks.14.attn1.to_out.0.bias	BF16	3072	denoiser	weight
transformer-1	transformer_blocks.14.attn1.to_out.0.weight	BF16	3072,3072	identity_bytes	denoiser.transformer_blocks.14.attn1.to_out.0.weight	BF16	3072,3072	denoiser	weight
transformer-1	transformer_blocks.14.attn1.to_q.weight	BF16	3072,3072	identity_bytes	denoiser.transformer_blocks.14.attn1.to_q.weight	BF16	3072,3072	denoiser	weight
transformer-1	transformer_blocks.14.attn1.to_v.weight	BF16	3072,3072	identity_bytes	denoiser.transformer_blocks.14.attn1.to_v.weight	BF16	3072,3072	denoiser	weight
transformer-1	transformer_blocks.14.ff.net.0.proj.weight	BF16	16384,3072	identity_bytes	denoiser.transformer_blocks.14.ff.net.0.proj.weight	BF16	16384,3072	denoiser	weight
transformer-1	transformer_blocks.14.ff.net.2.weight	BF16	3072,8192	identity_bytes	denoiser.transformer_blocks.14.ff.net.2.weight	BF16	3072,8192	denoiser	weight
transformer-1	transformer_blocks.14.ff_context.net.0.proj.weight	BF16	8192,1536	identity_bytes	denoiser.transformer_blocks.14.ff_context.net.0.proj.weight	BF16	8192,1536	denoiser	weight
transformer-1	transformer_blocks.14.ff_context.net.2.weight	BF16	1536,4096	identity_bytes	denoiser.transformer_blocks.14.ff_context.net.2.weight	BF16	1536,4096	denoiser	weight
transformer-1	transformer_blocks.14.norm1.linear.bias	BF16	12288	identity_bytes	denoiser.transformer_blocks.14.norm1.linear.bias	BF16	12288	denoiser	weight
transformer-1	transformer_blocks.14.norm1.linear.weight	BF16	12288,3072	identity_bytes	denoiser.transformer_blocks.14.norm1.linear.weight	BF16	12288,3072	denoiser	weight
transformer-1	transformer_blocks.14.norm1_context.linear.bias	BF16	6144	identity_bytes	denoiser.transformer_blocks.14.norm1_context.linear.bias	BF16	6144	denoiser	weight
transformer-1	transformer_blocks.14.norm1_context.linear.weight	BF16	6144,3072	identity_bytes	denoiser.transformer_blocks.14.norm1_context.linear.weight	BF16	6144,3072	denoiser	weight
transformer-1	transformer_blocks.15.attn1.add_k_proj.weight	BF16	3072,1536	identity_bytes	denoiser.transformer_blocks.15.attn1.add_k_proj.weight	BF16	3072,1536	denoiser	weight
transformer-1	transformer_blocks.15.attn1.add_q_proj.weight	BF16	3072,1536	identity_bytes	denoiser.transformer_blocks.15.attn1.add_q_proj.weight	BF16	3072,1536	denoiser	weight
transformer-1	transformer_blocks.15.attn1.add_v_proj.weight	BF16	3072,1536	identity_bytes	denoiser.transformer_blocks.15.attn1.add_v_proj.weight	BF16	3072,1536	denoiser	weight
transformer-1	transformer_blocks.15.attn1.norm_added_k.weight	BF16	128	identity_bytes	denoiser.transformer_blocks.15.attn1.norm_added_k.weight	BF16	128	denoiser	weight
transformer-1	transformer_blocks.15.attn1.norm_added_q.weight	BF16	128	identity_bytes	denoiser.transformer_blocks.15.attn1.norm_added_q.weight	BF16	128	denoiser	weight
transformer-1	transformer_blocks.15.attn1.norm_k.weight	BF16	128	identity_bytes	denoiser.transformer_blocks.15.attn1.norm_k.weight	BF16	128	denoiser	weight
transformer-1	transformer_blocks.15.attn1.norm_q.weight	BF16	128	identity_bytes	denoiser.transformer_blocks.15.attn1.norm_q.weight	BF16	128	denoiser	weight
transformer-1	transformer_blocks.15.attn1.to_add_out.bias	BF16	1536	identity_bytes	denoiser.transformer_blocks.15.attn1.to_add_out.bias	BF16	1536	denoiser	weight
transformer-1	transformer_blocks.15.attn1.to_add_out.weight	BF16	1536,3072	identity_bytes	denoiser.transformer_blocks.15.attn1.to_add_out.weight	BF16	1536,3072	denoiser	weight
transformer-1	transformer_blocks.15.attn1.to_k.weight	BF16	3072,3072	identity_bytes	denoiser.transformer_blocks.15.attn1.to_k.weight	BF16	3072,3072	denoiser	weight
transformer-1	transformer_blocks.15.attn1.to_out.0.bias	BF16	3072	identity_bytes	denoiser.transformer_blocks.15.attn1.to_out.0.bias	BF16	3072	denoiser	weight
transformer-1	transformer_blocks.15.attn1.to_out.0.weight	BF16	3072,3072	identity_bytes	denoiser.transformer_blocks.15.attn1.to_out.0.weight	BF16	3072,3072	denoiser	weight
transformer-1	transformer_blocks.15.attn1.to_q.weight	BF16	3072,3072	identity_bytes	denoiser.transformer_blocks.15.attn1.to_q.weight	BF16	3072,3072	denoiser	weight
transformer-1	transformer_blocks.15.attn1.to_v.weight	BF16	3072,3072	identity_bytes	denoiser.transformer_blocks.15.attn1.to_v.weight	BF16	3072,3072	denoiser	weight
transformer-1	transformer_blocks.15.ff.net.0.proj.weight	BF16	16384,3072	identity_bytes	denoiser.transformer_blocks.15.ff.net.0.proj.weight	BF16	16384,3072	denoiser	weight
transformer-1	transformer_blocks.15.ff.net.2.weight	BF16	3072,8192	identity_bytes	denoiser.transformer_blocks.15.ff.net.2.weight	BF16	3072,8192	denoiser	weight
transformer-1	transformer_blocks.15.ff_context.net.0.proj.weight	BF16	8192,1536	identity_bytes	denoiser.transformer_blocks.15.ff_context.net.0.proj.weight	BF16	8192,1536	denoiser	weight
transformer-1	transformer_blocks.15.ff_context.net.2.weight	BF16	1536,4096	identity_bytes	denoiser.transformer_blocks.15.ff_context.net.2.weight	BF16	1536,4096	denoiser	weight
transformer-1	transformer_blocks.15.norm1.linear.bias	BF16	12288	identity_bytes	denoiser.transformer_blocks.15.norm1.linear.bias	BF16	12288	denoiser	weight
transformer-1	transformer_blocks.15.norm1.linear.weight	BF16	12288,3072	identity_bytes	denoiser.transformer_blocks.15.norm1.linear.weight	BF16	12288,3072	denoiser	weight
transformer-1	transformer_blocks.15.norm1_context.linear.bias	BF16	6144	identity_bytes	denoiser.transformer_blocks.15.norm1_context.linear.bias	BF16	6144	denoiser	weight
transformer-1	transformer_blocks.15.norm1_context.linear.weight	BF16	6144,3072	identity_bytes	denoiser.transformer_blocks.15.norm1_context.linear.weight	BF16	6144,3072	denoiser	weight
transformer-1	transformer_blocks.16.attn1.add_k_proj.weight	BF16	3072,1536	identity_bytes	denoiser.transformer_blocks.16.attn1.add_k_proj.weight	BF16	3072,1536	denoiser	weight
transformer-1	transformer_blocks.16.attn1.add_q_proj.weight	BF16	3072,1536	identity_bytes	denoiser.transformer_blocks.16.attn1.add_q_proj.weight	BF16	3072,1536	denoiser	weight
transformer-1	transformer_blocks.16.attn1.add_v_proj.weight	BF16	3072,1536	identity_bytes	denoiser.transformer_blocks.16.attn1.add_v_proj.weight	BF16	3072,1536	denoiser	weight
transformer-1	transformer_blocks.16.attn1.norm_added_k.weight	BF16	128	identity_bytes	denoiser.transformer_blocks.16.attn1.norm_added_k.weight	BF16	128	denoiser	weight
transformer-1	transformer_blocks.16.attn1.norm_added_q.weight	BF16	128	identity_bytes	denoiser.transformer_blocks.16.attn1.norm_added_q.weight	BF16	128	denoiser	weight
transformer-1	transformer_blocks.16.attn1.norm_k.weight	BF16	128	identity_bytes	denoiser.transformer_blocks.16.attn1.norm_k.weight	BF16	128	denoiser	weight
transformer-1	transformer_blocks.16.attn1.norm_q.weight	BF16	128	identity_bytes	denoiser.transformer_blocks.16.attn1.norm_q.weight	BF16	128	denoiser	weight
transformer-1	transformer_blocks.16.attn1.to_add_out.bias	BF16	1536	identity_bytes	denoiser.transformer_blocks.16.attn1.to_add_out.bias	BF16	1536	denoiser	weight
transformer-1	transformer_blocks.16.attn1.to_add_out.weight	BF16	1536,3072	identity_bytes	denoiser.transformer_blocks.16.attn1.to_add_out.weight	BF16	1536,3072	denoiser	weight
transformer-1	transformer_blocks.16.attn1.to_k.weight	BF16	3072,3072	identity_bytes	denoiser.transformer_blocks.16.attn1.to_k.weight	BF16	3072,3072	denoiser	weight
transformer-1	transformer_blocks.16.attn1.to_out.0.bias	BF16	3072	identity_bytes	denoiser.transformer_blocks.16.attn1.to_out.0.bias	BF16	3072	denoiser	weight
transformer-1	transformer_blocks.16.attn1.to_out.0.weight	BF16	3072,3072	identity_bytes	denoiser.transformer_blocks.16.attn1.to_out.0.weight	BF16	3072,3072	denoiser	weight
transformer-1	transformer_blocks.16.attn1.to_q.weight	BF16	3072,3072	identity_bytes	denoiser.transformer_blocks.16.attn1.to_q.weight	BF16	3072,3072	denoiser	weight
transformer-1	transformer_blocks.16.attn1.to_v.weight	BF16	3072,3072	identity_bytes	denoiser.transformer_blocks.16.attn1.to_v.weight	BF16	3072,3072	denoiser	weight
transformer-1	transformer_blocks.16.ff.net.0.proj.weight	BF16	16384,3072	identity_bytes	denoiser.transformer_blocks.16.ff.net.0.proj.weight	BF16	16384,3072	denoiser	weight
transformer-1	transformer_blocks.16.ff.net.2.weight	BF16	3072,8192	identity_bytes	denoiser.transformer_blocks.16.ff.net.2.weight	BF16	3072,8192	denoiser	weight
transformer-1	transformer_blocks.16.ff_context.net.0.proj.weight	BF16	8192,1536	identity_bytes	denoiser.transformer_blocks.16.ff_context.net.0.proj.weight	BF16	8192,1536	denoiser	weight
transformer-1	transformer_blocks.16.ff_context.net.2.weight	BF16	1536,4096	identity_bytes	denoiser.transformer_blocks.16.ff_context.net.2.weight	BF16	1536,4096	denoiser	weight
transformer-1	transformer_blocks.16.norm1.linear.bias	BF16	12288	identity_bytes	denoiser.transformer_blocks.16.norm1.linear.bias	BF16	12288	denoiser	weight
transformer-1	transformer_blocks.16.norm1.linear.weight	BF16	12288,3072	identity_bytes	denoiser.transformer_blocks.16.norm1.linear.weight	BF16	12288,3072	denoiser	weight
transformer-1	transformer_blocks.16.norm1_context.linear.bias	BF16	6144	identity_bytes	denoiser.transformer_blocks.16.norm1_context.linear.bias	BF16	6144	denoiser	weight
transformer-1	transformer_blocks.16.norm1_context.linear.weight	BF16	6144,3072	identity_bytes	denoiser.transformer_blocks.16.norm1_context.linear.weight	BF16	6144,3072	denoiser	weight
transformer-1	transformer_blocks.17.attn1.add_k_proj.weight	BF16	3072,1536	identity_bytes	denoiser.transformer_blocks.17.attn1.add_k_proj.weight	BF16	3072,1536	denoiser	weight
transformer-1	transformer_blocks.17.attn1.add_q_proj.weight	BF16	3072,1536	identity_bytes	denoiser.transformer_blocks.17.attn1.add_q_proj.weight	BF16	3072,1536	denoiser	weight
transformer-1	transformer_blocks.17.attn1.add_v_proj.weight	BF16	3072,1536	identity_bytes	denoiser.transformer_blocks.17.attn1.add_v_proj.weight	BF16	3072,1536	denoiser	weight
transformer-1	transformer_blocks.17.attn1.norm_added_k.weight	BF16	128	identity_bytes	denoiser.transformer_blocks.17.attn1.norm_added_k.weight	BF16	128	denoiser	weight
transformer-1	transformer_blocks.17.attn1.norm_added_q.weight	BF16	128	identity_bytes	denoiser.transformer_blocks.17.attn1.norm_added_q.weight	BF16	128	denoiser	weight
transformer-1	transformer_blocks.17.attn1.norm_k.weight	BF16	128	identity_bytes	denoiser.transformer_blocks.17.attn1.norm_k.weight	BF16	128	denoiser	weight
transformer-1	transformer_blocks.17.attn1.norm_q.weight	BF16	128	identity_bytes	denoiser.transformer_blocks.17.attn1.norm_q.weight	BF16	128	denoiser	weight
transformer-1	transformer_blocks.17.attn1.to_add_out.bias	BF16	1536	identity_bytes	denoiser.transformer_blocks.17.attn1.to_add_out.bias	BF16	1536	denoiser	weight
transformer-1	transformer_blocks.17.attn1.to_add_out.weight	BF16	1536,3072	identity_bytes	denoiser.transformer_blocks.17.attn1.to_add_out.weight	BF16	1536,3072	denoiser	weight
transformer-1	transformer_blocks.17.attn1.to_k.weight	BF16	3072,3072	identity_bytes	denoiser.transformer_blocks.17.attn1.to_k.weight	BF16	3072,3072	denoiser	weight
transformer-1	transformer_blocks.17.attn1.to_out.0.bias	BF16	3072	identity_bytes	denoiser.transformer_blocks.17.attn1.to_out.0.bias	BF16	3072	denoiser	weight
transformer-1	transformer_blocks.17.attn1.to_out.0.weight	BF16	3072,3072	identity_bytes	denoiser.transformer_blocks.17.attn1.to_out.0.weight	BF16	3072,3072	denoiser	weight
transformer-1	transformer_blocks.17.attn1.to_q.weight	BF16	3072,3072	identity_bytes	denoiser.transformer_blocks.17.attn1.to_q.weight	BF16	3072,3072	denoiser	weight
transformer-1	transformer_blocks.17.attn1.to_v.weight	BF16	3072,3072	identity_bytes	denoiser.transformer_blocks.17.attn1.to_v.weight	BF16	3072,3072	denoiser	weight
transformer-1	transformer_blocks.17.ff.net.0.proj.weight	BF16	16384,3072	identity_bytes	denoiser.transformer_blocks.17.ff.net.0.proj.weight	BF16	16384,3072	denoiser	weight
transformer-1	transformer_blocks.17.ff.net.2.weight	BF16	3072,8192	identity_bytes	denoiser.transformer_blocks.17.ff.net.2.weight	BF16	3072,8192	denoiser	weight
transformer-1	transformer_blocks.17.ff_context.net.0.proj.weight	BF16	8192,1536	identity_bytes	denoiser.transformer_blocks.17.ff_context.net.0.proj.weight	BF16	8192,1536	denoiser	weight
transformer-1	transformer_blocks.17.ff_context.net.2.weight	BF16	1536,4096	identity_bytes	denoiser.transformer_blocks.17.ff_context.net.2.weight	BF16	1536,4096	denoiser	weight
transformer-1	transformer_blocks.17.norm1.linear.bias	BF16	12288	identity_bytes	denoiser.transformer_blocks.17.norm1.linear.bias	BF16	12288	denoiser	weight
transformer-1	transformer_blocks.17.norm1.linear.weight	BF16	12288,3072	identity_bytes	denoiser.transformer_blocks.17.norm1.linear.weight	BF16	12288,3072	denoiser	weight
transformer-1	transformer_blocks.17.norm1_context.linear.bias	BF16	6144	identity_bytes	denoiser.transformer_blocks.17.norm1_context.linear.bias	BF16	6144	denoiser	weight
transformer-1	transformer_blocks.17.norm1_context.linear.weight	BF16	6144,3072	identity_bytes	denoiser.transformer_blocks.17.norm1_context.linear.weight	BF16	6144,3072	denoiser	weight
transformer-1	transformer_blocks.18.attn1.add_k_proj.weight	BF16	3072,1536	identity_bytes	denoiser.transformer_blocks.18.attn1.add_k_proj.weight	BF16	3072,1536	denoiser	weight
transformer-1	transformer_blocks.18.attn1.add_q_proj.weight	BF16	3072,1536	identity_bytes	denoiser.transformer_blocks.18.attn1.add_q_proj.weight	BF16	3072,1536	denoiser	weight
transformer-1	transformer_blocks.18.attn1.add_v_proj.weight	BF16	3072,1536	identity_bytes	denoiser.transformer_blocks.18.attn1.add_v_proj.weight	BF16	3072,1536	denoiser	weight
transformer-1	transformer_blocks.18.attn1.norm_added_k.weight	BF16	128	identity_bytes	denoiser.transformer_blocks.18.attn1.norm_added_k.weight	BF16	128	denoiser	weight
transformer-1	transformer_blocks.18.attn1.norm_added_q.weight	BF16	128	identity_bytes	denoiser.transformer_blocks.18.attn1.norm_added_q.weight	BF16	128	denoiser	weight
transformer-1	transformer_blocks.18.attn1.norm_k.weight	BF16	128	identity_bytes	denoiser.transformer_blocks.18.attn1.norm_k.weight	BF16	128	denoiser	weight
transformer-1	transformer_blocks.18.attn1.norm_q.weight	BF16	128	identity_bytes	denoiser.transformer_blocks.18.attn1.norm_q.weight	BF16	128	denoiser	weight
transformer-1	transformer_blocks.18.attn1.to_add_out.bias	BF16	1536	identity_bytes	denoiser.transformer_blocks.18.attn1.to_add_out.bias	BF16	1536	denoiser	weight
transformer-1	transformer_blocks.18.attn1.to_add_out.weight	BF16	1536,3072	identity_bytes	denoiser.transformer_blocks.18.attn1.to_add_out.weight	BF16	1536,3072	denoiser	weight
transformer-1	transformer_blocks.18.attn1.to_k.weight	BF16	3072,3072	identity_bytes	denoiser.transformer_blocks.18.attn1.to_k.weight	BF16	3072,3072	denoiser	weight
transformer-1	transformer_blocks.18.attn1.to_out.0.bias	BF16	3072	identity_bytes	denoiser.transformer_blocks.18.attn1.to_out.0.bias	BF16	3072	denoiser	weight
transformer-1	transformer_blocks.18.attn1.to_out.0.weight	BF16	3072,3072	identity_bytes	denoiser.transformer_blocks.18.attn1.to_out.0.weight	BF16	3072,3072	denoiser	weight
transformer-1	transformer_blocks.18.attn1.to_q.weight	BF16	3072,3072	identity_bytes	denoiser.transformer_blocks.18.attn1.to_q.weight	BF16	3072,3072	denoiser	weight
transformer-1	transformer_blocks.18.attn1.to_v.weight	BF16	3072,3072	identity_bytes	denoiser.transformer_blocks.18.attn1.to_v.weight	BF16	3072,3072	denoiser	weight
transformer-1	transformer_blocks.18.ff.net.0.proj.weight	BF16	16384,3072	identity_bytes	denoiser.transformer_blocks.18.ff.net.0.proj.weight	BF16	16384,3072	denoiser	weight
transformer-1	transformer_blocks.18.ff.net.2.weight	BF16	3072,8192	identity_bytes	denoiser.transformer_blocks.18.ff.net.2.weight	BF16	3072,8192	denoiser	weight
transformer-1	transformer_blocks.18.ff_context.net.0.proj.weight	BF16	8192,1536	identity_bytes	denoiser.transformer_blocks.18.ff_context.net.0.proj.weight	BF16	8192,1536	denoiser	weight
transformer-1	transformer_blocks.18.ff_context.net.2.weight	BF16	1536,4096	identity_bytes	denoiser.transformer_blocks.18.ff_context.net.2.weight	BF16	1536,4096	denoiser	weight
transformer-1	transformer_blocks.18.norm1.linear.bias	BF16	12288	identity_bytes	denoiser.transformer_blocks.18.norm1.linear.bias	BF16	12288	denoiser	weight
transformer-1	transformer_blocks.18.norm1.linear.weight	BF16	12288,3072	identity_bytes	denoiser.transformer_blocks.18.norm1.linear.weight	BF16	12288,3072	denoiser	weight
transformer-1	transformer_blocks.18.norm1_context.linear.bias	BF16	6144	identity_bytes	denoiser.transformer_blocks.18.norm1_context.linear.bias	BF16	6144	denoiser	weight
transformer-1	transformer_blocks.18.norm1_context.linear.weight	BF16	6144,3072	identity_bytes	denoiser.transformer_blocks.18.norm1_context.linear.weight	BF16	6144,3072	denoiser	weight
transformer-1	transformer_blocks.19.attn1.add_k_proj.weight	BF16	3072,1536	identity_bytes	denoiser.transformer_blocks.19.attn1.add_k_proj.weight	BF16	3072,1536	denoiser	weight
transformer-1	transformer_blocks.19.attn1.add_q_proj.weight	BF16	3072,1536	identity_bytes	denoiser.transformer_blocks.19.attn1.add_q_proj.weight	BF16	3072,1536	denoiser	weight
transformer-1	transformer_blocks.19.attn1.add_v_proj.weight	BF16	3072,1536	identity_bytes	denoiser.transformer_blocks.19.attn1.add_v_proj.weight	BF16	3072,1536	denoiser	weight
transformer-1	transformer_blocks.19.attn1.norm_added_k.weight	BF16	128	identity_bytes	denoiser.transformer_blocks.19.attn1.norm_added_k.weight	BF16	128	denoiser	weight
transformer-1	transformer_blocks.19.attn1.norm_added_q.weight	BF16	128	identity_bytes	denoiser.transformer_blocks.19.attn1.norm_added_q.weight	BF16	128	denoiser	weight
transformer-1	transformer_blocks.19.attn1.norm_k.weight	BF16	128	identity_bytes	denoiser.transformer_blocks.19.attn1.norm_k.weight	BF16	128	denoiser	weight
transformer-1	transformer_blocks.19.attn1.norm_q.weight	BF16	128	identity_bytes	denoiser.transformer_blocks.19.attn1.norm_q.weight	BF16	128	denoiser	weight
transformer-1	transformer_blocks.19.attn1.to_add_out.bias	BF16	1536	identity_bytes	denoiser.transformer_blocks.19.attn1.to_add_out.bias	BF16	1536	denoiser	weight
transformer-1	transformer_blocks.19.attn1.to_add_out.weight	BF16	1536,3072	identity_bytes	denoiser.transformer_blocks.19.attn1.to_add_out.weight	BF16	1536,3072	denoiser	weight
transformer-1	transformer_blocks.19.attn1.to_k.weight	BF16	3072,3072	identity_bytes	denoiser.transformer_blocks.19.attn1.to_k.weight	BF16	3072,3072	denoiser	weight
transformer-1	transformer_blocks.19.attn1.to_out.0.bias	BF16	3072	identity_bytes	denoiser.transformer_blocks.19.attn1.to_out.0.bias	BF16	3072	denoiser	weight
transformer-1	transformer_blocks.19.attn1.to_out.0.weight	BF16	3072,3072	identity_bytes	denoiser.transformer_blocks.19.attn1.to_out.0.weight	BF16	3072,3072	denoiser	weight
transformer-1	transformer_blocks.19.attn1.to_q.weight	BF16	3072,3072	identity_bytes	denoiser.transformer_blocks.19.attn1.to_q.weight	BF16	3072,3072	denoiser	weight
transformer-1	transformer_blocks.19.attn1.to_v.weight	BF16	3072,3072	identity_bytes	denoiser.transformer_blocks.19.attn1.to_v.weight	BF16	3072,3072	denoiser	weight
transformer-1	transformer_blocks.19.ff.net.0.proj.weight	BF16	16384,3072	identity_bytes	denoiser.transformer_blocks.19.ff.net.0.proj.weight	BF16	16384,3072	denoiser	weight
transformer-1	transformer_blocks.19.ff.net.2.weight	BF16	3072,8192	identity_bytes	denoiser.transformer_blocks.19.ff.net.2.weight	BF16	3072,8192	denoiser	weight
transformer-1	transformer_blocks.19.ff_context.net.0.proj.weight	BF16	8192,1536	identity_bytes	denoiser.transformer_blocks.19.ff_context.net.0.proj.weight	BF16	8192,1536	denoiser	weight
transformer-1	transformer_blocks.19.ff_context.net.2.weight	BF16	1536,4096	identity_bytes	denoiser.transformer_blocks.19.ff_context.net.2.weight	BF16	1536,4096	denoiser	weight
transformer-1	transformer_blocks.19.norm1.linear.bias	BF16	12288	identity_bytes	denoiser.transformer_blocks.19.norm1.linear.bias	BF16	12288	denoiser	weight
transformer-1	transformer_blocks.19.norm1.linear.weight	BF16	12288,3072	identity_bytes	denoiser.transformer_blocks.19.norm1.linear.weight	BF16	12288,3072	denoiser	weight
transformer-1	transformer_blocks.19.norm1_context.linear.bias	BF16	6144	identity_bytes	denoiser.transformer_blocks.19.norm1_context.linear.bias	BF16	6144	denoiser	weight
transformer-1	transformer_blocks.19.norm1_context.linear.weight	BF16	6144,3072	identity_bytes	denoiser.transformer_blocks.19.norm1_context.linear.weight	BF16	6144,3072	denoiser	weight
transformer-1	transformer_blocks.2.attn1.add_k_proj.weight	BF16	3072,1536	identity_bytes	denoiser.transformer_blocks.2.attn1.add_k_proj.weight	BF16	3072,1536	denoiser	weight
transformer-1	transformer_blocks.2.attn1.add_q_proj.weight	BF16	3072,1536	identity_bytes	denoiser.transformer_blocks.2.attn1.add_q_proj.weight	BF16	3072,1536	denoiser	weight
transformer-1	transformer_blocks.2.attn1.add_v_proj.weight	BF16	3072,1536	identity_bytes	denoiser.transformer_blocks.2.attn1.add_v_proj.weight	BF16	3072,1536	denoiser	weight
transformer-1	transformer_blocks.2.attn1.norm_added_k.weight	BF16	128	identity_bytes	denoiser.transformer_blocks.2.attn1.norm_added_k.weight	BF16	128	denoiser	weight
transformer-1	transformer_blocks.2.attn1.norm_added_q.weight	BF16	128	identity_bytes	denoiser.transformer_blocks.2.attn1.norm_added_q.weight	BF16	128	denoiser	weight
transformer-1	transformer_blocks.2.attn1.norm_k.weight	BF16	128	identity_bytes	denoiser.transformer_blocks.2.attn1.norm_k.weight	BF16	128	denoiser	weight
transformer-1	transformer_blocks.2.attn1.norm_q.weight	BF16	128	identity_bytes	denoiser.transformer_blocks.2.attn1.norm_q.weight	BF16	128	denoiser	weight
transformer-1	transformer_blocks.2.attn1.to_add_out.bias	BF16	1536	identity_bytes	denoiser.transformer_blocks.2.attn1.to_add_out.bias	BF16	1536	denoiser	weight
transformer-1	transformer_blocks.2.attn1.to_add_out.weight	BF16	1536,3072	identity_bytes	denoiser.transformer_blocks.2.attn1.to_add_out.weight	BF16	1536,3072	denoiser	weight
transformer-1	transformer_blocks.2.attn1.to_k.weight	BF16	3072,3072	identity_bytes	denoiser.transformer_blocks.2.attn1.to_k.weight	BF16	3072,3072	denoiser	weight
transformer-1	transformer_blocks.2.attn1.to_out.0.bias	BF16	3072	identity_bytes	denoiser.transformer_blocks.2.attn1.to_out.0.bias	BF16	3072	denoiser	weight
transformer-1	transformer_blocks.2.attn1.to_out.0.weight	BF16	3072,3072	identity_bytes	denoiser.transformer_blocks.2.attn1.to_out.0.weight	BF16	3072,3072	denoiser	weight
transformer-1	transformer_blocks.2.attn1.to_q.weight	BF16	3072,3072	identity_bytes	denoiser.transformer_blocks.2.attn1.to_q.weight	BF16	3072,3072	denoiser	weight
transformer-1	transformer_blocks.2.attn1.to_v.weight	BF16	3072,3072	identity_bytes	denoiser.transformer_blocks.2.attn1.to_v.weight	BF16	3072,3072	denoiser	weight
transformer-1	transformer_blocks.2.ff.net.0.proj.weight	BF16	16384,3072	identity_bytes	denoiser.transformer_blocks.2.ff.net.0.proj.weight	BF16	16384,3072	denoiser	weight
transformer-1	transformer_blocks.2.ff.net.2.weight	BF16	3072,8192	identity_bytes	denoiser.transformer_blocks.2.ff.net.2.weight	BF16	3072,8192	denoiser	weight
transformer-1	transformer_blocks.2.ff_context.net.0.proj.weight	BF16	8192,1536	identity_bytes	denoiser.transformer_blocks.2.ff_context.net.0.proj.weight	BF16	8192,1536	denoiser	weight
transformer-1	transformer_blocks.2.ff_context.net.2.weight	BF16	1536,4096	identity_bytes	denoiser.transformer_blocks.2.ff_context.net.2.weight	BF16	1536,4096	denoiser	weight
transformer-1	transformer_blocks.2.norm1.linear.bias	BF16	12288	identity_bytes	denoiser.transformer_blocks.2.norm1.linear.bias	BF16	12288	denoiser	weight
transformer-1	transformer_blocks.2.norm1.linear.weight	BF16	12288,3072	identity_bytes	denoiser.transformer_blocks.2.norm1.linear.weight	BF16	12288,3072	denoiser	weight
transformer-1	transformer_blocks.2.norm1_context.linear.bias	BF16	6144	identity_bytes	denoiser.transformer_blocks.2.norm1_context.linear.bias	BF16	6144	denoiser	weight
transformer-1	transformer_blocks.2.norm1_context.linear.weight	BF16	6144,3072	identity_bytes	denoiser.transformer_blocks.2.norm1_context.linear.weight	BF16	6144,3072	denoiser	weight
transformer-1	transformer_blocks.20.attn1.add_k_proj.weight	BF16	3072,1536	identity_bytes	denoiser.transformer_blocks.20.attn1.add_k_proj.weight	BF16	3072,1536	denoiser	weight
transformer-1	transformer_blocks.20.attn1.add_q_proj.weight	BF16	3072,1536	identity_bytes	denoiser.transformer_blocks.20.attn1.add_q_proj.weight	BF16	3072,1536	denoiser	weight
transformer-1	transformer_blocks.20.attn1.add_v_proj.weight	BF16	3072,1536	identity_bytes	denoiser.transformer_blocks.20.attn1.add_v_proj.weight	BF16	3072,1536	denoiser	weight
transformer-1	transformer_blocks.20.attn1.norm_added_k.weight	BF16	128	identity_bytes	denoiser.transformer_blocks.20.attn1.norm_added_k.weight	BF16	128	denoiser	weight
transformer-1	transformer_blocks.20.attn1.norm_added_q.weight	BF16	128	identity_bytes	denoiser.transformer_blocks.20.attn1.norm_added_q.weight	BF16	128	denoiser	weight
transformer-1	transformer_blocks.20.attn1.norm_k.weight	BF16	128	identity_bytes	denoiser.transformer_blocks.20.attn1.norm_k.weight	BF16	128	denoiser	weight
transformer-1	transformer_blocks.20.attn1.norm_q.weight	BF16	128	identity_bytes	denoiser.transformer_blocks.20.attn1.norm_q.weight	BF16	128	denoiser	weight
transformer-1	transformer_blocks.20.attn1.to_add_out.bias	BF16	1536	identity_bytes	denoiser.transformer_blocks.20.attn1.to_add_out.bias	BF16	1536	denoiser	weight
transformer-1	transformer_blocks.20.attn1.to_add_out.weight	BF16	1536,3072	identity_bytes	denoiser.transformer_blocks.20.attn1.to_add_out.weight	BF16	1536,3072	denoiser	weight
transformer-1	transformer_blocks.20.attn1.to_k.weight	BF16	3072,3072	identity_bytes	denoiser.transformer_blocks.20.attn1.to_k.weight	BF16	3072,3072	denoiser	weight
transformer-1	transformer_blocks.20.attn1.to_out.0.bias	BF16	3072	identity_bytes	denoiser.transformer_blocks.20.attn1.to_out.0.bias	BF16	3072	denoiser	weight
transformer-1	transformer_blocks.20.attn1.to_out.0.weight	BF16	3072,3072	identity_bytes	denoiser.transformer_blocks.20.attn1.to_out.0.weight	BF16	3072,3072	denoiser	weight
transformer-1	transformer_blocks.20.attn1.to_q.weight	BF16	3072,3072	identity_bytes	denoiser.transformer_blocks.20.attn1.to_q.weight	BF16	3072,3072	denoiser	weight
transformer-1	transformer_blocks.20.attn1.to_v.weight	BF16	3072,3072	identity_bytes	denoiser.transformer_blocks.20.attn1.to_v.weight	BF16	3072,3072	denoiser	weight
transformer-1	transformer_blocks.20.ff.net.0.proj.weight	BF16	16384,3072	identity_bytes	denoiser.transformer_blocks.20.ff.net.0.proj.weight	BF16	16384,3072	denoiser	weight
transformer-1	transformer_blocks.20.ff.net.2.weight	BF16	3072,8192	identity_bytes	denoiser.transformer_blocks.20.ff.net.2.weight	BF16	3072,8192	denoiser	weight
transformer-1	transformer_blocks.20.ff_context.net.0.proj.weight	BF16	8192,1536	identity_bytes	denoiser.transformer_blocks.20.ff_context.net.0.proj.weight	BF16	8192,1536	denoiser	weight
transformer-1	transformer_blocks.20.ff_context.net.2.weight	BF16	1536,4096	identity_bytes	denoiser.transformer_blocks.20.ff_context.net.2.weight	BF16	1536,4096	denoiser	weight
transformer-1	transformer_blocks.20.norm1.linear.bias	BF16	12288	identity_bytes	denoiser.transformer_blocks.20.norm1.linear.bias	BF16	12288	denoiser	weight
transformer-1	transformer_blocks.20.norm1.linear.weight	BF16	12288,3072	identity_bytes	denoiser.transformer_blocks.20.norm1.linear.weight	BF16	12288,3072	denoiser	weight
transformer-1	transformer_blocks.20.norm1_context.linear.bias	BF16	6144	identity_bytes	denoiser.transformer_blocks.20.norm1_context.linear.bias	BF16	6144	denoiser	weight
transformer-1	transformer_blocks.20.norm1_context.linear.weight	BF16	6144,3072	identity_bytes	denoiser.transformer_blocks.20.norm1_context.linear.weight	BF16	6144,3072	denoiser	weight
transformer-1	transformer_blocks.21.attn1.add_k_proj.weight	BF16	3072,1536	identity_bytes	denoiser.transformer_blocks.21.attn1.add_k_proj.weight	BF16	3072,1536	denoiser	weight
transformer-1	transformer_blocks.21.attn1.add_q_proj.weight	BF16	3072,1536	identity_bytes	denoiser.transformer_blocks.21.attn1.add_q_proj.weight	BF16	3072,1536	denoiser	weight
transformer-1	transformer_blocks.21.attn1.add_v_proj.weight	BF16	3072,1536	identity_bytes	denoiser.transformer_blocks.21.attn1.add_v_proj.weight	BF16	3072,1536	denoiser	weight
transformer-1	transformer_blocks.21.attn1.norm_added_k.weight	BF16	128	identity_bytes	denoiser.transformer_blocks.21.attn1.norm_added_k.weight	BF16	128	denoiser	weight
transformer-1	transformer_blocks.21.attn1.norm_added_q.weight	BF16	128	identity_bytes	denoiser.transformer_blocks.21.attn1.norm_added_q.weight	BF16	128	denoiser	weight
transformer-1	transformer_blocks.21.attn1.norm_k.weight	BF16	128	identity_bytes	denoiser.transformer_blocks.21.attn1.norm_k.weight	BF16	128	denoiser	weight
transformer-1	transformer_blocks.21.attn1.norm_q.weight	BF16	128	identity_bytes	denoiser.transformer_blocks.21.attn1.norm_q.weight	BF16	128	denoiser	weight
transformer-1	transformer_blocks.21.attn1.to_add_out.bias	BF16	1536	identity_bytes	denoiser.transformer_blocks.21.attn1.to_add_out.bias	BF16	1536	denoiser	weight
transformer-1	transformer_blocks.21.attn1.to_add_out.weight	BF16	1536,3072	identity_bytes	denoiser.transformer_blocks.21.attn1.to_add_out.weight	BF16	1536,3072	denoiser	weight
transformer-1	transformer_blocks.21.attn1.to_k.weight	BF16	3072,3072	identity_bytes	denoiser.transformer_blocks.21.attn1.to_k.weight	BF16	3072,3072	denoiser	weight
transformer-1	transformer_blocks.21.attn1.to_out.0.bias	BF16	3072	identity_bytes	denoiser.transformer_blocks.21.attn1.to_out.0.bias	BF16	3072	denoiser	weight
transformer-1	transformer_blocks.21.attn1.to_out.0.weight	BF16	3072,3072	identity_bytes	denoiser.transformer_blocks.21.attn1.to_out.0.weight	BF16	3072,3072	denoiser	weight
transformer-1	transformer_blocks.21.attn1.to_q.weight	BF16	3072,3072	identity_bytes	denoiser.transformer_blocks.21.attn1.to_q.weight	BF16	3072,3072	denoiser	weight
transformer-1	transformer_blocks.21.attn1.to_v.weight	BF16	3072,3072	identity_bytes	denoiser.transformer_blocks.21.attn1.to_v.weight	BF16	3072,3072	denoiser	weight
transformer-1	transformer_blocks.21.ff.net.0.proj.weight	BF16	16384,3072	identity_bytes	denoiser.transformer_blocks.21.ff.net.0.proj.weight	BF16	16384,3072	denoiser	weight
transformer-1	transformer_blocks.21.ff.net.2.weight	BF16	3072,8192	identity_bytes	denoiser.transformer_blocks.21.ff.net.2.weight	BF16	3072,8192	denoiser	weight
transformer-1	transformer_blocks.21.ff_context.net.0.proj.weight	BF16	8192,1536	identity_bytes	denoiser.transformer_blocks.21.ff_context.net.0.proj.weight	BF16	8192,1536	denoiser	weight
transformer-1	transformer_blocks.21.ff_context.net.2.weight	BF16	1536,4096	identity_bytes	denoiser.transformer_blocks.21.ff_context.net.2.weight	BF16	1536,4096	denoiser	weight
transformer-1	transformer_blocks.21.norm1.linear.bias	BF16	12288	identity_bytes	denoiser.transformer_blocks.21.norm1.linear.bias	BF16	12288	denoiser	weight
transformer-1	transformer_blocks.21.norm1.linear.weight	BF16	12288,3072	identity_bytes	denoiser.transformer_blocks.21.norm1.linear.weight	BF16	12288,3072	denoiser	weight
transformer-1	transformer_blocks.21.norm1_context.linear.bias	BF16	6144	identity_bytes	denoiser.transformer_blocks.21.norm1_context.linear.bias	BF16	6144	denoiser	weight
transformer-1	transformer_blocks.21.norm1_context.linear.weight	BF16	6144,3072	identity_bytes	denoiser.transformer_blocks.21.norm1_context.linear.weight	BF16	6144,3072	denoiser	weight
transformer-1	transformer_blocks.22.attn1.add_k_proj.weight	BF16	3072,1536	identity_bytes	denoiser.transformer_blocks.22.attn1.add_k_proj.weight	BF16	3072,1536	denoiser	weight
transformer-1	transformer_blocks.22.attn1.add_q_proj.weight	BF16	3072,1536	identity_bytes	denoiser.transformer_blocks.22.attn1.add_q_proj.weight	BF16	3072,1536	denoiser	weight
transformer-1	transformer_blocks.22.attn1.add_v_proj.weight	BF16	3072,1536	identity_bytes	denoiser.transformer_blocks.22.attn1.add_v_proj.weight	BF16	3072,1536	denoiser	weight
transformer-1	transformer_blocks.22.attn1.norm_added_k.weight	BF16	128	identity_bytes	denoiser.transformer_blocks.22.attn1.norm_added_k.weight	BF16	128	denoiser	weight
transformer-1	transformer_blocks.22.attn1.norm_added_q.weight	BF16	128	identity_bytes	denoiser.transformer_blocks.22.attn1.norm_added_q.weight	BF16	128	denoiser	weight
transformer-1	transformer_blocks.22.attn1.norm_k.weight	BF16	128	identity_bytes	denoiser.transformer_blocks.22.attn1.norm_k.weight	BF16	128	denoiser	weight
transformer-1	transformer_blocks.22.attn1.norm_q.weight	BF16	128	identity_bytes	denoiser.transformer_blocks.22.attn1.norm_q.weight	BF16	128	denoiser	weight
transformer-1	transformer_blocks.22.attn1.to_add_out.bias	BF16	1536	identity_bytes	denoiser.transformer_blocks.22.attn1.to_add_out.bias	BF16	1536	denoiser	weight
transformer-1	transformer_blocks.22.attn1.to_add_out.weight	BF16	1536,3072	identity_bytes	denoiser.transformer_blocks.22.attn1.to_add_out.weight	BF16	1536,3072	denoiser	weight
transformer-1	transformer_blocks.22.attn1.to_k.weight	BF16	3072,3072	identity_bytes	denoiser.transformer_blocks.22.attn1.to_k.weight	BF16	3072,3072	denoiser	weight
transformer-1	transformer_blocks.22.attn1.to_out.0.bias	BF16	3072	identity_bytes	denoiser.transformer_blocks.22.attn1.to_out.0.bias	BF16	3072	denoiser	weight
transformer-1	transformer_blocks.22.attn1.to_out.0.weight	BF16	3072,3072	identity_bytes	denoiser.transformer_blocks.22.attn1.to_out.0.weight	BF16	3072,3072	denoiser	weight
transformer-1	transformer_blocks.22.attn1.to_q.weight	BF16	3072,3072	identity_bytes	denoiser.transformer_blocks.22.attn1.to_q.weight	BF16	3072,3072	denoiser	weight
transformer-1	transformer_blocks.22.attn1.to_v.weight	BF16	3072,3072	identity_bytes	denoiser.transformer_blocks.22.attn1.to_v.weight	BF16	3072,3072	denoiser	weight
transformer-1	transformer_blocks.22.ff.net.0.proj.weight	BF16	16384,3072	identity_bytes	denoiser.transformer_blocks.22.ff.net.0.proj.weight	BF16	16384,3072	denoiser	weight
transformer-1	transformer_blocks.22.ff.net.2.weight	BF16	3072,8192	identity_bytes	denoiser.transformer_blocks.22.ff.net.2.weight	BF16	3072,8192	denoiser	weight
transformer-1	transformer_blocks.22.ff_context.net.0.proj.weight	BF16	8192,1536	identity_bytes	denoiser.transformer_blocks.22.ff_context.net.0.proj.weight	BF16	8192,1536	denoiser	weight
transformer-1	transformer_blocks.22.ff_context.net.2.weight	BF16	1536,4096	identity_bytes	denoiser.transformer_blocks.22.ff_context.net.2.weight	BF16	1536,4096	denoiser	weight
transformer-1	transformer_blocks.22.norm1.linear.bias	BF16	12288	identity_bytes	denoiser.transformer_blocks.22.norm1.linear.bias	BF16	12288	denoiser	weight
transformer-1	transformer_blocks.22.norm1.linear.weight	BF16	12288,3072	identity_bytes	denoiser.transformer_blocks.22.norm1.linear.weight	BF16	12288,3072	denoiser	weight
transformer-1	transformer_blocks.22.norm1_context.linear.bias	BF16	6144	identity_bytes	denoiser.transformer_blocks.22.norm1_context.linear.bias	BF16	6144	denoiser	weight
transformer-1	transformer_blocks.22.norm1_context.linear.weight	BF16	6144,3072	identity_bytes	denoiser.transformer_blocks.22.norm1_context.linear.weight	BF16	6144,3072	denoiser	weight
transformer-1	transformer_blocks.23.attn1.add_k_proj.weight	BF16	3072,1536	identity_bytes	denoiser.transformer_blocks.23.attn1.add_k_proj.weight	BF16	3072,1536	denoiser	weight
transformer-1	transformer_blocks.23.attn1.add_q_proj.weight	BF16	3072,1536	identity_bytes	denoiser.transformer_blocks.23.attn1.add_q_proj.weight	BF16	3072,1536	denoiser	weight
transformer-1	transformer_blocks.23.attn1.add_v_proj.weight	BF16	3072,1536	identity_bytes	denoiser.transformer_blocks.23.attn1.add_v_proj.weight	BF16	3072,1536	denoiser	weight
transformer-1	transformer_blocks.23.attn1.norm_added_k.weight	BF16	128	identity_bytes	denoiser.transformer_blocks.23.attn1.norm_added_k.weight	BF16	128	denoiser	weight
transformer-1	transformer_blocks.23.attn1.norm_added_q.weight	BF16	128	identity_bytes	denoiser.transformer_blocks.23.attn1.norm_added_q.weight	BF16	128	denoiser	weight
transformer-1	transformer_blocks.23.attn1.norm_k.weight	BF16	128	identity_bytes	denoiser.transformer_blocks.23.attn1.norm_k.weight	BF16	128	denoiser	weight
transformer-1	transformer_blocks.23.attn1.norm_q.weight	BF16	128	identity_bytes	denoiser.transformer_blocks.23.attn1.norm_q.weight	BF16	128	denoiser	weight
transformer-1	transformer_blocks.23.attn1.to_add_out.bias	BF16	1536	identity_bytes	denoiser.transformer_blocks.23.attn1.to_add_out.bias	BF16	1536	denoiser	weight
transformer-1	transformer_blocks.23.attn1.to_add_out.weight	BF16	1536,3072	identity_bytes	denoiser.transformer_blocks.23.attn1.to_add_out.weight	BF16	1536,3072	denoiser	weight
transformer-1	transformer_blocks.23.attn1.to_k.weight	BF16	3072,3072	identity_bytes	denoiser.transformer_blocks.23.attn1.to_k.weight	BF16	3072,3072	denoiser	weight
transformer-1	transformer_blocks.23.attn1.to_out.0.bias	BF16	3072	identity_bytes	denoiser.transformer_blocks.23.attn1.to_out.0.bias	BF16	3072	denoiser	weight
transformer-1	transformer_blocks.23.attn1.to_out.0.weight	BF16	3072,3072	identity_bytes	denoiser.transformer_blocks.23.attn1.to_out.0.weight	BF16	3072,3072	denoiser	weight
transformer-1	transformer_blocks.23.attn1.to_q.weight	BF16	3072,3072	identity_bytes	denoiser.transformer_blocks.23.attn1.to_q.weight	BF16	3072,3072	denoiser	weight
transformer-1	transformer_blocks.23.attn1.to_v.weight	BF16	3072,3072	identity_bytes	denoiser.transformer_blocks.23.attn1.to_v.weight	BF16	3072,3072	denoiser	weight
transformer-2	transformer_blocks.23.ff.net.0.proj.weight	BF16	16384,3072	identity_bytes	denoiser.transformer_blocks.23.ff.net.0.proj.weight	BF16	16384,3072	denoiser	weight
transformer-2	transformer_blocks.23.ff.net.2.weight	BF16	3072,8192	identity_bytes	denoiser.transformer_blocks.23.ff.net.2.weight	BF16	3072,8192	denoiser	weight
transformer-2	transformer_blocks.23.ff_context.net.0.proj.weight	BF16	8192,1536	identity_bytes	denoiser.transformer_blocks.23.ff_context.net.0.proj.weight	BF16	8192,1536	denoiser	weight
transformer-2	transformer_blocks.23.ff_context.net.2.weight	BF16	1536,4096	identity_bytes	denoiser.transformer_blocks.23.ff_context.net.2.weight	BF16	1536,4096	denoiser	weight
transformer-1	transformer_blocks.23.norm1.linear.bias	BF16	12288	identity_bytes	denoiser.transformer_blocks.23.norm1.linear.bias	BF16	12288	denoiser	weight
transformer-1	transformer_blocks.23.norm1.linear.weight	BF16	12288,3072	identity_bytes	denoiser.transformer_blocks.23.norm1.linear.weight	BF16	12288,3072	denoiser	weight
transformer-1	transformer_blocks.23.norm1_context.linear.bias	BF16	6144	identity_bytes	denoiser.transformer_blocks.23.norm1_context.linear.bias	BF16	6144	denoiser	weight
transformer-1	transformer_blocks.23.norm1_context.linear.weight	BF16	6144,3072	identity_bytes	denoiser.transformer_blocks.23.norm1_context.linear.weight	BF16	6144,3072	denoiser	weight
transformer-2	transformer_blocks.24.attn1.add_k_proj.weight	BF16	3072,1536	identity_bytes	denoiser.transformer_blocks.24.attn1.add_k_proj.weight	BF16	3072,1536	denoiser	weight
transformer-2	transformer_blocks.24.attn1.add_q_proj.weight	BF16	3072,1536	identity_bytes	denoiser.transformer_blocks.24.attn1.add_q_proj.weight	BF16	3072,1536	denoiser	weight
transformer-2	transformer_blocks.24.attn1.add_v_proj.weight	BF16	3072,1536	identity_bytes	denoiser.transformer_blocks.24.attn1.add_v_proj.weight	BF16	3072,1536	denoiser	weight
transformer-2	transformer_blocks.24.attn1.norm_added_k.weight	BF16	128	identity_bytes	denoiser.transformer_blocks.24.attn1.norm_added_k.weight	BF16	128	denoiser	weight
transformer-2	transformer_blocks.24.attn1.norm_added_q.weight	BF16	128	identity_bytes	denoiser.transformer_blocks.24.attn1.norm_added_q.weight	BF16	128	denoiser	weight
transformer-2	transformer_blocks.24.attn1.norm_k.weight	BF16	128	identity_bytes	denoiser.transformer_blocks.24.attn1.norm_k.weight	BF16	128	denoiser	weight
transformer-2	transformer_blocks.24.attn1.norm_q.weight	BF16	128	identity_bytes	denoiser.transformer_blocks.24.attn1.norm_q.weight	BF16	128	denoiser	weight
transformer-2	transformer_blocks.24.attn1.to_add_out.bias	BF16	1536	identity_bytes	denoiser.transformer_blocks.24.attn1.to_add_out.bias	BF16	1536	denoiser	weight
transformer-2	transformer_blocks.24.attn1.to_add_out.weight	BF16	1536,3072	identity_bytes	denoiser.transformer_blocks.24.attn1.to_add_out.weight	BF16	1536,3072	denoiser	weight
transformer-2	transformer_blocks.24.attn1.to_k.weight	BF16	3072,3072	identity_bytes	denoiser.transformer_blocks.24.attn1.to_k.weight	BF16	3072,3072	denoiser	weight
transformer-2	transformer_blocks.24.attn1.to_out.0.bias	BF16	3072	identity_bytes	denoiser.transformer_blocks.24.attn1.to_out.0.bias	BF16	3072	denoiser	weight
transformer-2	transformer_blocks.24.attn1.to_out.0.weight	BF16	3072,3072	identity_bytes	denoiser.transformer_blocks.24.attn1.to_out.0.weight	BF16	3072,3072	denoiser	weight
transformer-2	transformer_blocks.24.attn1.to_q.weight	BF16	3072,3072	identity_bytes	denoiser.transformer_blocks.24.attn1.to_q.weight	BF16	3072,3072	denoiser	weight
transformer-2	transformer_blocks.24.attn1.to_v.weight	BF16	3072,3072	identity_bytes	denoiser.transformer_blocks.24.attn1.to_v.weight	BF16	3072,3072	denoiser	weight
transformer-2	transformer_blocks.24.ff.net.0.proj.weight	BF16	16384,3072	identity_bytes	denoiser.transformer_blocks.24.ff.net.0.proj.weight	BF16	16384,3072	denoiser	weight
transformer-2	transformer_blocks.24.ff.net.2.weight	BF16	3072,8192	identity_bytes	denoiser.transformer_blocks.24.ff.net.2.weight	BF16	3072,8192	denoiser	weight
transformer-2	transformer_blocks.24.ff_context.net.0.proj.weight	BF16	8192,1536	identity_bytes	denoiser.transformer_blocks.24.ff_context.net.0.proj.weight	BF16	8192,1536	denoiser	weight
transformer-2	transformer_blocks.24.ff_context.net.2.weight	BF16	1536,4096	identity_bytes	denoiser.transformer_blocks.24.ff_context.net.2.weight	BF16	1536,4096	denoiser	weight
transformer-2	transformer_blocks.24.norm1.linear.bias	BF16	12288	identity_bytes	denoiser.transformer_blocks.24.norm1.linear.bias	BF16	12288	denoiser	weight
transformer-2	transformer_blocks.24.norm1.linear.weight	BF16	12288,3072	identity_bytes	denoiser.transformer_blocks.24.norm1.linear.weight	BF16	12288,3072	denoiser	weight
transformer-2	transformer_blocks.24.norm1_context.linear.bias	BF16	6144	identity_bytes	denoiser.transformer_blocks.24.norm1_context.linear.bias	BF16	6144	denoiser	weight
transformer-2	transformer_blocks.24.norm1_context.linear.weight	BF16	6144,3072	identity_bytes	denoiser.transformer_blocks.24.norm1_context.linear.weight	BF16	6144,3072	denoiser	weight
transformer-2	transformer_blocks.25.attn1.add_k_proj.weight	BF16	3072,1536	identity_bytes	denoiser.transformer_blocks.25.attn1.add_k_proj.weight	BF16	3072,1536	denoiser	weight
transformer-2	transformer_blocks.25.attn1.add_q_proj.weight	BF16	3072,1536	identity_bytes	denoiser.transformer_blocks.25.attn1.add_q_proj.weight	BF16	3072,1536	denoiser	weight
transformer-2	transformer_blocks.25.attn1.add_v_proj.weight	BF16	3072,1536	identity_bytes	denoiser.transformer_blocks.25.attn1.add_v_proj.weight	BF16	3072,1536	denoiser	weight
transformer-2	transformer_blocks.25.attn1.norm_added_k.weight	BF16	128	identity_bytes	denoiser.transformer_blocks.25.attn1.norm_added_k.weight	BF16	128	denoiser	weight
transformer-2	transformer_blocks.25.attn1.norm_added_q.weight	BF16	128	identity_bytes	denoiser.transformer_blocks.25.attn1.norm_added_q.weight	BF16	128	denoiser	weight
transformer-2	transformer_blocks.25.attn1.norm_k.weight	BF16	128	identity_bytes	denoiser.transformer_blocks.25.attn1.norm_k.weight	BF16	128	denoiser	weight
transformer-2	transformer_blocks.25.attn1.norm_q.weight	BF16	128	identity_bytes	denoiser.transformer_blocks.25.attn1.norm_q.weight	BF16	128	denoiser	weight
transformer-2	transformer_blocks.25.attn1.to_add_out.bias	BF16	1536	identity_bytes	denoiser.transformer_blocks.25.attn1.to_add_out.bias	BF16	1536	denoiser	weight
transformer-2	transformer_blocks.25.attn1.to_add_out.weight	BF16	1536,3072	identity_bytes	denoiser.transformer_blocks.25.attn1.to_add_out.weight	BF16	1536,3072	denoiser	weight
transformer-2	transformer_blocks.25.attn1.to_k.weight	BF16	3072,3072	identity_bytes	denoiser.transformer_blocks.25.attn1.to_k.weight	BF16	3072,3072	denoiser	weight
transformer-2	transformer_blocks.25.attn1.to_out.0.bias	BF16	3072	identity_bytes	denoiser.transformer_blocks.25.attn1.to_out.0.bias	BF16	3072	denoiser	weight
transformer-2	transformer_blocks.25.attn1.to_out.0.weight	BF16	3072,3072	identity_bytes	denoiser.transformer_blocks.25.attn1.to_out.0.weight	BF16	3072,3072	denoiser	weight
transformer-2	transformer_blocks.25.attn1.to_q.weight	BF16	3072,3072	identity_bytes	denoiser.transformer_blocks.25.attn1.to_q.weight	BF16	3072,3072	denoiser	weight
transformer-2	transformer_blocks.25.attn1.to_v.weight	BF16	3072,3072	identity_bytes	denoiser.transformer_blocks.25.attn1.to_v.weight	BF16	3072,3072	denoiser	weight
transformer-2	transformer_blocks.25.ff.net.0.proj.weight	BF16	16384,3072	identity_bytes	denoiser.transformer_blocks.25.ff.net.0.proj.weight	BF16	16384,3072	denoiser	weight
transformer-2	transformer_blocks.25.ff.net.2.weight	BF16	3072,8192	identity_bytes	denoiser.transformer_blocks.25.ff.net.2.weight	BF16	3072,8192	denoiser	weight
transformer-2	transformer_blocks.25.ff_context.net.0.proj.weight	BF16	8192,1536	identity_bytes	denoiser.transformer_blocks.25.ff_context.net.0.proj.weight	BF16	8192,1536	denoiser	weight
transformer-2	transformer_blocks.25.ff_context.net.2.weight	BF16	1536,4096	identity_bytes	denoiser.transformer_blocks.25.ff_context.net.2.weight	BF16	1536,4096	denoiser	weight
transformer-2	transformer_blocks.25.norm1.linear.bias	BF16	12288	identity_bytes	denoiser.transformer_blocks.25.norm1.linear.bias	BF16	12288	denoiser	weight
transformer-2	transformer_blocks.25.norm1.linear.weight	BF16	12288,3072	identity_bytes	denoiser.transformer_blocks.25.norm1.linear.weight	BF16	12288,3072	denoiser	weight
transformer-2	transformer_blocks.25.norm1_context.linear.bias	BF16	6144	identity_bytes	denoiser.transformer_blocks.25.norm1_context.linear.bias	BF16	6144	denoiser	weight
transformer-2	transformer_blocks.25.norm1_context.linear.weight	BF16	6144,3072	identity_bytes	denoiser.transformer_blocks.25.norm1_context.linear.weight	BF16	6144,3072	denoiser	weight
transformer-2	transformer_blocks.26.attn1.add_k_proj.weight	BF16	3072,1536	identity_bytes	denoiser.transformer_blocks.26.attn1.add_k_proj.weight	BF16	3072,1536	denoiser	weight
transformer-2	transformer_blocks.26.attn1.add_q_proj.weight	BF16	3072,1536	identity_bytes	denoiser.transformer_blocks.26.attn1.add_q_proj.weight	BF16	3072,1536	denoiser	weight
transformer-2	transformer_blocks.26.attn1.add_v_proj.weight	BF16	3072,1536	identity_bytes	denoiser.transformer_blocks.26.attn1.add_v_proj.weight	BF16	3072,1536	denoiser	weight
transformer-2	transformer_blocks.26.attn1.norm_added_k.weight	BF16	128	identity_bytes	denoiser.transformer_blocks.26.attn1.norm_added_k.weight	BF16	128	denoiser	weight
transformer-2	transformer_blocks.26.attn1.norm_added_q.weight	BF16	128	identity_bytes	denoiser.transformer_blocks.26.attn1.norm_added_q.weight	BF16	128	denoiser	weight
transformer-2	transformer_blocks.26.attn1.norm_k.weight	BF16	128	identity_bytes	denoiser.transformer_blocks.26.attn1.norm_k.weight	BF16	128	denoiser	weight
transformer-2	transformer_blocks.26.attn1.norm_q.weight	BF16	128	identity_bytes	denoiser.transformer_blocks.26.attn1.norm_q.weight	BF16	128	denoiser	weight
transformer-2	transformer_blocks.26.attn1.to_add_out.bias	BF16	1536	identity_bytes	denoiser.transformer_blocks.26.attn1.to_add_out.bias	BF16	1536	denoiser	weight
transformer-2	transformer_blocks.26.attn1.to_add_out.weight	BF16	1536,3072	identity_bytes	denoiser.transformer_blocks.26.attn1.to_add_out.weight	BF16	1536,3072	denoiser	weight
transformer-2	transformer_blocks.26.attn1.to_k.weight	BF16	3072,3072	identity_bytes	denoiser.transformer_blocks.26.attn1.to_k.weight	BF16	3072,3072	denoiser	weight
transformer-2	transformer_blocks.26.attn1.to_out.0.bias	BF16	3072	identity_bytes	denoiser.transformer_blocks.26.attn1.to_out.0.bias	BF16	3072	denoiser	weight
transformer-2	transformer_blocks.26.attn1.to_out.0.weight	BF16	3072,3072	identity_bytes	denoiser.transformer_blocks.26.attn1.to_out.0.weight	BF16	3072,3072	denoiser	weight
transformer-2	transformer_blocks.26.attn1.to_q.weight	BF16	3072,3072	identity_bytes	denoiser.transformer_blocks.26.attn1.to_q.weight	BF16	3072,3072	denoiser	weight
transformer-2	transformer_blocks.26.attn1.to_v.weight	BF16	3072,3072	identity_bytes	denoiser.transformer_blocks.26.attn1.to_v.weight	BF16	3072,3072	denoiser	weight
transformer-2	transformer_blocks.26.ff.net.0.proj.weight	BF16	16384,3072	identity_bytes	denoiser.transformer_blocks.26.ff.net.0.proj.weight	BF16	16384,3072	denoiser	weight
transformer-2	transformer_blocks.26.ff.net.2.weight	BF16	3072,8192	identity_bytes	denoiser.transformer_blocks.26.ff.net.2.weight	BF16	3072,8192	denoiser	weight
transformer-2	transformer_blocks.26.ff_context.net.0.proj.weight	BF16	8192,1536	identity_bytes	denoiser.transformer_blocks.26.ff_context.net.0.proj.weight	BF16	8192,1536	denoiser	weight
transformer-2	transformer_blocks.26.ff_context.net.2.weight	BF16	1536,4096	identity_bytes	denoiser.transformer_blocks.26.ff_context.net.2.weight	BF16	1536,4096	denoiser	weight
transformer-2	transformer_blocks.26.norm1.linear.bias	BF16	12288	identity_bytes	denoiser.transformer_blocks.26.norm1.linear.bias	BF16	12288	denoiser	weight
transformer-2	transformer_blocks.26.norm1.linear.weight	BF16	12288,3072	identity_bytes	denoiser.transformer_blocks.26.norm1.linear.weight	BF16	12288,3072	denoiser	weight
transformer-2	transformer_blocks.26.norm1_context.linear.bias	BF16	6144	identity_bytes	denoiser.transformer_blocks.26.norm1_context.linear.bias	BF16	6144	denoiser	weight
transformer-2	transformer_blocks.26.norm1_context.linear.weight	BF16	6144,3072	identity_bytes	denoiser.transformer_blocks.26.norm1_context.linear.weight	BF16	6144,3072	denoiser	weight
transformer-2	transformer_blocks.27.attn1.add_k_proj.weight	BF16	3072,1536	identity_bytes	denoiser.transformer_blocks.27.attn1.add_k_proj.weight	BF16	3072,1536	denoiser	weight
transformer-2	transformer_blocks.27.attn1.add_q_proj.weight	BF16	3072,1536	identity_bytes	denoiser.transformer_blocks.27.attn1.add_q_proj.weight	BF16	3072,1536	denoiser	weight
transformer-2	transformer_blocks.27.attn1.add_v_proj.weight	BF16	3072,1536	identity_bytes	denoiser.transformer_blocks.27.attn1.add_v_proj.weight	BF16	3072,1536	denoiser	weight
transformer-2	transformer_blocks.27.attn1.norm_added_k.weight	BF16	128	identity_bytes	denoiser.transformer_blocks.27.attn1.norm_added_k.weight	BF16	128	denoiser	weight
transformer-2	transformer_blocks.27.attn1.norm_added_q.weight	BF16	128	identity_bytes	denoiser.transformer_blocks.27.attn1.norm_added_q.weight	BF16	128	denoiser	weight
transformer-2	transformer_blocks.27.attn1.norm_k.weight	BF16	128	identity_bytes	denoiser.transformer_blocks.27.attn1.norm_k.weight	BF16	128	denoiser	weight
transformer-2	transformer_blocks.27.attn1.norm_q.weight	BF16	128	identity_bytes	denoiser.transformer_blocks.27.attn1.norm_q.weight	BF16	128	denoiser	weight
transformer-2	transformer_blocks.27.attn1.to_add_out.bias	BF16	1536	identity_bytes	denoiser.transformer_blocks.27.attn1.to_add_out.bias	BF16	1536	denoiser	weight
transformer-2	transformer_blocks.27.attn1.to_add_out.weight	BF16	1536,3072	identity_bytes	denoiser.transformer_blocks.27.attn1.to_add_out.weight	BF16	1536,3072	denoiser	weight
transformer-2	transformer_blocks.27.attn1.to_k.weight	BF16	3072,3072	identity_bytes	denoiser.transformer_blocks.27.attn1.to_k.weight	BF16	3072,3072	denoiser	weight
transformer-2	transformer_blocks.27.attn1.to_out.0.bias	BF16	3072	identity_bytes	denoiser.transformer_blocks.27.attn1.to_out.0.bias	BF16	3072	denoiser	weight
transformer-2	transformer_blocks.27.attn1.to_out.0.weight	BF16	3072,3072	identity_bytes	denoiser.transformer_blocks.27.attn1.to_out.0.weight	BF16	3072,3072	denoiser	weight
transformer-2	transformer_blocks.27.attn1.to_q.weight	BF16	3072,3072	identity_bytes	denoiser.transformer_blocks.27.attn1.to_q.weight	BF16	3072,3072	denoiser	weight
transformer-2	transformer_blocks.27.attn1.to_v.weight	BF16	3072,3072	identity_bytes	denoiser.transformer_blocks.27.attn1.to_v.weight	BF16	3072,3072	denoiser	weight
transformer-2	transformer_blocks.27.ff.net.0.proj.weight	BF16	16384,3072	identity_bytes	denoiser.transformer_blocks.27.ff.net.0.proj.weight	BF16	16384,3072	denoiser	weight
transformer-2	transformer_blocks.27.ff.net.2.weight	BF16	3072,8192	identity_bytes	denoiser.transformer_blocks.27.ff.net.2.weight	BF16	3072,8192	denoiser	weight
transformer-2	transformer_blocks.27.ff_context.net.0.proj.weight	BF16	8192,1536	identity_bytes	denoiser.transformer_blocks.27.ff_context.net.0.proj.weight	BF16	8192,1536	denoiser	weight
transformer-2	transformer_blocks.27.ff_context.net.2.weight	BF16	1536,4096	identity_bytes	denoiser.transformer_blocks.27.ff_context.net.2.weight	BF16	1536,4096	denoiser	weight
transformer-2	transformer_blocks.27.norm1.linear.bias	BF16	12288	identity_bytes	denoiser.transformer_blocks.27.norm1.linear.bias	BF16	12288	denoiser	weight
transformer-2	transformer_blocks.27.norm1.linear.weight	BF16	12288,3072	identity_bytes	denoiser.transformer_blocks.27.norm1.linear.weight	BF16	12288,3072	denoiser	weight
transformer-2	transformer_blocks.27.norm1_context.linear.bias	BF16	6144	identity_bytes	denoiser.transformer_blocks.27.norm1_context.linear.bias	BF16	6144	denoiser	weight
transformer-2	transformer_blocks.27.norm1_context.linear.weight	BF16	6144,3072	identity_bytes	denoiser.transformer_blocks.27.norm1_context.linear.weight	BF16	6144,3072	denoiser	weight
transformer-2	transformer_blocks.28.attn1.add_k_proj.weight	BF16	3072,1536	identity_bytes	denoiser.transformer_blocks.28.attn1.add_k_proj.weight	BF16	3072,1536	denoiser	weight
transformer-2	transformer_blocks.28.attn1.add_q_proj.weight	BF16	3072,1536	identity_bytes	denoiser.transformer_blocks.28.attn1.add_q_proj.weight	BF16	3072,1536	denoiser	weight
transformer-2	transformer_blocks.28.attn1.add_v_proj.weight	BF16	3072,1536	identity_bytes	denoiser.transformer_blocks.28.attn1.add_v_proj.weight	BF16	3072,1536	denoiser	weight
transformer-2	transformer_blocks.28.attn1.norm_added_k.weight	BF16	128	identity_bytes	denoiser.transformer_blocks.28.attn1.norm_added_k.weight	BF16	128	denoiser	weight
transformer-2	transformer_blocks.28.attn1.norm_added_q.weight	BF16	128	identity_bytes	denoiser.transformer_blocks.28.attn1.norm_added_q.weight	BF16	128	denoiser	weight
transformer-2	transformer_blocks.28.attn1.norm_k.weight	BF16	128	identity_bytes	denoiser.transformer_blocks.28.attn1.norm_k.weight	BF16	128	denoiser	weight
transformer-2	transformer_blocks.28.attn1.norm_q.weight	BF16	128	identity_bytes	denoiser.transformer_blocks.28.attn1.norm_q.weight	BF16	128	denoiser	weight
transformer-2	transformer_blocks.28.attn1.to_add_out.bias	BF16	1536	identity_bytes	denoiser.transformer_blocks.28.attn1.to_add_out.bias	BF16	1536	denoiser	weight
transformer-2	transformer_blocks.28.attn1.to_add_out.weight	BF16	1536,3072	identity_bytes	denoiser.transformer_blocks.28.attn1.to_add_out.weight	BF16	1536,3072	denoiser	weight
transformer-2	transformer_blocks.28.attn1.to_k.weight	BF16	3072,3072	identity_bytes	denoiser.transformer_blocks.28.attn1.to_k.weight	BF16	3072,3072	denoiser	weight
transformer-2	transformer_blocks.28.attn1.to_out.0.bias	BF16	3072	identity_bytes	denoiser.transformer_blocks.28.attn1.to_out.0.bias	BF16	3072	denoiser	weight
transformer-2	transformer_blocks.28.attn1.to_out.0.weight	BF16	3072,3072	identity_bytes	denoiser.transformer_blocks.28.attn1.to_out.0.weight	BF16	3072,3072	denoiser	weight
transformer-2	transformer_blocks.28.attn1.to_q.weight	BF16	3072,3072	identity_bytes	denoiser.transformer_blocks.28.attn1.to_q.weight	BF16	3072,3072	denoiser	weight
transformer-2	transformer_blocks.28.attn1.to_v.weight	BF16	3072,3072	identity_bytes	denoiser.transformer_blocks.28.attn1.to_v.weight	BF16	3072,3072	denoiser	weight
transformer-2	transformer_blocks.28.ff.net.0.proj.weight	BF16	16384,3072	identity_bytes	denoiser.transformer_blocks.28.ff.net.0.proj.weight	BF16	16384,3072	denoiser	weight
transformer-2	transformer_blocks.28.ff.net.2.weight	BF16	3072,8192	identity_bytes	denoiser.transformer_blocks.28.ff.net.2.weight	BF16	3072,8192	denoiser	weight
transformer-2	transformer_blocks.28.ff_context.net.0.proj.weight	BF16	8192,1536	identity_bytes	denoiser.transformer_blocks.28.ff_context.net.0.proj.weight	BF16	8192,1536	denoiser	weight
transformer-2	transformer_blocks.28.ff_context.net.2.weight	BF16	1536,4096	identity_bytes	denoiser.transformer_blocks.28.ff_context.net.2.weight	BF16	1536,4096	denoiser	weight
transformer-2	transformer_blocks.28.norm1.linear.bias	BF16	12288	identity_bytes	denoiser.transformer_blocks.28.norm1.linear.bias	BF16	12288	denoiser	weight
transformer-2	transformer_blocks.28.norm1.linear.weight	BF16	12288,3072	identity_bytes	denoiser.transformer_blocks.28.norm1.linear.weight	BF16	12288,3072	denoiser	weight
transformer-2	transformer_blocks.28.norm1_context.linear.bias	BF16	6144	identity_bytes	denoiser.transformer_blocks.28.norm1_context.linear.bias	BF16	6144	denoiser	weight
transformer-2	transformer_blocks.28.norm1_context.linear.weight	BF16	6144,3072	identity_bytes	denoiser.transformer_blocks.28.norm1_context.linear.weight	BF16	6144,3072	denoiser	weight
transformer-2	transformer_blocks.29.attn1.add_k_proj.weight	BF16	3072,1536	identity_bytes	denoiser.transformer_blocks.29.attn1.add_k_proj.weight	BF16	3072,1536	denoiser	weight
transformer-2	transformer_blocks.29.attn1.add_q_proj.weight	BF16	3072,1536	identity_bytes	denoiser.transformer_blocks.29.attn1.add_q_proj.weight	BF16	3072,1536	denoiser	weight
transformer-2	transformer_blocks.29.attn1.add_v_proj.weight	BF16	3072,1536	identity_bytes	denoiser.transformer_blocks.29.attn1.add_v_proj.weight	BF16	3072,1536	denoiser	weight
transformer-2	transformer_blocks.29.attn1.norm_added_k.weight	BF16	128	identity_bytes	denoiser.transformer_blocks.29.attn1.norm_added_k.weight	BF16	128	denoiser	weight
transformer-2	transformer_blocks.29.attn1.norm_added_q.weight	BF16	128	identity_bytes	denoiser.transformer_blocks.29.attn1.norm_added_q.weight	BF16	128	denoiser	weight
transformer-2	transformer_blocks.29.attn1.norm_k.weight	BF16	128	identity_bytes	denoiser.transformer_blocks.29.attn1.norm_k.weight	BF16	128	denoiser	weight
transformer-2	transformer_blocks.29.attn1.norm_q.weight	BF16	128	identity_bytes	denoiser.transformer_blocks.29.attn1.norm_q.weight	BF16	128	denoiser	weight
transformer-2	transformer_blocks.29.attn1.to_add_out.bias	BF16	1536	identity_bytes	denoiser.transformer_blocks.29.attn1.to_add_out.bias	BF16	1536	denoiser	weight
transformer-2	transformer_blocks.29.attn1.to_add_out.weight	BF16	1536,3072	identity_bytes	denoiser.transformer_blocks.29.attn1.to_add_out.weight	BF16	1536,3072	denoiser	weight
transformer-2	transformer_blocks.29.attn1.to_k.weight	BF16	3072,3072	identity_bytes	denoiser.transformer_blocks.29.attn1.to_k.weight	BF16	3072,3072	denoiser	weight
transformer-2	transformer_blocks.29.attn1.to_out.0.bias	BF16	3072	identity_bytes	denoiser.transformer_blocks.29.attn1.to_out.0.bias	BF16	3072	denoiser	weight
transformer-2	transformer_blocks.29.attn1.to_out.0.weight	BF16	3072,3072	identity_bytes	denoiser.transformer_blocks.29.attn1.to_out.0.weight	BF16	3072,3072	denoiser	weight
transformer-2	transformer_blocks.29.attn1.to_q.weight	BF16	3072,3072	identity_bytes	denoiser.transformer_blocks.29.attn1.to_q.weight	BF16	3072,3072	denoiser	weight
transformer-2	transformer_blocks.29.attn1.to_v.weight	BF16	3072,3072	identity_bytes	denoiser.transformer_blocks.29.attn1.to_v.weight	BF16	3072,3072	denoiser	weight
transformer-2	transformer_blocks.29.ff.net.0.proj.weight	BF16	16384,3072	identity_bytes	denoiser.transformer_blocks.29.ff.net.0.proj.weight	BF16	16384,3072	denoiser	weight
transformer-2	transformer_blocks.29.ff.net.2.weight	BF16	3072,8192	identity_bytes	denoiser.transformer_blocks.29.ff.net.2.weight	BF16	3072,8192	denoiser	weight
transformer-2	transformer_blocks.29.ff_context.net.0.proj.weight	BF16	8192,1536	identity_bytes	denoiser.transformer_blocks.29.ff_context.net.0.proj.weight	BF16	8192,1536	denoiser	weight
transformer-2	transformer_blocks.29.ff_context.net.2.weight	BF16	1536,4096	identity_bytes	denoiser.transformer_blocks.29.ff_context.net.2.weight	BF16	1536,4096	denoiser	weight
transformer-2	transformer_blocks.29.norm1.linear.bias	BF16	12288	identity_bytes	denoiser.transformer_blocks.29.norm1.linear.bias	BF16	12288	denoiser	weight
transformer-2	transformer_blocks.29.norm1.linear.weight	BF16	12288,3072	identity_bytes	denoiser.transformer_blocks.29.norm1.linear.weight	BF16	12288,3072	denoiser	weight
transformer-2	transformer_blocks.29.norm1_context.linear.bias	BF16	6144	identity_bytes	denoiser.transformer_blocks.29.norm1_context.linear.bias	BF16	6144	denoiser	weight
transformer-2	transformer_blocks.29.norm1_context.linear.weight	BF16	6144,3072	identity_bytes	denoiser.transformer_blocks.29.norm1_context.linear.weight	BF16	6144,3072	denoiser	weight
transformer-1	transformer_blocks.3.attn1.add_k_proj.weight	BF16	3072,1536	identity_bytes	denoiser.transformer_blocks.3.attn1.add_k_proj.weight	BF16	3072,1536	denoiser	weight
transformer-1	transformer_blocks.3.attn1.add_q_proj.weight	BF16	3072,1536	identity_bytes	denoiser.transformer_blocks.3.attn1.add_q_proj.weight	BF16	3072,1536	denoiser	weight
transformer-1	transformer_blocks.3.attn1.add_v_proj.weight	BF16	3072,1536	identity_bytes	denoiser.transformer_blocks.3.attn1.add_v_proj.weight	BF16	3072,1536	denoiser	weight
transformer-1	transformer_blocks.3.attn1.norm_added_k.weight	BF16	128	identity_bytes	denoiser.transformer_blocks.3.attn1.norm_added_k.weight	BF16	128	denoiser	weight
transformer-1	transformer_blocks.3.attn1.norm_added_q.weight	BF16	128	identity_bytes	denoiser.transformer_blocks.3.attn1.norm_added_q.weight	BF16	128	denoiser	weight
transformer-1	transformer_blocks.3.attn1.norm_k.weight	BF16	128	identity_bytes	denoiser.transformer_blocks.3.attn1.norm_k.weight	BF16	128	denoiser	weight
transformer-1	transformer_blocks.3.attn1.norm_q.weight	BF16	128	identity_bytes	denoiser.transformer_blocks.3.attn1.norm_q.weight	BF16	128	denoiser	weight
transformer-1	transformer_blocks.3.attn1.to_add_out.bias	BF16	1536	identity_bytes	denoiser.transformer_blocks.3.attn1.to_add_out.bias	BF16	1536	denoiser	weight
transformer-1	transformer_blocks.3.attn1.to_add_out.weight	BF16	1536,3072	identity_bytes	denoiser.transformer_blocks.3.attn1.to_add_out.weight	BF16	1536,3072	denoiser	weight
transformer-1	transformer_blocks.3.attn1.to_k.weight	BF16	3072,3072	identity_bytes	denoiser.transformer_blocks.3.attn1.to_k.weight	BF16	3072,3072	denoiser	weight
transformer-1	transformer_blocks.3.attn1.to_out.0.bias	BF16	3072	identity_bytes	denoiser.transformer_blocks.3.attn1.to_out.0.bias	BF16	3072	denoiser	weight
transformer-1	transformer_blocks.3.attn1.to_out.0.weight	BF16	3072,3072	identity_bytes	denoiser.transformer_blocks.3.attn1.to_out.0.weight	BF16	3072,3072	denoiser	weight
transformer-1	transformer_blocks.3.attn1.to_q.weight	BF16	3072,3072	identity_bytes	denoiser.transformer_blocks.3.attn1.to_q.weight	BF16	3072,3072	denoiser	weight
transformer-1	transformer_blocks.3.attn1.to_v.weight	BF16	3072,3072	identity_bytes	denoiser.transformer_blocks.3.attn1.to_v.weight	BF16	3072,3072	denoiser	weight
transformer-1	transformer_blocks.3.ff.net.0.proj.weight	BF16	16384,3072	identity_bytes	denoiser.transformer_blocks.3.ff.net.0.proj.weight	BF16	16384,3072	denoiser	weight
transformer-1	transformer_blocks.3.ff.net.2.weight	BF16	3072,8192	identity_bytes	denoiser.transformer_blocks.3.ff.net.2.weight	BF16	3072,8192	denoiser	weight
transformer-1	transformer_blocks.3.ff_context.net.0.proj.weight	BF16	8192,1536	identity_bytes	denoiser.transformer_blocks.3.ff_context.net.0.proj.weight	BF16	8192,1536	denoiser	weight
transformer-1	transformer_blocks.3.ff_context.net.2.weight	BF16	1536,4096	identity_bytes	denoiser.transformer_blocks.3.ff_context.net.2.weight	BF16	1536,4096	denoiser	weight
transformer-1	transformer_blocks.3.norm1.linear.bias	BF16	12288	identity_bytes	denoiser.transformer_blocks.3.norm1.linear.bias	BF16	12288	denoiser	weight
transformer-1	transformer_blocks.3.norm1.linear.weight	BF16	12288,3072	identity_bytes	denoiser.transformer_blocks.3.norm1.linear.weight	BF16	12288,3072	denoiser	weight
transformer-1	transformer_blocks.3.norm1_context.linear.bias	BF16	6144	identity_bytes	denoiser.transformer_blocks.3.norm1_context.linear.bias	BF16	6144	denoiser	weight
transformer-1	transformer_blocks.3.norm1_context.linear.weight	BF16	6144,3072	identity_bytes	denoiser.transformer_blocks.3.norm1_context.linear.weight	BF16	6144,3072	denoiser	weight
transformer-2	transformer_blocks.30.attn1.add_k_proj.weight	BF16	3072,1536	identity_bytes	denoiser.transformer_blocks.30.attn1.add_k_proj.weight	BF16	3072,1536	denoiser	weight
transformer-2	transformer_blocks.30.attn1.add_q_proj.weight	BF16	3072,1536	identity_bytes	denoiser.transformer_blocks.30.attn1.add_q_proj.weight	BF16	3072,1536	denoiser	weight
transformer-2	transformer_blocks.30.attn1.add_v_proj.weight	BF16	3072,1536	identity_bytes	denoiser.transformer_blocks.30.attn1.add_v_proj.weight	BF16	3072,1536	denoiser	weight
transformer-2	transformer_blocks.30.attn1.norm_added_k.weight	BF16	128	identity_bytes	denoiser.transformer_blocks.30.attn1.norm_added_k.weight	BF16	128	denoiser	weight
transformer-2	transformer_blocks.30.attn1.norm_added_q.weight	BF16	128	identity_bytes	denoiser.transformer_blocks.30.attn1.norm_added_q.weight	BF16	128	denoiser	weight
transformer-2	transformer_blocks.30.attn1.norm_k.weight	BF16	128	identity_bytes	denoiser.transformer_blocks.30.attn1.norm_k.weight	BF16	128	denoiser	weight
transformer-2	transformer_blocks.30.attn1.norm_q.weight	BF16	128	identity_bytes	denoiser.transformer_blocks.30.attn1.norm_q.weight	BF16	128	denoiser	weight
transformer-2	transformer_blocks.30.attn1.to_add_out.bias	BF16	1536	identity_bytes	denoiser.transformer_blocks.30.attn1.to_add_out.bias	BF16	1536	denoiser	weight
transformer-2	transformer_blocks.30.attn1.to_add_out.weight	BF16	1536,3072	identity_bytes	denoiser.transformer_blocks.30.attn1.to_add_out.weight	BF16	1536,3072	denoiser	weight
transformer-2	transformer_blocks.30.attn1.to_k.weight	BF16	3072,3072	identity_bytes	denoiser.transformer_blocks.30.attn1.to_k.weight	BF16	3072,3072	denoiser	weight
transformer-2	transformer_blocks.30.attn1.to_out.0.bias	BF16	3072	identity_bytes	denoiser.transformer_blocks.30.attn1.to_out.0.bias	BF16	3072	denoiser	weight
transformer-2	transformer_blocks.30.attn1.to_out.0.weight	BF16	3072,3072	identity_bytes	denoiser.transformer_blocks.30.attn1.to_out.0.weight	BF16	3072,3072	denoiser	weight
transformer-2	transformer_blocks.30.attn1.to_q.weight	BF16	3072,3072	identity_bytes	denoiser.transformer_blocks.30.attn1.to_q.weight	BF16	3072,3072	denoiser	weight
transformer-2	transformer_blocks.30.attn1.to_v.weight	BF16	3072,3072	identity_bytes	denoiser.transformer_blocks.30.attn1.to_v.weight	BF16	3072,3072	denoiser	weight
transformer-2	transformer_blocks.30.ff.net.0.proj.weight	BF16	16384,3072	identity_bytes	denoiser.transformer_blocks.30.ff.net.0.proj.weight	BF16	16384,3072	denoiser	weight
transformer-2	transformer_blocks.30.ff.net.2.weight	BF16	3072,8192	identity_bytes	denoiser.transformer_blocks.30.ff.net.2.weight	BF16	3072,8192	denoiser	weight
transformer-2	transformer_blocks.30.ff_context.net.0.proj.weight	BF16	8192,1536	identity_bytes	denoiser.transformer_blocks.30.ff_context.net.0.proj.weight	BF16	8192,1536	denoiser	weight
transformer-2	transformer_blocks.30.ff_context.net.2.weight	BF16	1536,4096	identity_bytes	denoiser.transformer_blocks.30.ff_context.net.2.weight	BF16	1536,4096	denoiser	weight
transformer-2	transformer_blocks.30.norm1.linear.bias	BF16	12288	identity_bytes	denoiser.transformer_blocks.30.norm1.linear.bias	BF16	12288	denoiser	weight
transformer-2	transformer_blocks.30.norm1.linear.weight	BF16	12288,3072	identity_bytes	denoiser.transformer_blocks.30.norm1.linear.weight	BF16	12288,3072	denoiser	weight
transformer-2	transformer_blocks.30.norm1_context.linear.bias	BF16	6144	identity_bytes	denoiser.transformer_blocks.30.norm1_context.linear.bias	BF16	6144	denoiser	weight
transformer-2	transformer_blocks.30.norm1_context.linear.weight	BF16	6144,3072	identity_bytes	denoiser.transformer_blocks.30.norm1_context.linear.weight	BF16	6144,3072	denoiser	weight
transformer-2	transformer_blocks.31.attn1.add_k_proj.weight	BF16	3072,1536	identity_bytes	denoiser.transformer_blocks.31.attn1.add_k_proj.weight	BF16	3072,1536	denoiser	weight
transformer-2	transformer_blocks.31.attn1.add_q_proj.weight	BF16	3072,1536	identity_bytes	denoiser.transformer_blocks.31.attn1.add_q_proj.weight	BF16	3072,1536	denoiser	weight
transformer-2	transformer_blocks.31.attn1.add_v_proj.weight	BF16	3072,1536	identity_bytes	denoiser.transformer_blocks.31.attn1.add_v_proj.weight	BF16	3072,1536	denoiser	weight
transformer-2	transformer_blocks.31.attn1.norm_added_k.weight	BF16	128	identity_bytes	denoiser.transformer_blocks.31.attn1.norm_added_k.weight	BF16	128	denoiser	weight
transformer-2	transformer_blocks.31.attn1.norm_added_q.weight	BF16	128	identity_bytes	denoiser.transformer_blocks.31.attn1.norm_added_q.weight	BF16	128	denoiser	weight
transformer-2	transformer_blocks.31.attn1.norm_k.weight	BF16	128	identity_bytes	denoiser.transformer_blocks.31.attn1.norm_k.weight	BF16	128	denoiser	weight
transformer-2	transformer_blocks.31.attn1.norm_q.weight	BF16	128	identity_bytes	denoiser.transformer_blocks.31.attn1.norm_q.weight	BF16	128	denoiser	weight
transformer-2	transformer_blocks.31.attn1.to_add_out.bias	BF16	1536	identity_bytes	denoiser.transformer_blocks.31.attn1.to_add_out.bias	BF16	1536	denoiser	weight
transformer-2	transformer_blocks.31.attn1.to_add_out.weight	BF16	1536,3072	identity_bytes	denoiser.transformer_blocks.31.attn1.to_add_out.weight	BF16	1536,3072	denoiser	weight
transformer-2	transformer_blocks.31.attn1.to_k.weight	BF16	3072,3072	identity_bytes	denoiser.transformer_blocks.31.attn1.to_k.weight	BF16	3072,3072	denoiser	weight
transformer-2	transformer_blocks.31.attn1.to_out.0.bias	BF16	3072	identity_bytes	denoiser.transformer_blocks.31.attn1.to_out.0.bias	BF16	3072	denoiser	weight
transformer-2	transformer_blocks.31.attn1.to_out.0.weight	BF16	3072,3072	identity_bytes	denoiser.transformer_blocks.31.attn1.to_out.0.weight	BF16	3072,3072	denoiser	weight
transformer-2	transformer_blocks.31.attn1.to_q.weight	BF16	3072,3072	identity_bytes	denoiser.transformer_blocks.31.attn1.to_q.weight	BF16	3072,3072	denoiser	weight
transformer-2	transformer_blocks.31.attn1.to_v.weight	BF16	3072,3072	identity_bytes	denoiser.transformer_blocks.31.attn1.to_v.weight	BF16	3072,3072	denoiser	weight
transformer-2	transformer_blocks.31.ff.net.0.proj.weight	BF16	16384,3072	identity_bytes	denoiser.transformer_blocks.31.ff.net.0.proj.weight	BF16	16384,3072	denoiser	weight
transformer-2	transformer_blocks.31.ff.net.2.weight	BF16	3072,8192	identity_bytes	denoiser.transformer_blocks.31.ff.net.2.weight	BF16	3072,8192	denoiser	weight
transformer-2	transformer_blocks.31.ff_context.net.0.proj.weight	BF16	8192,1536	identity_bytes	denoiser.transformer_blocks.31.ff_context.net.0.proj.weight	BF16	8192,1536	denoiser	weight
transformer-2	transformer_blocks.31.ff_context.net.2.weight	BF16	1536,4096	identity_bytes	denoiser.transformer_blocks.31.ff_context.net.2.weight	BF16	1536,4096	denoiser	weight
transformer-2	transformer_blocks.31.norm1.linear.bias	BF16	12288	identity_bytes	denoiser.transformer_blocks.31.norm1.linear.bias	BF16	12288	denoiser	weight
transformer-2	transformer_blocks.31.norm1.linear.weight	BF16	12288,3072	identity_bytes	denoiser.transformer_blocks.31.norm1.linear.weight	BF16	12288,3072	denoiser	weight
transformer-2	transformer_blocks.31.norm1_context.linear.bias	BF16	6144	identity_bytes	denoiser.transformer_blocks.31.norm1_context.linear.bias	BF16	6144	denoiser	weight
transformer-2	transformer_blocks.31.norm1_context.linear.weight	BF16	6144,3072	identity_bytes	denoiser.transformer_blocks.31.norm1_context.linear.weight	BF16	6144,3072	denoiser	weight
transformer-2	transformer_blocks.32.attn1.add_k_proj.weight	BF16	3072,1536	identity_bytes	denoiser.transformer_blocks.32.attn1.add_k_proj.weight	BF16	3072,1536	denoiser	weight
transformer-2	transformer_blocks.32.attn1.add_q_proj.weight	BF16	3072,1536	identity_bytes	denoiser.transformer_blocks.32.attn1.add_q_proj.weight	BF16	3072,1536	denoiser	weight
transformer-2	transformer_blocks.32.attn1.add_v_proj.weight	BF16	3072,1536	identity_bytes	denoiser.transformer_blocks.32.attn1.add_v_proj.weight	BF16	3072,1536	denoiser	weight
transformer-2	transformer_blocks.32.attn1.norm_added_k.weight	BF16	128	identity_bytes	denoiser.transformer_blocks.32.attn1.norm_added_k.weight	BF16	128	denoiser	weight
transformer-2	transformer_blocks.32.attn1.norm_added_q.weight	BF16	128	identity_bytes	denoiser.transformer_blocks.32.attn1.norm_added_q.weight	BF16	128	denoiser	weight
transformer-2	transformer_blocks.32.attn1.norm_k.weight	BF16	128	identity_bytes	denoiser.transformer_blocks.32.attn1.norm_k.weight	BF16	128	denoiser	weight
transformer-2	transformer_blocks.32.attn1.norm_q.weight	BF16	128	identity_bytes	denoiser.transformer_blocks.32.attn1.norm_q.weight	BF16	128	denoiser	weight
transformer-2	transformer_blocks.32.attn1.to_add_out.bias	BF16	1536	identity_bytes	denoiser.transformer_blocks.32.attn1.to_add_out.bias	BF16	1536	denoiser	weight
transformer-2	transformer_blocks.32.attn1.to_add_out.weight	BF16	1536,3072	identity_bytes	denoiser.transformer_blocks.32.attn1.to_add_out.weight	BF16	1536,3072	denoiser	weight
transformer-2	transformer_blocks.32.attn1.to_k.weight	BF16	3072,3072	identity_bytes	denoiser.transformer_blocks.32.attn1.to_k.weight	BF16	3072,3072	denoiser	weight
transformer-2	transformer_blocks.32.attn1.to_out.0.bias	BF16	3072	identity_bytes	denoiser.transformer_blocks.32.attn1.to_out.0.bias	BF16	3072	denoiser	weight
transformer-2	transformer_blocks.32.attn1.to_out.0.weight	BF16	3072,3072	identity_bytes	denoiser.transformer_blocks.32.attn1.to_out.0.weight	BF16	3072,3072	denoiser	weight
transformer-2	transformer_blocks.32.attn1.to_q.weight	BF16	3072,3072	identity_bytes	denoiser.transformer_blocks.32.attn1.to_q.weight	BF16	3072,3072	denoiser	weight
transformer-2	transformer_blocks.32.attn1.to_v.weight	BF16	3072,3072	identity_bytes	denoiser.transformer_blocks.32.attn1.to_v.weight	BF16	3072,3072	denoiser	weight
transformer-2	transformer_blocks.32.ff.net.0.proj.weight	BF16	16384,3072	identity_bytes	denoiser.transformer_blocks.32.ff.net.0.proj.weight	BF16	16384,3072	denoiser	weight
transformer-2	transformer_blocks.32.ff.net.2.weight	BF16	3072,8192	identity_bytes	denoiser.transformer_blocks.32.ff.net.2.weight	BF16	3072,8192	denoiser	weight
transformer-2	transformer_blocks.32.ff_context.net.0.proj.weight	BF16	8192,1536	identity_bytes	denoiser.transformer_blocks.32.ff_context.net.0.proj.weight	BF16	8192,1536	denoiser	weight
transformer-2	transformer_blocks.32.ff_context.net.2.weight	BF16	1536,4096	identity_bytes	denoiser.transformer_blocks.32.ff_context.net.2.weight	BF16	1536,4096	denoiser	weight
transformer-2	transformer_blocks.32.norm1.linear.bias	BF16	12288	identity_bytes	denoiser.transformer_blocks.32.norm1.linear.bias	BF16	12288	denoiser	weight
transformer-2	transformer_blocks.32.norm1.linear.weight	BF16	12288,3072	identity_bytes	denoiser.transformer_blocks.32.norm1.linear.weight	BF16	12288,3072	denoiser	weight
transformer-2	transformer_blocks.32.norm1_context.linear.bias	BF16	6144	identity_bytes	denoiser.transformer_blocks.32.norm1_context.linear.bias	BF16	6144	denoiser	weight
transformer-2	transformer_blocks.32.norm1_context.linear.weight	BF16	6144,3072	identity_bytes	denoiser.transformer_blocks.32.norm1_context.linear.weight	BF16	6144,3072	denoiser	weight
transformer-2	transformer_blocks.33.attn1.add_k_proj.weight	BF16	3072,1536	identity_bytes	denoiser.transformer_blocks.33.attn1.add_k_proj.weight	BF16	3072,1536	denoiser	weight
transformer-2	transformer_blocks.33.attn1.add_q_proj.weight	BF16	3072,1536	identity_bytes	denoiser.transformer_blocks.33.attn1.add_q_proj.weight	BF16	3072,1536	denoiser	weight
transformer-2	transformer_blocks.33.attn1.add_v_proj.weight	BF16	3072,1536	identity_bytes	denoiser.transformer_blocks.33.attn1.add_v_proj.weight	BF16	3072,1536	denoiser	weight
transformer-2	transformer_blocks.33.attn1.norm_added_k.weight	BF16	128	identity_bytes	denoiser.transformer_blocks.33.attn1.norm_added_k.weight	BF16	128	denoiser	weight
transformer-2	transformer_blocks.33.attn1.norm_added_q.weight	BF16	128	identity_bytes	denoiser.transformer_blocks.33.attn1.norm_added_q.weight	BF16	128	denoiser	weight
transformer-2	transformer_blocks.33.attn1.norm_k.weight	BF16	128	identity_bytes	denoiser.transformer_blocks.33.attn1.norm_k.weight	BF16	128	denoiser	weight
transformer-2	transformer_blocks.33.attn1.norm_q.weight	BF16	128	identity_bytes	denoiser.transformer_blocks.33.attn1.norm_q.weight	BF16	128	denoiser	weight
transformer-2	transformer_blocks.33.attn1.to_add_out.bias	BF16	1536	identity_bytes	denoiser.transformer_blocks.33.attn1.to_add_out.bias	BF16	1536	denoiser	weight
transformer-2	transformer_blocks.33.attn1.to_add_out.weight	BF16	1536,3072	identity_bytes	denoiser.transformer_blocks.33.attn1.to_add_out.weight	BF16	1536,3072	denoiser	weight
transformer-2	transformer_blocks.33.attn1.to_k.weight	BF16	3072,3072	identity_bytes	denoiser.transformer_blocks.33.attn1.to_k.weight	BF16	3072,3072	denoiser	weight
transformer-2	transformer_blocks.33.attn1.to_out.0.bias	BF16	3072	identity_bytes	denoiser.transformer_blocks.33.attn1.to_out.0.bias	BF16	3072	denoiser	weight
transformer-2	transformer_blocks.33.attn1.to_out.0.weight	BF16	3072,3072	identity_bytes	denoiser.transformer_blocks.33.attn1.to_out.0.weight	BF16	3072,3072	denoiser	weight
transformer-2	transformer_blocks.33.attn1.to_q.weight	BF16	3072,3072	identity_bytes	denoiser.transformer_blocks.33.attn1.to_q.weight	BF16	3072,3072	denoiser	weight
transformer-2	transformer_blocks.33.attn1.to_v.weight	BF16	3072,3072	identity_bytes	denoiser.transformer_blocks.33.attn1.to_v.weight	BF16	3072,3072	denoiser	weight
transformer-2	transformer_blocks.33.ff.net.0.proj.weight	BF16	16384,3072	identity_bytes	denoiser.transformer_blocks.33.ff.net.0.proj.weight	BF16	16384,3072	denoiser	weight
transformer-2	transformer_blocks.33.ff.net.2.weight	BF16	3072,8192	identity_bytes	denoiser.transformer_blocks.33.ff.net.2.weight	BF16	3072,8192	denoiser	weight
transformer-2	transformer_blocks.33.ff_context.net.0.proj.weight	BF16	8192,1536	identity_bytes	denoiser.transformer_blocks.33.ff_context.net.0.proj.weight	BF16	8192,1536	denoiser	weight
transformer-2	transformer_blocks.33.ff_context.net.2.weight	BF16	1536,4096	identity_bytes	denoiser.transformer_blocks.33.ff_context.net.2.weight	BF16	1536,4096	denoiser	weight
transformer-2	transformer_blocks.33.norm1.linear.bias	BF16	12288	identity_bytes	denoiser.transformer_blocks.33.norm1.linear.bias	BF16	12288	denoiser	weight
transformer-2	transformer_blocks.33.norm1.linear.weight	BF16	12288,3072	identity_bytes	denoiser.transformer_blocks.33.norm1.linear.weight	BF16	12288,3072	denoiser	weight
transformer-2	transformer_blocks.33.norm1_context.linear.bias	BF16	6144	identity_bytes	denoiser.transformer_blocks.33.norm1_context.linear.bias	BF16	6144	denoiser	weight
transformer-2	transformer_blocks.33.norm1_context.linear.weight	BF16	6144,3072	identity_bytes	denoiser.transformer_blocks.33.norm1_context.linear.weight	BF16	6144,3072	denoiser	weight
transformer-2	transformer_blocks.34.attn1.add_k_proj.weight	BF16	3072,1536	identity_bytes	denoiser.transformer_blocks.34.attn1.add_k_proj.weight	BF16	3072,1536	denoiser	weight
transformer-2	transformer_blocks.34.attn1.add_q_proj.weight	BF16	3072,1536	identity_bytes	denoiser.transformer_blocks.34.attn1.add_q_proj.weight	BF16	3072,1536	denoiser	weight
transformer-2	transformer_blocks.34.attn1.add_v_proj.weight	BF16	3072,1536	identity_bytes	denoiser.transformer_blocks.34.attn1.add_v_proj.weight	BF16	3072,1536	denoiser	weight
transformer-2	transformer_blocks.34.attn1.norm_added_k.weight	BF16	128	identity_bytes	denoiser.transformer_blocks.34.attn1.norm_added_k.weight	BF16	128	denoiser	weight
transformer-2	transformer_blocks.34.attn1.norm_added_q.weight	BF16	128	identity_bytes	denoiser.transformer_blocks.34.attn1.norm_added_q.weight	BF16	128	denoiser	weight
transformer-2	transformer_blocks.34.attn1.norm_k.weight	BF16	128	identity_bytes	denoiser.transformer_blocks.34.attn1.norm_k.weight	BF16	128	denoiser	weight
transformer-2	transformer_blocks.34.attn1.norm_q.weight	BF16	128	identity_bytes	denoiser.transformer_blocks.34.attn1.norm_q.weight	BF16	128	denoiser	weight
transformer-2	transformer_blocks.34.attn1.to_add_out.bias	BF16	1536	identity_bytes	denoiser.transformer_blocks.34.attn1.to_add_out.bias	BF16	1536	denoiser	weight
transformer-2	transformer_blocks.34.attn1.to_add_out.weight	BF16	1536,3072	identity_bytes	denoiser.transformer_blocks.34.attn1.to_add_out.weight	BF16	1536,3072	denoiser	weight
transformer-2	transformer_blocks.34.attn1.to_k.weight	BF16	3072,3072	identity_bytes	denoiser.transformer_blocks.34.attn1.to_k.weight	BF16	3072,3072	denoiser	weight
transformer-2	transformer_blocks.34.attn1.to_out.0.bias	BF16	3072	identity_bytes	denoiser.transformer_blocks.34.attn1.to_out.0.bias	BF16	3072	denoiser	weight
transformer-2	transformer_blocks.34.attn1.to_out.0.weight	BF16	3072,3072	identity_bytes	denoiser.transformer_blocks.34.attn1.to_out.0.weight	BF16	3072,3072	denoiser	weight
transformer-2	transformer_blocks.34.attn1.to_q.weight	BF16	3072,3072	identity_bytes	denoiser.transformer_blocks.34.attn1.to_q.weight	BF16	3072,3072	denoiser	weight
transformer-2	transformer_blocks.34.attn1.to_v.weight	BF16	3072,3072	identity_bytes	denoiser.transformer_blocks.34.attn1.to_v.weight	BF16	3072,3072	denoiser	weight
transformer-2	transformer_blocks.34.ff.net.0.proj.weight	BF16	16384,3072	identity_bytes	denoiser.transformer_blocks.34.ff.net.0.proj.weight	BF16	16384,3072	denoiser	weight
transformer-2	transformer_blocks.34.ff.net.2.weight	BF16	3072,8192	identity_bytes	denoiser.transformer_blocks.34.ff.net.2.weight	BF16	3072,8192	denoiser	weight
transformer-2	transformer_blocks.34.ff_context.net.0.proj.weight	BF16	8192,1536	identity_bytes	denoiser.transformer_blocks.34.ff_context.net.0.proj.weight	BF16	8192,1536	denoiser	weight
transformer-2	transformer_blocks.34.ff_context.net.2.weight	BF16	1536,4096	identity_bytes	denoiser.transformer_blocks.34.ff_context.net.2.weight	BF16	1536,4096	denoiser	weight
transformer-2	transformer_blocks.34.norm1.linear.bias	BF16	12288	identity_bytes	denoiser.transformer_blocks.34.norm1.linear.bias	BF16	12288	denoiser	weight
transformer-2	transformer_blocks.34.norm1.linear.weight	BF16	12288,3072	identity_bytes	denoiser.transformer_blocks.34.norm1.linear.weight	BF16	12288,3072	denoiser	weight
transformer-2	transformer_blocks.34.norm1_context.linear.bias	BF16	6144	identity_bytes	denoiser.transformer_blocks.34.norm1_context.linear.bias	BF16	6144	denoiser	weight
transformer-2	transformer_blocks.34.norm1_context.linear.weight	BF16	6144,3072	identity_bytes	denoiser.transformer_blocks.34.norm1_context.linear.weight	BF16	6144,3072	denoiser	weight
transformer-2	transformer_blocks.35.attn1.add_k_proj.weight	BF16	3072,1536	identity_bytes	denoiser.transformer_blocks.35.attn1.add_k_proj.weight	BF16	3072,1536	denoiser	weight
transformer-2	transformer_blocks.35.attn1.add_q_proj.weight	BF16	3072,1536	identity_bytes	denoiser.transformer_blocks.35.attn1.add_q_proj.weight	BF16	3072,1536	denoiser	weight
transformer-2	transformer_blocks.35.attn1.add_v_proj.weight	BF16	3072,1536	identity_bytes	denoiser.transformer_blocks.35.attn1.add_v_proj.weight	BF16	3072,1536	denoiser	weight
transformer-2	transformer_blocks.35.attn1.norm_added_k.weight	BF16	128	identity_bytes	denoiser.transformer_blocks.35.attn1.norm_added_k.weight	BF16	128	denoiser	weight
transformer-2	transformer_blocks.35.attn1.norm_added_q.weight	BF16	128	identity_bytes	denoiser.transformer_blocks.35.attn1.norm_added_q.weight	BF16	128	denoiser	weight
transformer-2	transformer_blocks.35.attn1.norm_k.weight	BF16	128	identity_bytes	denoiser.transformer_blocks.35.attn1.norm_k.weight	BF16	128	denoiser	weight
transformer-2	transformer_blocks.35.attn1.norm_q.weight	BF16	128	identity_bytes	denoiser.transformer_blocks.35.attn1.norm_q.weight	BF16	128	denoiser	weight
transformer-2	transformer_blocks.35.attn1.to_add_out.bias	BF16	1536	identity_bytes	denoiser.transformer_blocks.35.attn1.to_add_out.bias	BF16	1536	denoiser	weight
transformer-2	transformer_blocks.35.attn1.to_add_out.weight	BF16	1536,3072	identity_bytes	denoiser.transformer_blocks.35.attn1.to_add_out.weight	BF16	1536,3072	denoiser	weight
transformer-2	transformer_blocks.35.attn1.to_k.weight	BF16	3072,3072	identity_bytes	denoiser.transformer_blocks.35.attn1.to_k.weight	BF16	3072,3072	denoiser	weight
transformer-2	transformer_blocks.35.attn1.to_out.0.bias	BF16	3072	identity_bytes	denoiser.transformer_blocks.35.attn1.to_out.0.bias	BF16	3072	denoiser	weight
transformer-2	transformer_blocks.35.attn1.to_out.0.weight	BF16	3072,3072	identity_bytes	denoiser.transformer_blocks.35.attn1.to_out.0.weight	BF16	3072,3072	denoiser	weight
transformer-2	transformer_blocks.35.attn1.to_q.weight	BF16	3072,3072	identity_bytes	denoiser.transformer_blocks.35.attn1.to_q.weight	BF16	3072,3072	denoiser	weight
transformer-2	transformer_blocks.35.attn1.to_v.weight	BF16	3072,3072	identity_bytes	denoiser.transformer_blocks.35.attn1.to_v.weight	BF16	3072,3072	denoiser	weight
transformer-2	transformer_blocks.35.ff.net.0.proj.weight	BF16	16384,3072	identity_bytes	denoiser.transformer_blocks.35.ff.net.0.proj.weight	BF16	16384,3072	denoiser	weight
transformer-2	transformer_blocks.35.ff.net.2.weight	BF16	3072,8192	identity_bytes	denoiser.transformer_blocks.35.ff.net.2.weight	BF16	3072,8192	denoiser	weight
transformer-2	transformer_blocks.35.ff_context.net.0.proj.weight	BF16	8192,1536	identity_bytes	denoiser.transformer_blocks.35.ff_context.net.0.proj.weight	BF16	8192,1536	denoiser	weight
transformer-2	transformer_blocks.35.ff_context.net.2.weight	BF16	1536,4096	identity_bytes	denoiser.transformer_blocks.35.ff_context.net.2.weight	BF16	1536,4096	denoiser	weight
transformer-2	transformer_blocks.35.norm1.linear.bias	BF16	12288	identity_bytes	denoiser.transformer_blocks.35.norm1.linear.bias	BF16	12288	denoiser	weight
transformer-2	transformer_blocks.35.norm1.linear.weight	BF16	12288,3072	identity_bytes	denoiser.transformer_blocks.35.norm1.linear.weight	BF16	12288,3072	denoiser	weight
transformer-2	transformer_blocks.35.norm1_context.linear.bias	BF16	6144	identity_bytes	denoiser.transformer_blocks.35.norm1_context.linear.bias	BF16	6144	denoiser	weight
transformer-2	transformer_blocks.35.norm1_context.linear.weight	BF16	6144,3072	identity_bytes	denoiser.transformer_blocks.35.norm1_context.linear.weight	BF16	6144,3072	denoiser	weight
transformer-2	transformer_blocks.36.attn1.add_k_proj.weight	BF16	3072,1536	identity_bytes	denoiser.transformer_blocks.36.attn1.add_k_proj.weight	BF16	3072,1536	denoiser	weight
transformer-2	transformer_blocks.36.attn1.add_q_proj.weight	BF16	3072,1536	identity_bytes	denoiser.transformer_blocks.36.attn1.add_q_proj.weight	BF16	3072,1536	denoiser	weight
transformer-2	transformer_blocks.36.attn1.add_v_proj.weight	BF16	3072,1536	identity_bytes	denoiser.transformer_blocks.36.attn1.add_v_proj.weight	BF16	3072,1536	denoiser	weight
transformer-2	transformer_blocks.36.attn1.norm_added_k.weight	BF16	128	identity_bytes	denoiser.transformer_blocks.36.attn1.norm_added_k.weight	BF16	128	denoiser	weight
transformer-2	transformer_blocks.36.attn1.norm_added_q.weight	BF16	128	identity_bytes	denoiser.transformer_blocks.36.attn1.norm_added_q.weight	BF16	128	denoiser	weight
transformer-2	transformer_blocks.36.attn1.norm_k.weight	BF16	128	identity_bytes	denoiser.transformer_blocks.36.attn1.norm_k.weight	BF16	128	denoiser	weight
transformer-2	transformer_blocks.36.attn1.norm_q.weight	BF16	128	identity_bytes	denoiser.transformer_blocks.36.attn1.norm_q.weight	BF16	128	denoiser	weight
transformer-2	transformer_blocks.36.attn1.to_add_out.bias	BF16	1536	identity_bytes	denoiser.transformer_blocks.36.attn1.to_add_out.bias	BF16	1536	denoiser	weight
transformer-2	transformer_blocks.36.attn1.to_add_out.weight	BF16	1536,3072	identity_bytes	denoiser.transformer_blocks.36.attn1.to_add_out.weight	BF16	1536,3072	denoiser	weight
transformer-2	transformer_blocks.36.attn1.to_k.weight	BF16	3072,3072	identity_bytes	denoiser.transformer_blocks.36.attn1.to_k.weight	BF16	3072,3072	denoiser	weight
transformer-2	transformer_blocks.36.attn1.to_out.0.bias	BF16	3072	identity_bytes	denoiser.transformer_blocks.36.attn1.to_out.0.bias	BF16	3072	denoiser	weight
transformer-2	transformer_blocks.36.attn1.to_out.0.weight	BF16	3072,3072	identity_bytes	denoiser.transformer_blocks.36.attn1.to_out.0.weight	BF16	3072,3072	denoiser	weight
transformer-2	transformer_blocks.36.attn1.to_q.weight	BF16	3072,3072	identity_bytes	denoiser.transformer_blocks.36.attn1.to_q.weight	BF16	3072,3072	denoiser	weight
transformer-2	transformer_blocks.36.attn1.to_v.weight	BF16	3072,3072	identity_bytes	denoiser.transformer_blocks.36.attn1.to_v.weight	BF16	3072,3072	denoiser	weight
transformer-2	transformer_blocks.36.ff.net.0.proj.weight	BF16	16384,3072	identity_bytes	denoiser.transformer_blocks.36.ff.net.0.proj.weight	BF16	16384,3072	denoiser	weight
transformer-2	transformer_blocks.36.ff.net.2.weight	BF16	3072,8192	identity_bytes	denoiser.transformer_blocks.36.ff.net.2.weight	BF16	3072,8192	denoiser	weight
transformer-2	transformer_blocks.36.ff_context.net.0.proj.weight	BF16	8192,1536	identity_bytes	denoiser.transformer_blocks.36.ff_context.net.0.proj.weight	BF16	8192,1536	denoiser	weight
transformer-2	transformer_blocks.36.ff_context.net.2.weight	BF16	1536,4096	identity_bytes	denoiser.transformer_blocks.36.ff_context.net.2.weight	BF16	1536,4096	denoiser	weight
transformer-2	transformer_blocks.36.norm1.linear.bias	BF16	12288	identity_bytes	denoiser.transformer_blocks.36.norm1.linear.bias	BF16	12288	denoiser	weight
transformer-2	transformer_blocks.36.norm1.linear.weight	BF16	12288,3072	identity_bytes	denoiser.transformer_blocks.36.norm1.linear.weight	BF16	12288,3072	denoiser	weight
transformer-2	transformer_blocks.36.norm1_context.linear.bias	BF16	6144	identity_bytes	denoiser.transformer_blocks.36.norm1_context.linear.bias	BF16	6144	denoiser	weight
transformer-2	transformer_blocks.36.norm1_context.linear.weight	BF16	6144,3072	identity_bytes	denoiser.transformer_blocks.36.norm1_context.linear.weight	BF16	6144,3072	denoiser	weight
transformer-2	transformer_blocks.37.attn1.add_k_proj.weight	BF16	3072,1536	identity_bytes	denoiser.transformer_blocks.37.attn1.add_k_proj.weight	BF16	3072,1536	denoiser	weight
transformer-2	transformer_blocks.37.attn1.add_q_proj.weight	BF16	3072,1536	identity_bytes	denoiser.transformer_blocks.37.attn1.add_q_proj.weight	BF16	3072,1536	denoiser	weight
transformer-2	transformer_blocks.37.attn1.add_v_proj.weight	BF16	3072,1536	identity_bytes	denoiser.transformer_blocks.37.attn1.add_v_proj.weight	BF16	3072,1536	denoiser	weight
transformer-2	transformer_blocks.37.attn1.norm_added_k.weight	BF16	128	identity_bytes	denoiser.transformer_blocks.37.attn1.norm_added_k.weight	BF16	128	denoiser	weight
transformer-2	transformer_blocks.37.attn1.norm_added_q.weight	BF16	128	identity_bytes	denoiser.transformer_blocks.37.attn1.norm_added_q.weight	BF16	128	denoiser	weight
transformer-2	transformer_blocks.37.attn1.norm_k.weight	BF16	128	identity_bytes	denoiser.transformer_blocks.37.attn1.norm_k.weight	BF16	128	denoiser	weight
transformer-2	transformer_blocks.37.attn1.norm_q.weight	BF16	128	identity_bytes	denoiser.transformer_blocks.37.attn1.norm_q.weight	BF16	128	denoiser	weight
transformer-2	transformer_blocks.37.attn1.to_add_out.bias	BF16	1536	identity_bytes	denoiser.transformer_blocks.37.attn1.to_add_out.bias	BF16	1536	denoiser	weight
transformer-2	transformer_blocks.37.attn1.to_add_out.weight	BF16	1536,3072	identity_bytes	denoiser.transformer_blocks.37.attn1.to_add_out.weight	BF16	1536,3072	denoiser	weight
transformer-2	transformer_blocks.37.attn1.to_k.weight	BF16	3072,3072	identity_bytes	denoiser.transformer_blocks.37.attn1.to_k.weight	BF16	3072,3072	denoiser	weight
transformer-2	transformer_blocks.37.attn1.to_out.0.bias	BF16	3072	identity_bytes	denoiser.transformer_blocks.37.attn1.to_out.0.bias	BF16	3072	denoiser	weight
transformer-2	transformer_blocks.37.attn1.to_out.0.weight	BF16	3072,3072	identity_bytes	denoiser.transformer_blocks.37.attn1.to_out.0.weight	BF16	3072,3072	denoiser	weight
transformer-2	transformer_blocks.37.attn1.to_q.weight	BF16	3072,3072	identity_bytes	denoiser.transformer_blocks.37.attn1.to_q.weight	BF16	3072,3072	denoiser	weight
transformer-2	transformer_blocks.37.attn1.to_v.weight	BF16	3072,3072	identity_bytes	denoiser.transformer_blocks.37.attn1.to_v.weight	BF16	3072,3072	denoiser	weight
transformer-2	transformer_blocks.37.ff.net.0.proj.weight	BF16	16384,3072	identity_bytes	denoiser.transformer_blocks.37.ff.net.0.proj.weight	BF16	16384,3072	denoiser	weight
transformer-2	transformer_blocks.37.ff.net.2.weight	BF16	3072,8192	identity_bytes	denoiser.transformer_blocks.37.ff.net.2.weight	BF16	3072,8192	denoiser	weight
transformer-2	transformer_blocks.37.ff_context.net.0.proj.weight	BF16	8192,1536	identity_bytes	denoiser.transformer_blocks.37.ff_context.net.0.proj.weight	BF16	8192,1536	denoiser	weight
transformer-2	transformer_blocks.37.ff_context.net.2.weight	BF16	1536,4096	identity_bytes	denoiser.transformer_blocks.37.ff_context.net.2.weight	BF16	1536,4096	denoiser	weight
transformer-2	transformer_blocks.37.norm1.linear.bias	BF16	12288	identity_bytes	denoiser.transformer_blocks.37.norm1.linear.bias	BF16	12288	denoiser	weight
transformer-2	transformer_blocks.37.norm1.linear.weight	BF16	12288,3072	identity_bytes	denoiser.transformer_blocks.37.norm1.linear.weight	BF16	12288,3072	denoiser	weight
transformer-2	transformer_blocks.37.norm1_context.linear.bias	BF16	6144	identity_bytes	denoiser.transformer_blocks.37.norm1_context.linear.bias	BF16	6144	denoiser	weight
transformer-2	transformer_blocks.37.norm1_context.linear.weight	BF16	6144,3072	identity_bytes	denoiser.transformer_blocks.37.norm1_context.linear.weight	BF16	6144,3072	denoiser	weight
transformer-2	transformer_blocks.38.attn1.add_k_proj.weight	BF16	3072,1536	identity_bytes	denoiser.transformer_blocks.38.attn1.add_k_proj.weight	BF16	3072,1536	denoiser	weight
transformer-2	transformer_blocks.38.attn1.add_q_proj.weight	BF16	3072,1536	identity_bytes	denoiser.transformer_blocks.38.attn1.add_q_proj.weight	BF16	3072,1536	denoiser	weight
transformer-2	transformer_blocks.38.attn1.add_v_proj.weight	BF16	3072,1536	identity_bytes	denoiser.transformer_blocks.38.attn1.add_v_proj.weight	BF16	3072,1536	denoiser	weight
transformer-2	transformer_blocks.38.attn1.norm_added_k.weight	BF16	128	identity_bytes	denoiser.transformer_blocks.38.attn1.norm_added_k.weight	BF16	128	denoiser	weight
transformer-2	transformer_blocks.38.attn1.norm_added_q.weight	BF16	128	identity_bytes	denoiser.transformer_blocks.38.attn1.norm_added_q.weight	BF16	128	denoiser	weight
transformer-2	transformer_blocks.38.attn1.norm_k.weight	BF16	128	identity_bytes	denoiser.transformer_blocks.38.attn1.norm_k.weight	BF16	128	denoiser	weight
transformer-2	transformer_blocks.38.attn1.norm_q.weight	BF16	128	identity_bytes	denoiser.transformer_blocks.38.attn1.norm_q.weight	BF16	128	denoiser	weight
transformer-2	transformer_blocks.38.attn1.to_add_out.bias	BF16	1536	identity_bytes	denoiser.transformer_blocks.38.attn1.to_add_out.bias	BF16	1536	denoiser	weight
transformer-2	transformer_blocks.38.attn1.to_add_out.weight	BF16	1536,3072	identity_bytes	denoiser.transformer_blocks.38.attn1.to_add_out.weight	BF16	1536,3072	denoiser	weight
transformer-2	transformer_blocks.38.attn1.to_k.weight	BF16	3072,3072	identity_bytes	denoiser.transformer_blocks.38.attn1.to_k.weight	BF16	3072,3072	denoiser	weight
transformer-2	transformer_blocks.38.attn1.to_out.0.bias	BF16	3072	identity_bytes	denoiser.transformer_blocks.38.attn1.to_out.0.bias	BF16	3072	denoiser	weight
transformer-2	transformer_blocks.38.attn1.to_out.0.weight	BF16	3072,3072	identity_bytes	denoiser.transformer_blocks.38.attn1.to_out.0.weight	BF16	3072,3072	denoiser	weight
transformer-2	transformer_blocks.38.attn1.to_q.weight	BF16	3072,3072	identity_bytes	denoiser.transformer_blocks.38.attn1.to_q.weight	BF16	3072,3072	denoiser	weight
transformer-2	transformer_blocks.38.attn1.to_v.weight	BF16	3072,3072	identity_bytes	denoiser.transformer_blocks.38.attn1.to_v.weight	BF16	3072,3072	denoiser	weight
transformer-2	transformer_blocks.38.ff.net.0.proj.weight	BF16	16384,3072	identity_bytes	denoiser.transformer_blocks.38.ff.net.0.proj.weight	BF16	16384,3072	denoiser	weight
transformer-2	transformer_blocks.38.ff.net.2.weight	BF16	3072,8192	identity_bytes	denoiser.transformer_blocks.38.ff.net.2.weight	BF16	3072,8192	denoiser	weight
transformer-2	transformer_blocks.38.ff_context.net.0.proj.weight	BF16	8192,1536	identity_bytes	denoiser.transformer_blocks.38.ff_context.net.0.proj.weight	BF16	8192,1536	denoiser	weight
transformer-2	transformer_blocks.38.ff_context.net.2.weight	BF16	1536,4096	identity_bytes	denoiser.transformer_blocks.38.ff_context.net.2.weight	BF16	1536,4096	denoiser	weight
transformer-2	transformer_blocks.38.norm1.linear.bias	BF16	12288	identity_bytes	denoiser.transformer_blocks.38.norm1.linear.bias	BF16	12288	denoiser	weight
transformer-2	transformer_blocks.38.norm1.linear.weight	BF16	12288,3072	identity_bytes	denoiser.transformer_blocks.38.norm1.linear.weight	BF16	12288,3072	denoiser	weight
transformer-2	transformer_blocks.38.norm1_context.linear.bias	BF16	6144	identity_bytes	denoiser.transformer_blocks.38.norm1_context.linear.bias	BF16	6144	denoiser	weight
transformer-2	transformer_blocks.38.norm1_context.linear.weight	BF16	6144,3072	identity_bytes	denoiser.transformer_blocks.38.norm1_context.linear.weight	BF16	6144,3072	denoiser	weight
transformer-2	transformer_blocks.39.attn1.add_k_proj.weight	BF16	3072,1536	identity_bytes	denoiser.transformer_blocks.39.attn1.add_k_proj.weight	BF16	3072,1536	denoiser	weight
transformer-2	transformer_blocks.39.attn1.add_q_proj.weight	BF16	3072,1536	identity_bytes	denoiser.transformer_blocks.39.attn1.add_q_proj.weight	BF16	3072,1536	denoiser	weight
transformer-2	transformer_blocks.39.attn1.add_v_proj.weight	BF16	3072,1536	identity_bytes	denoiser.transformer_blocks.39.attn1.add_v_proj.weight	BF16	3072,1536	denoiser	weight
transformer-2	transformer_blocks.39.attn1.norm_added_k.weight	BF16	128	identity_bytes	denoiser.transformer_blocks.39.attn1.norm_added_k.weight	BF16	128	denoiser	weight
transformer-2	transformer_blocks.39.attn1.norm_added_q.weight	BF16	128	identity_bytes	denoiser.transformer_blocks.39.attn1.norm_added_q.weight	BF16	128	denoiser	weight
transformer-2	transformer_blocks.39.attn1.norm_k.weight	BF16	128	identity_bytes	denoiser.transformer_blocks.39.attn1.norm_k.weight	BF16	128	denoiser	weight
transformer-2	transformer_blocks.39.attn1.norm_q.weight	BF16	128	identity_bytes	denoiser.transformer_blocks.39.attn1.norm_q.weight	BF16	128	denoiser	weight
transformer-2	transformer_blocks.39.attn1.to_add_out.bias	BF16	1536	identity_bytes	denoiser.transformer_blocks.39.attn1.to_add_out.bias	BF16	1536	denoiser	weight
transformer-2	transformer_blocks.39.attn1.to_add_out.weight	BF16	1536,3072	identity_bytes	denoiser.transformer_blocks.39.attn1.to_add_out.weight	BF16	1536,3072	denoiser	weight
transformer-2	transformer_blocks.39.attn1.to_k.weight	BF16	3072,3072	identity_bytes	denoiser.transformer_blocks.39.attn1.to_k.weight	BF16	3072,3072	denoiser	weight
transformer-2	transformer_blocks.39.attn1.to_out.0.bias	BF16	3072	identity_bytes	denoiser.transformer_blocks.39.attn1.to_out.0.bias	BF16	3072	denoiser	weight
transformer-2	transformer_blocks.39.attn1.to_out.0.weight	BF16	3072,3072	identity_bytes	denoiser.transformer_blocks.39.attn1.to_out.0.weight	BF16	3072,3072	denoiser	weight
transformer-2	transformer_blocks.39.attn1.to_q.weight	BF16	3072,3072	identity_bytes	denoiser.transformer_blocks.39.attn1.to_q.weight	BF16	3072,3072	denoiser	weight
transformer-2	transformer_blocks.39.attn1.to_v.weight	BF16	3072,3072	identity_bytes	denoiser.transformer_blocks.39.attn1.to_v.weight	BF16	3072,3072	denoiser	weight
transformer-2	transformer_blocks.39.ff.net.0.proj.weight	BF16	16384,3072	identity_bytes	denoiser.transformer_blocks.39.ff.net.0.proj.weight	BF16	16384,3072	denoiser	weight
transformer-2	transformer_blocks.39.ff.net.2.weight	BF16	3072,8192	identity_bytes	denoiser.transformer_blocks.39.ff.net.2.weight	BF16	3072,8192	denoiser	weight
transformer-2	transformer_blocks.39.ff_context.net.0.proj.weight	BF16	8192,1536	identity_bytes	denoiser.transformer_blocks.39.ff_context.net.0.proj.weight	BF16	8192,1536	denoiser	weight
transformer-2	transformer_blocks.39.ff_context.net.2.weight	BF16	1536,4096	identity_bytes	denoiser.transformer_blocks.39.ff_context.net.2.weight	BF16	1536,4096	denoiser	weight
transformer-2	transformer_blocks.39.norm1.linear.bias	BF16	12288	identity_bytes	denoiser.transformer_blocks.39.norm1.linear.bias	BF16	12288	denoiser	weight
transformer-2	transformer_blocks.39.norm1.linear.weight	BF16	12288,3072	identity_bytes	denoiser.transformer_blocks.39.norm1.linear.weight	BF16	12288,3072	denoiser	weight
transformer-2	transformer_blocks.39.norm1_context.linear.bias	BF16	6144	identity_bytes	denoiser.transformer_blocks.39.norm1_context.linear.bias	BF16	6144	denoiser	weight
transformer-2	transformer_blocks.39.norm1_context.linear.weight	BF16	6144,3072	identity_bytes	denoiser.transformer_blocks.39.norm1_context.linear.weight	BF16	6144,3072	denoiser	weight
transformer-1	transformer_blocks.4.attn1.add_k_proj.weight	BF16	3072,1536	identity_bytes	denoiser.transformer_blocks.4.attn1.add_k_proj.weight	BF16	3072,1536	denoiser	weight
transformer-1	transformer_blocks.4.attn1.add_q_proj.weight	BF16	3072,1536	identity_bytes	denoiser.transformer_blocks.4.attn1.add_q_proj.weight	BF16	3072,1536	denoiser	weight
transformer-1	transformer_blocks.4.attn1.add_v_proj.weight	BF16	3072,1536	identity_bytes	denoiser.transformer_blocks.4.attn1.add_v_proj.weight	BF16	3072,1536	denoiser	weight
transformer-1	transformer_blocks.4.attn1.norm_added_k.weight	BF16	128	identity_bytes	denoiser.transformer_blocks.4.attn1.norm_added_k.weight	BF16	128	denoiser	weight
transformer-1	transformer_blocks.4.attn1.norm_added_q.weight	BF16	128	identity_bytes	denoiser.transformer_blocks.4.attn1.norm_added_q.weight	BF16	128	denoiser	weight
transformer-1	transformer_blocks.4.attn1.norm_k.weight	BF16	128	identity_bytes	denoiser.transformer_blocks.4.attn1.norm_k.weight	BF16	128	denoiser	weight
transformer-1	transformer_blocks.4.attn1.norm_q.weight	BF16	128	identity_bytes	denoiser.transformer_blocks.4.attn1.norm_q.weight	BF16	128	denoiser	weight
transformer-1	transformer_blocks.4.attn1.to_add_out.bias	BF16	1536	identity_bytes	denoiser.transformer_blocks.4.attn1.to_add_out.bias	BF16	1536	denoiser	weight
transformer-1	transformer_blocks.4.attn1.to_add_out.weight	BF16	1536,3072	identity_bytes	denoiser.transformer_blocks.4.attn1.to_add_out.weight	BF16	1536,3072	denoiser	weight
transformer-1	transformer_blocks.4.attn1.to_k.weight	BF16	3072,3072	identity_bytes	denoiser.transformer_blocks.4.attn1.to_k.weight	BF16	3072,3072	denoiser	weight
transformer-1	transformer_blocks.4.attn1.to_out.0.bias	BF16	3072	identity_bytes	denoiser.transformer_blocks.4.attn1.to_out.0.bias	BF16	3072	denoiser	weight
transformer-1	transformer_blocks.4.attn1.to_out.0.weight	BF16	3072,3072	identity_bytes	denoiser.transformer_blocks.4.attn1.to_out.0.weight	BF16	3072,3072	denoiser	weight
transformer-1	transformer_blocks.4.attn1.to_q.weight	BF16	3072,3072	identity_bytes	denoiser.transformer_blocks.4.attn1.to_q.weight	BF16	3072,3072	denoiser	weight
transformer-1	transformer_blocks.4.attn1.to_v.weight	BF16	3072,3072	identity_bytes	denoiser.transformer_blocks.4.attn1.to_v.weight	BF16	3072,3072	denoiser	weight
transformer-1	transformer_blocks.4.ff.net.0.proj.weight	BF16	16384,3072	identity_bytes	denoiser.transformer_blocks.4.ff.net.0.proj.weight	BF16	16384,3072	denoiser	weight
transformer-1	transformer_blocks.4.ff.net.2.weight	BF16	3072,8192	identity_bytes	denoiser.transformer_blocks.4.ff.net.2.weight	BF16	3072,8192	denoiser	weight
transformer-1	transformer_blocks.4.ff_context.net.0.proj.weight	BF16	8192,1536	identity_bytes	denoiser.transformer_blocks.4.ff_context.net.0.proj.weight	BF16	8192,1536	denoiser	weight
transformer-1	transformer_blocks.4.ff_context.net.2.weight	BF16	1536,4096	identity_bytes	denoiser.transformer_blocks.4.ff_context.net.2.weight	BF16	1536,4096	denoiser	weight
transformer-1	transformer_blocks.4.norm1.linear.bias	BF16	12288	identity_bytes	denoiser.transformer_blocks.4.norm1.linear.bias	BF16	12288	denoiser	weight
transformer-1	transformer_blocks.4.norm1.linear.weight	BF16	12288,3072	identity_bytes	denoiser.transformer_blocks.4.norm1.linear.weight	BF16	12288,3072	denoiser	weight
transformer-1	transformer_blocks.4.norm1_context.linear.bias	BF16	6144	identity_bytes	denoiser.transformer_blocks.4.norm1_context.linear.bias	BF16	6144	denoiser	weight
transformer-1	transformer_blocks.4.norm1_context.linear.weight	BF16	6144,3072	identity_bytes	denoiser.transformer_blocks.4.norm1_context.linear.weight	BF16	6144,3072	denoiser	weight
transformer-2	transformer_blocks.40.attn1.add_k_proj.weight	BF16	3072,1536	identity_bytes	denoiser.transformer_blocks.40.attn1.add_k_proj.weight	BF16	3072,1536	denoiser	weight
transformer-2	transformer_blocks.40.attn1.add_q_proj.weight	BF16	3072,1536	identity_bytes	denoiser.transformer_blocks.40.attn1.add_q_proj.weight	BF16	3072,1536	denoiser	weight
transformer-2	transformer_blocks.40.attn1.add_v_proj.weight	BF16	3072,1536	identity_bytes	denoiser.transformer_blocks.40.attn1.add_v_proj.weight	BF16	3072,1536	denoiser	weight
transformer-2	transformer_blocks.40.attn1.norm_added_k.weight	BF16	128	identity_bytes	denoiser.transformer_blocks.40.attn1.norm_added_k.weight	BF16	128	denoiser	weight
transformer-2	transformer_blocks.40.attn1.norm_added_q.weight	BF16	128	identity_bytes	denoiser.transformer_blocks.40.attn1.norm_added_q.weight	BF16	128	denoiser	weight
transformer-2	transformer_blocks.40.attn1.norm_k.weight	BF16	128	identity_bytes	denoiser.transformer_blocks.40.attn1.norm_k.weight	BF16	128	denoiser	weight
transformer-2	transformer_blocks.40.attn1.norm_q.weight	BF16	128	identity_bytes	denoiser.transformer_blocks.40.attn1.norm_q.weight	BF16	128	denoiser	weight
transformer-2	transformer_blocks.40.attn1.to_add_out.bias	BF16	1536	identity_bytes	denoiser.transformer_blocks.40.attn1.to_add_out.bias	BF16	1536	denoiser	weight
transformer-2	transformer_blocks.40.attn1.to_add_out.weight	BF16	1536,3072	identity_bytes	denoiser.transformer_blocks.40.attn1.to_add_out.weight	BF16	1536,3072	denoiser	weight
transformer-2	transformer_blocks.40.attn1.to_k.weight	BF16	3072,3072	identity_bytes	denoiser.transformer_blocks.40.attn1.to_k.weight	BF16	3072,3072	denoiser	weight
transformer-2	transformer_blocks.40.attn1.to_out.0.bias	BF16	3072	identity_bytes	denoiser.transformer_blocks.40.attn1.to_out.0.bias	BF16	3072	denoiser	weight
transformer-2	transformer_blocks.40.attn1.to_out.0.weight	BF16	3072,3072	identity_bytes	denoiser.transformer_blocks.40.attn1.to_out.0.weight	BF16	3072,3072	denoiser	weight
transformer-2	transformer_blocks.40.attn1.to_q.weight	BF16	3072,3072	identity_bytes	denoiser.transformer_blocks.40.attn1.to_q.weight	BF16	3072,3072	denoiser	weight
transformer-2	transformer_blocks.40.attn1.to_v.weight	BF16	3072,3072	identity_bytes	denoiser.transformer_blocks.40.attn1.to_v.weight	BF16	3072,3072	denoiser	weight
transformer-2	transformer_blocks.40.ff.net.0.proj.weight	BF16	16384,3072	identity_bytes	denoiser.transformer_blocks.40.ff.net.0.proj.weight	BF16	16384,3072	denoiser	weight
transformer-2	transformer_blocks.40.ff.net.2.weight	BF16	3072,8192	identity_bytes	denoiser.transformer_blocks.40.ff.net.2.weight	BF16	3072,8192	denoiser	weight
transformer-2	transformer_blocks.40.ff_context.net.0.proj.weight	BF16	8192,1536	identity_bytes	denoiser.transformer_blocks.40.ff_context.net.0.proj.weight	BF16	8192,1536	denoiser	weight
transformer-2	transformer_blocks.40.ff_context.net.2.weight	BF16	1536,4096	identity_bytes	denoiser.transformer_blocks.40.ff_context.net.2.weight	BF16	1536,4096	denoiser	weight
transformer-2	transformer_blocks.40.norm1.linear.bias	BF16	12288	identity_bytes	denoiser.transformer_blocks.40.norm1.linear.bias	BF16	12288	denoiser	weight
transformer-2	transformer_blocks.40.norm1.linear.weight	BF16	12288,3072	identity_bytes	denoiser.transformer_blocks.40.norm1.linear.weight	BF16	12288,3072	denoiser	weight
transformer-2	transformer_blocks.40.norm1_context.linear.bias	BF16	6144	identity_bytes	denoiser.transformer_blocks.40.norm1_context.linear.bias	BF16	6144	denoiser	weight
transformer-2	transformer_blocks.40.norm1_context.linear.weight	BF16	6144,3072	identity_bytes	denoiser.transformer_blocks.40.norm1_context.linear.weight	BF16	6144,3072	denoiser	weight
transformer-2	transformer_blocks.41.attn1.add_k_proj.weight	BF16	3072,1536	identity_bytes	denoiser.transformer_blocks.41.attn1.add_k_proj.weight	BF16	3072,1536	denoiser	weight
transformer-2	transformer_blocks.41.attn1.add_q_proj.weight	BF16	3072,1536	identity_bytes	denoiser.transformer_blocks.41.attn1.add_q_proj.weight	BF16	3072,1536	denoiser	weight
transformer-2	transformer_blocks.41.attn1.add_v_proj.weight	BF16	3072,1536	identity_bytes	denoiser.transformer_blocks.41.attn1.add_v_proj.weight	BF16	3072,1536	denoiser	weight
transformer-2	transformer_blocks.41.attn1.norm_added_k.weight	BF16	128	identity_bytes	denoiser.transformer_blocks.41.attn1.norm_added_k.weight	BF16	128	denoiser	weight
transformer-2	transformer_blocks.41.attn1.norm_added_q.weight	BF16	128	identity_bytes	denoiser.transformer_blocks.41.attn1.norm_added_q.weight	BF16	128	denoiser	weight
transformer-2	transformer_blocks.41.attn1.norm_k.weight	BF16	128	identity_bytes	denoiser.transformer_blocks.41.attn1.norm_k.weight	BF16	128	denoiser	weight
transformer-2	transformer_blocks.41.attn1.norm_q.weight	BF16	128	identity_bytes	denoiser.transformer_blocks.41.attn1.norm_q.weight	BF16	128	denoiser	weight
transformer-2	transformer_blocks.41.attn1.to_add_out.bias	BF16	1536	identity_bytes	denoiser.transformer_blocks.41.attn1.to_add_out.bias	BF16	1536	denoiser	weight
transformer-2	transformer_blocks.41.attn1.to_add_out.weight	BF16	1536,3072	identity_bytes	denoiser.transformer_blocks.41.attn1.to_add_out.weight	BF16	1536,3072	denoiser	weight
transformer-2	transformer_blocks.41.attn1.to_k.weight	BF16	3072,3072	identity_bytes	denoiser.transformer_blocks.41.attn1.to_k.weight	BF16	3072,3072	denoiser	weight
transformer-2	transformer_blocks.41.attn1.to_out.0.bias	BF16	3072	identity_bytes	denoiser.transformer_blocks.41.attn1.to_out.0.bias	BF16	3072	denoiser	weight
transformer-2	transformer_blocks.41.attn1.to_out.0.weight	BF16	3072,3072	identity_bytes	denoiser.transformer_blocks.41.attn1.to_out.0.weight	BF16	3072,3072	denoiser	weight
transformer-2	transformer_blocks.41.attn1.to_q.weight	BF16	3072,3072	identity_bytes	denoiser.transformer_blocks.41.attn1.to_q.weight	BF16	3072,3072	denoiser	weight
transformer-2	transformer_blocks.41.attn1.to_v.weight	BF16	3072,3072	identity_bytes	denoiser.transformer_blocks.41.attn1.to_v.weight	BF16	3072,3072	denoiser	weight
transformer-2	transformer_blocks.41.ff.net.0.proj.weight	BF16	16384,3072	identity_bytes	denoiser.transformer_blocks.41.ff.net.0.proj.weight	BF16	16384,3072	denoiser	weight
transformer-2	transformer_blocks.41.ff.net.2.weight	BF16	3072,8192	identity_bytes	denoiser.transformer_blocks.41.ff.net.2.weight	BF16	3072,8192	denoiser	weight
transformer-2	transformer_blocks.41.ff_context.net.0.proj.weight	BF16	8192,1536	identity_bytes	denoiser.transformer_blocks.41.ff_context.net.0.proj.weight	BF16	8192,1536	denoiser	weight
transformer-2	transformer_blocks.41.ff_context.net.2.weight	BF16	1536,4096	identity_bytes	denoiser.transformer_blocks.41.ff_context.net.2.weight	BF16	1536,4096	denoiser	weight
transformer-2	transformer_blocks.41.norm1.linear.bias	BF16	12288	identity_bytes	denoiser.transformer_blocks.41.norm1.linear.bias	BF16	12288	denoiser	weight
transformer-2	transformer_blocks.41.norm1.linear.weight	BF16	12288,3072	identity_bytes	denoiser.transformer_blocks.41.norm1.linear.weight	BF16	12288,3072	denoiser	weight
transformer-2	transformer_blocks.41.norm1_context.linear.bias	BF16	6144	identity_bytes	denoiser.transformer_blocks.41.norm1_context.linear.bias	BF16	6144	denoiser	weight
transformer-2	transformer_blocks.41.norm1_context.linear.weight	BF16	6144,3072	identity_bytes	denoiser.transformer_blocks.41.norm1_context.linear.weight	BF16	6144,3072	denoiser	weight
transformer-2	transformer_blocks.42.attn1.add_k_proj.weight	BF16	3072,1536	identity_bytes	denoiser.transformer_blocks.42.attn1.add_k_proj.weight	BF16	3072,1536	denoiser	weight
transformer-2	transformer_blocks.42.attn1.add_q_proj.weight	BF16	3072,1536	identity_bytes	denoiser.transformer_blocks.42.attn1.add_q_proj.weight	BF16	3072,1536	denoiser	weight
transformer-2	transformer_blocks.42.attn1.add_v_proj.weight	BF16	3072,1536	identity_bytes	denoiser.transformer_blocks.42.attn1.add_v_proj.weight	BF16	3072,1536	denoiser	weight
transformer-2	transformer_blocks.42.attn1.norm_added_k.weight	BF16	128	identity_bytes	denoiser.transformer_blocks.42.attn1.norm_added_k.weight	BF16	128	denoiser	weight
transformer-2	transformer_blocks.42.attn1.norm_added_q.weight	BF16	128	identity_bytes	denoiser.transformer_blocks.42.attn1.norm_added_q.weight	BF16	128	denoiser	weight
transformer-2	transformer_blocks.42.attn1.norm_k.weight	BF16	128	identity_bytes	denoiser.transformer_blocks.42.attn1.norm_k.weight	BF16	128	denoiser	weight
transformer-2	transformer_blocks.42.attn1.norm_q.weight	BF16	128	identity_bytes	denoiser.transformer_blocks.42.attn1.norm_q.weight	BF16	128	denoiser	weight
transformer-2	transformer_blocks.42.attn1.to_add_out.bias	BF16	1536	identity_bytes	denoiser.transformer_blocks.42.attn1.to_add_out.bias	BF16	1536	denoiser	weight
transformer-2	transformer_blocks.42.attn1.to_add_out.weight	BF16	1536,3072	identity_bytes	denoiser.transformer_blocks.42.attn1.to_add_out.weight	BF16	1536,3072	denoiser	weight
transformer-2	transformer_blocks.42.attn1.to_k.weight	BF16	3072,3072	identity_bytes	denoiser.transformer_blocks.42.attn1.to_k.weight	BF16	3072,3072	denoiser	weight
transformer-2	transformer_blocks.42.attn1.to_out.0.bias	BF16	3072	identity_bytes	denoiser.transformer_blocks.42.attn1.to_out.0.bias	BF16	3072	denoiser	weight
transformer-2	transformer_blocks.42.attn1.to_out.0.weight	BF16	3072,3072	identity_bytes	denoiser.transformer_blocks.42.attn1.to_out.0.weight	BF16	3072,3072	denoiser	weight
transformer-2	transformer_blocks.42.attn1.to_q.weight	BF16	3072,3072	identity_bytes	denoiser.transformer_blocks.42.attn1.to_q.weight	BF16	3072,3072	denoiser	weight
transformer-2	transformer_blocks.42.attn1.to_v.weight	BF16	3072,3072	identity_bytes	denoiser.transformer_blocks.42.attn1.to_v.weight	BF16	3072,3072	denoiser	weight
transformer-2	transformer_blocks.42.ff.net.0.proj.weight	BF16	16384,3072	identity_bytes	denoiser.transformer_blocks.42.ff.net.0.proj.weight	BF16	16384,3072	denoiser	weight
transformer-2	transformer_blocks.42.ff.net.2.weight	BF16	3072,8192	identity_bytes	denoiser.transformer_blocks.42.ff.net.2.weight	BF16	3072,8192	denoiser	weight
transformer-2	transformer_blocks.42.ff_context.net.0.proj.weight	BF16	8192,1536	identity_bytes	denoiser.transformer_blocks.42.ff_context.net.0.proj.weight	BF16	8192,1536	denoiser	weight
transformer-2	transformer_blocks.42.ff_context.net.2.weight	BF16	1536,4096	identity_bytes	denoiser.transformer_blocks.42.ff_context.net.2.weight	BF16	1536,4096	denoiser	weight
transformer-2	transformer_blocks.42.norm1.linear.bias	BF16	12288	identity_bytes	denoiser.transformer_blocks.42.norm1.linear.bias	BF16	12288	denoiser	weight
transformer-2	transformer_blocks.42.norm1.linear.weight	BF16	12288,3072	identity_bytes	denoiser.transformer_blocks.42.norm1.linear.weight	BF16	12288,3072	denoiser	weight
transformer-2	transformer_blocks.42.norm1_context.linear.bias	BF16	6144	identity_bytes	denoiser.transformer_blocks.42.norm1_context.linear.bias	BF16	6144	denoiser	weight
transformer-2	transformer_blocks.42.norm1_context.linear.weight	BF16	6144,3072	identity_bytes	denoiser.transformer_blocks.42.norm1_context.linear.weight	BF16	6144,3072	denoiser	weight
transformer-2	transformer_blocks.43.attn1.add_k_proj.weight	BF16	3072,1536	identity_bytes	denoiser.transformer_blocks.43.attn1.add_k_proj.weight	BF16	3072,1536	denoiser	weight
transformer-2	transformer_blocks.43.attn1.add_q_proj.weight	BF16	3072,1536	identity_bytes	denoiser.transformer_blocks.43.attn1.add_q_proj.weight	BF16	3072,1536	denoiser	weight
transformer-2	transformer_blocks.43.attn1.add_v_proj.weight	BF16	3072,1536	identity_bytes	denoiser.transformer_blocks.43.attn1.add_v_proj.weight	BF16	3072,1536	denoiser	weight
transformer-2	transformer_blocks.43.attn1.norm_added_k.weight	BF16	128	identity_bytes	denoiser.transformer_blocks.43.attn1.norm_added_k.weight	BF16	128	denoiser	weight
transformer-2	transformer_blocks.43.attn1.norm_added_q.weight	BF16	128	identity_bytes	denoiser.transformer_blocks.43.attn1.norm_added_q.weight	BF16	128	denoiser	weight
transformer-2	transformer_blocks.43.attn1.norm_k.weight	BF16	128	identity_bytes	denoiser.transformer_blocks.43.attn1.norm_k.weight	BF16	128	denoiser	weight
transformer-2	transformer_blocks.43.attn1.norm_q.weight	BF16	128	identity_bytes	denoiser.transformer_blocks.43.attn1.norm_q.weight	BF16	128	denoiser	weight
transformer-2	transformer_blocks.43.attn1.to_add_out.bias	BF16	1536	identity_bytes	denoiser.transformer_blocks.43.attn1.to_add_out.bias	BF16	1536	denoiser	weight
transformer-2	transformer_blocks.43.attn1.to_add_out.weight	BF16	1536,3072	identity_bytes	denoiser.transformer_blocks.43.attn1.to_add_out.weight	BF16	1536,3072	denoiser	weight
transformer-2	transformer_blocks.43.attn1.to_k.weight	BF16	3072,3072	identity_bytes	denoiser.transformer_blocks.43.attn1.to_k.weight	BF16	3072,3072	denoiser	weight
transformer-2	transformer_blocks.43.attn1.to_out.0.bias	BF16	3072	identity_bytes	denoiser.transformer_blocks.43.attn1.to_out.0.bias	BF16	3072	denoiser	weight
transformer-2	transformer_blocks.43.attn1.to_out.0.weight	BF16	3072,3072	identity_bytes	denoiser.transformer_blocks.43.attn1.to_out.0.weight	BF16	3072,3072	denoiser	weight
transformer-2	transformer_blocks.43.attn1.to_q.weight	BF16	3072,3072	identity_bytes	denoiser.transformer_blocks.43.attn1.to_q.weight	BF16	3072,3072	denoiser	weight
transformer-2	transformer_blocks.43.attn1.to_v.weight	BF16	3072,3072	identity_bytes	denoiser.transformer_blocks.43.attn1.to_v.weight	BF16	3072,3072	denoiser	weight
transformer-2	transformer_blocks.43.ff.net.0.proj.weight	BF16	16384,3072	identity_bytes	denoiser.transformer_blocks.43.ff.net.0.proj.weight	BF16	16384,3072	denoiser	weight
transformer-2	transformer_blocks.43.ff.net.2.weight	BF16	3072,8192	identity_bytes	denoiser.transformer_blocks.43.ff.net.2.weight	BF16	3072,8192	denoiser	weight
transformer-2	transformer_blocks.43.ff_context.net.0.proj.weight	BF16	8192,1536	identity_bytes	denoiser.transformer_blocks.43.ff_context.net.0.proj.weight	BF16	8192,1536	denoiser	weight
transformer-2	transformer_blocks.43.ff_context.net.2.weight	BF16	1536,4096	identity_bytes	denoiser.transformer_blocks.43.ff_context.net.2.weight	BF16	1536,4096	denoiser	weight
transformer-2	transformer_blocks.43.norm1.linear.bias	BF16	12288	identity_bytes	denoiser.transformer_blocks.43.norm1.linear.bias	BF16	12288	denoiser	weight
transformer-2	transformer_blocks.43.norm1.linear.weight	BF16	12288,3072	identity_bytes	denoiser.transformer_blocks.43.norm1.linear.weight	BF16	12288,3072	denoiser	weight
transformer-2	transformer_blocks.43.norm1_context.linear.bias	BF16	6144	identity_bytes	denoiser.transformer_blocks.43.norm1_context.linear.bias	BF16	6144	denoiser	weight
transformer-2	transformer_blocks.43.norm1_context.linear.weight	BF16	6144,3072	identity_bytes	denoiser.transformer_blocks.43.norm1_context.linear.weight	BF16	6144,3072	denoiser	weight
transformer-2	transformer_blocks.44.attn1.add_k_proj.weight	BF16	3072,1536	identity_bytes	denoiser.transformer_blocks.44.attn1.add_k_proj.weight	BF16	3072,1536	denoiser	weight
transformer-2	transformer_blocks.44.attn1.add_q_proj.weight	BF16	3072,1536	identity_bytes	denoiser.transformer_blocks.44.attn1.add_q_proj.weight	BF16	3072,1536	denoiser	weight
transformer-2	transformer_blocks.44.attn1.add_v_proj.weight	BF16	3072,1536	identity_bytes	denoiser.transformer_blocks.44.attn1.add_v_proj.weight	BF16	3072,1536	denoiser	weight
transformer-2	transformer_blocks.44.attn1.norm_added_k.weight	BF16	128	identity_bytes	denoiser.transformer_blocks.44.attn1.norm_added_k.weight	BF16	128	denoiser	weight
transformer-2	transformer_blocks.44.attn1.norm_added_q.weight	BF16	128	identity_bytes	denoiser.transformer_blocks.44.attn1.norm_added_q.weight	BF16	128	denoiser	weight
transformer-2	transformer_blocks.44.attn1.norm_k.weight	BF16	128	identity_bytes	denoiser.transformer_blocks.44.attn1.norm_k.weight	BF16	128	denoiser	weight
transformer-2	transformer_blocks.44.attn1.norm_q.weight	BF16	128	identity_bytes	denoiser.transformer_blocks.44.attn1.norm_q.weight	BF16	128	denoiser	weight
transformer-2	transformer_blocks.44.attn1.to_add_out.bias	BF16	1536	identity_bytes	denoiser.transformer_blocks.44.attn1.to_add_out.bias	BF16	1536	denoiser	weight
transformer-2	transformer_blocks.44.attn1.to_add_out.weight	BF16	1536,3072	identity_bytes	denoiser.transformer_blocks.44.attn1.to_add_out.weight	BF16	1536,3072	denoiser	weight
transformer-2	transformer_blocks.44.attn1.to_k.weight	BF16	3072,3072	identity_bytes	denoiser.transformer_blocks.44.attn1.to_k.weight	BF16	3072,3072	denoiser	weight
transformer-2	transformer_blocks.44.attn1.to_out.0.bias	BF16	3072	identity_bytes	denoiser.transformer_blocks.44.attn1.to_out.0.bias	BF16	3072	denoiser	weight
transformer-2	transformer_blocks.44.attn1.to_out.0.weight	BF16	3072,3072	identity_bytes	denoiser.transformer_blocks.44.attn1.to_out.0.weight	BF16	3072,3072	denoiser	weight
transformer-2	transformer_blocks.44.attn1.to_q.weight	BF16	3072,3072	identity_bytes	denoiser.transformer_blocks.44.attn1.to_q.weight	BF16	3072,3072	denoiser	weight
transformer-2	transformer_blocks.44.attn1.to_v.weight	BF16	3072,3072	identity_bytes	denoiser.transformer_blocks.44.attn1.to_v.weight	BF16	3072,3072	denoiser	weight
transformer-2	transformer_blocks.44.ff.net.0.proj.weight	BF16	16384,3072	identity_bytes	denoiser.transformer_blocks.44.ff.net.0.proj.weight	BF16	16384,3072	denoiser	weight
transformer-2	transformer_blocks.44.ff.net.2.weight	BF16	3072,8192	identity_bytes	denoiser.transformer_blocks.44.ff.net.2.weight	BF16	3072,8192	denoiser	weight
transformer-2	transformer_blocks.44.ff_context.net.0.proj.weight	BF16	8192,1536	identity_bytes	denoiser.transformer_blocks.44.ff_context.net.0.proj.weight	BF16	8192,1536	denoiser	weight
transformer-2	transformer_blocks.44.ff_context.net.2.weight	BF16	1536,4096	identity_bytes	denoiser.transformer_blocks.44.ff_context.net.2.weight	BF16	1536,4096	denoiser	weight
transformer-2	transformer_blocks.44.norm1.linear.bias	BF16	12288	identity_bytes	denoiser.transformer_blocks.44.norm1.linear.bias	BF16	12288	denoiser	weight
transformer-2	transformer_blocks.44.norm1.linear.weight	BF16	12288,3072	identity_bytes	denoiser.transformer_blocks.44.norm1.linear.weight	BF16	12288,3072	denoiser	weight
transformer-2	transformer_blocks.44.norm1_context.linear.bias	BF16	6144	identity_bytes	denoiser.transformer_blocks.44.norm1_context.linear.bias	BF16	6144	denoiser	weight
transformer-2	transformer_blocks.44.norm1_context.linear.weight	BF16	6144,3072	identity_bytes	denoiser.transformer_blocks.44.norm1_context.linear.weight	BF16	6144,3072	denoiser	weight
transformer-2	transformer_blocks.45.attn1.add_k_proj.weight	BF16	3072,1536	identity_bytes	denoiser.transformer_blocks.45.attn1.add_k_proj.weight	BF16	3072,1536	denoiser	weight
transformer-2	transformer_blocks.45.attn1.add_q_proj.weight	BF16	3072,1536	identity_bytes	denoiser.transformer_blocks.45.attn1.add_q_proj.weight	BF16	3072,1536	denoiser	weight
transformer-2	transformer_blocks.45.attn1.add_v_proj.weight	BF16	3072,1536	identity_bytes	denoiser.transformer_blocks.45.attn1.add_v_proj.weight	BF16	3072,1536	denoiser	weight
transformer-2	transformer_blocks.45.attn1.norm_added_k.weight	BF16	128	identity_bytes	denoiser.transformer_blocks.45.attn1.norm_added_k.weight	BF16	128	denoiser	weight
transformer-2	transformer_blocks.45.attn1.norm_added_q.weight	BF16	128	identity_bytes	denoiser.transformer_blocks.45.attn1.norm_added_q.weight	BF16	128	denoiser	weight
transformer-2	transformer_blocks.45.attn1.norm_k.weight	BF16	128	identity_bytes	denoiser.transformer_blocks.45.attn1.norm_k.weight	BF16	128	denoiser	weight
transformer-2	transformer_blocks.45.attn1.norm_q.weight	BF16	128	identity_bytes	denoiser.transformer_blocks.45.attn1.norm_q.weight	BF16	128	denoiser	weight
transformer-2	transformer_blocks.45.attn1.to_add_out.bias	BF16	1536	identity_bytes	denoiser.transformer_blocks.45.attn1.to_add_out.bias	BF16	1536	denoiser	weight
transformer-2	transformer_blocks.45.attn1.to_add_out.weight	BF16	1536,3072	identity_bytes	denoiser.transformer_blocks.45.attn1.to_add_out.weight	BF16	1536,3072	denoiser	weight
transformer-2	transformer_blocks.45.attn1.to_k.weight	BF16	3072,3072	identity_bytes	denoiser.transformer_blocks.45.attn1.to_k.weight	BF16	3072,3072	denoiser	weight
transformer-2	transformer_blocks.45.attn1.to_out.0.bias	BF16	3072	identity_bytes	denoiser.transformer_blocks.45.attn1.to_out.0.bias	BF16	3072	denoiser	weight
transformer-2	transformer_blocks.45.attn1.to_out.0.weight	BF16	3072,3072	identity_bytes	denoiser.transformer_blocks.45.attn1.to_out.0.weight	BF16	3072,3072	denoiser	weight
transformer-2	transformer_blocks.45.attn1.to_q.weight	BF16	3072,3072	identity_bytes	denoiser.transformer_blocks.45.attn1.to_q.weight	BF16	3072,3072	denoiser	weight
transformer-2	transformer_blocks.45.attn1.to_v.weight	BF16	3072,3072	identity_bytes	denoiser.transformer_blocks.45.attn1.to_v.weight	BF16	3072,3072	denoiser	weight
transformer-2	transformer_blocks.45.ff.net.0.proj.weight	BF16	16384,3072	identity_bytes	denoiser.transformer_blocks.45.ff.net.0.proj.weight	BF16	16384,3072	denoiser	weight
transformer-2	transformer_blocks.45.ff.net.2.weight	BF16	3072,8192	identity_bytes	denoiser.transformer_blocks.45.ff.net.2.weight	BF16	3072,8192	denoiser	weight
transformer-2	transformer_blocks.45.ff_context.net.0.proj.weight	BF16	8192,1536	identity_bytes	denoiser.transformer_blocks.45.ff_context.net.0.proj.weight	BF16	8192,1536	denoiser	weight
transformer-2	transformer_blocks.45.ff_context.net.2.weight	BF16	1536,4096	identity_bytes	denoiser.transformer_blocks.45.ff_context.net.2.weight	BF16	1536,4096	denoiser	weight
transformer-2	transformer_blocks.45.norm1.linear.bias	BF16	12288	identity_bytes	denoiser.transformer_blocks.45.norm1.linear.bias	BF16	12288	denoiser	weight
transformer-2	transformer_blocks.45.norm1.linear.weight	BF16	12288,3072	identity_bytes	denoiser.transformer_blocks.45.norm1.linear.weight	BF16	12288,3072	denoiser	weight
transformer-2	transformer_blocks.45.norm1_context.linear.bias	BF16	6144	identity_bytes	denoiser.transformer_blocks.45.norm1_context.linear.bias	BF16	6144	denoiser	weight
transformer-2	transformer_blocks.45.norm1_context.linear.weight	BF16	6144,3072	identity_bytes	denoiser.transformer_blocks.45.norm1_context.linear.weight	BF16	6144,3072	denoiser	weight
transformer-2	transformer_blocks.46.attn1.add_k_proj.weight	BF16	3072,1536	identity_bytes	denoiser.transformer_blocks.46.attn1.add_k_proj.weight	BF16	3072,1536	denoiser	weight
transformer-2	transformer_blocks.46.attn1.add_q_proj.weight	BF16	3072,1536	identity_bytes	denoiser.transformer_blocks.46.attn1.add_q_proj.weight	BF16	3072,1536	denoiser	weight
transformer-2	transformer_blocks.46.attn1.add_v_proj.weight	BF16	3072,1536	identity_bytes	denoiser.transformer_blocks.46.attn1.add_v_proj.weight	BF16	3072,1536	denoiser	weight
transformer-2	transformer_blocks.46.attn1.norm_added_k.weight	BF16	128	identity_bytes	denoiser.transformer_blocks.46.attn1.norm_added_k.weight	BF16	128	denoiser	weight
transformer-2	transformer_blocks.46.attn1.norm_added_q.weight	BF16	128	identity_bytes	denoiser.transformer_blocks.46.attn1.norm_added_q.weight	BF16	128	denoiser	weight
transformer-2	transformer_blocks.46.attn1.norm_k.weight	BF16	128	identity_bytes	denoiser.transformer_blocks.46.attn1.norm_k.weight	BF16	128	denoiser	weight
transformer-2	transformer_blocks.46.attn1.norm_q.weight	BF16	128	identity_bytes	denoiser.transformer_blocks.46.attn1.norm_q.weight	BF16	128	denoiser	weight
transformer-2	transformer_blocks.46.attn1.to_add_out.bias	BF16	1536	identity_bytes	denoiser.transformer_blocks.46.attn1.to_add_out.bias	BF16	1536	denoiser	weight
transformer-2	transformer_blocks.46.attn1.to_add_out.weight	BF16	1536,3072	identity_bytes	denoiser.transformer_blocks.46.attn1.to_add_out.weight	BF16	1536,3072	denoiser	weight
transformer-2	transformer_blocks.46.attn1.to_k.weight	BF16	3072,3072	identity_bytes	denoiser.transformer_blocks.46.attn1.to_k.weight	BF16	3072,3072	denoiser	weight
transformer-2	transformer_blocks.46.attn1.to_out.0.bias	BF16	3072	identity_bytes	denoiser.transformer_blocks.46.attn1.to_out.0.bias	BF16	3072	denoiser	weight
transformer-2	transformer_blocks.46.attn1.to_out.0.weight	BF16	3072,3072	identity_bytes	denoiser.transformer_blocks.46.attn1.to_out.0.weight	BF16	3072,3072	denoiser	weight
transformer-2	transformer_blocks.46.attn1.to_q.weight	BF16	3072,3072	identity_bytes	denoiser.transformer_blocks.46.attn1.to_q.weight	BF16	3072,3072	denoiser	weight
transformer-2	transformer_blocks.46.attn1.to_v.weight	BF16	3072,3072	identity_bytes	denoiser.transformer_blocks.46.attn1.to_v.weight	BF16	3072,3072	denoiser	weight
transformer-2	transformer_blocks.46.ff.net.0.proj.weight	BF16	16384,3072	identity_bytes	denoiser.transformer_blocks.46.ff.net.0.proj.weight	BF16	16384,3072	denoiser	weight
transformer-2	transformer_blocks.46.ff.net.2.weight	BF16	3072,8192	identity_bytes	denoiser.transformer_blocks.46.ff.net.2.weight	BF16	3072,8192	denoiser	weight
transformer-2	transformer_blocks.46.ff_context.net.0.proj.weight	BF16	8192,1536	identity_bytes	denoiser.transformer_blocks.46.ff_context.net.0.proj.weight	BF16	8192,1536	denoiser	weight
transformer-2	transformer_blocks.46.ff_context.net.2.weight	BF16	1536,4096	identity_bytes	denoiser.transformer_blocks.46.ff_context.net.2.weight	BF16	1536,4096	denoiser	weight
transformer-2	transformer_blocks.46.norm1.linear.bias	BF16	12288	identity_bytes	denoiser.transformer_blocks.46.norm1.linear.bias	BF16	12288	denoiser	weight
transformer-2	transformer_blocks.46.norm1.linear.weight	BF16	12288,3072	identity_bytes	denoiser.transformer_blocks.46.norm1.linear.weight	BF16	12288,3072	denoiser	weight
transformer-2	transformer_blocks.46.norm1_context.linear.bias	BF16	6144	identity_bytes	denoiser.transformer_blocks.46.norm1_context.linear.bias	BF16	6144	denoiser	weight
transformer-2	transformer_blocks.46.norm1_context.linear.weight	BF16	6144,3072	identity_bytes	denoiser.transformer_blocks.46.norm1_context.linear.weight	BF16	6144,3072	denoiser	weight
transformer-2	transformer_blocks.47.attn1.add_k_proj.weight	BF16	3072,1536	identity_bytes	denoiser.transformer_blocks.47.attn1.add_k_proj.weight	BF16	3072,1536	denoiser	weight
transformer-2	transformer_blocks.47.attn1.add_q_proj.weight	BF16	3072,1536	identity_bytes	denoiser.transformer_blocks.47.attn1.add_q_proj.weight	BF16	3072,1536	denoiser	weight
transformer-2	transformer_blocks.47.attn1.add_v_proj.weight	BF16	3072,1536	identity_bytes	denoiser.transformer_blocks.47.attn1.add_v_proj.weight	BF16	3072,1536	denoiser	weight
transformer-2	transformer_blocks.47.attn1.norm_added_k.weight	BF16	128	identity_bytes	denoiser.transformer_blocks.47.attn1.norm_added_k.weight	BF16	128	denoiser	weight
transformer-2	transformer_blocks.47.attn1.norm_added_q.weight	BF16	128	identity_bytes	denoiser.transformer_blocks.47.attn1.norm_added_q.weight	BF16	128	denoiser	weight
transformer-2	transformer_blocks.47.attn1.norm_k.weight	BF16	128	identity_bytes	denoiser.transformer_blocks.47.attn1.norm_k.weight	BF16	128	denoiser	weight
transformer-2	transformer_blocks.47.attn1.norm_q.weight	BF16	128	identity_bytes	denoiser.transformer_blocks.47.attn1.norm_q.weight	BF16	128	denoiser	weight
transformer-2	transformer_blocks.47.attn1.to_k.weight	BF16	3072,3072	identity_bytes	denoiser.transformer_blocks.47.attn1.to_k.weight	BF16	3072,3072	denoiser	weight
transformer-2	transformer_blocks.47.attn1.to_out.0.bias	BF16	3072	identity_bytes	denoiser.transformer_blocks.47.attn1.to_out.0.bias	BF16	3072	denoiser	weight
transformer-2	transformer_blocks.47.attn1.to_out.0.weight	BF16	3072,3072	identity_bytes	denoiser.transformer_blocks.47.attn1.to_out.0.weight	BF16	3072,3072	denoiser	weight
transformer-2	transformer_blocks.47.attn1.to_q.weight	BF16	3072,3072	identity_bytes	denoiser.transformer_blocks.47.attn1.to_q.weight	BF16	3072,3072	denoiser	weight
transformer-2	transformer_blocks.47.attn1.to_v.weight	BF16	3072,3072	identity_bytes	denoiser.transformer_blocks.47.attn1.to_v.weight	BF16	3072,3072	denoiser	weight
transformer-3	transformer_blocks.47.ff.net.0.proj.weight	BF16	16384,3072	identity_bytes	denoiser.transformer_blocks.47.ff.net.0.proj.weight	BF16	16384,3072	denoiser	weight
transformer-3	transformer_blocks.47.ff.net.2.weight	BF16	3072,8192	identity_bytes	denoiser.transformer_blocks.47.ff.net.2.weight	BF16	3072,8192	denoiser	weight
transformer-2	transformer_blocks.47.norm1.linear.bias	BF16	12288	identity_bytes	denoiser.transformer_blocks.47.norm1.linear.bias	BF16	12288	denoiser	weight
transformer-2	transformer_blocks.47.norm1.linear.weight	BF16	12288,3072	identity_bytes	denoiser.transformer_blocks.47.norm1.linear.weight	BF16	12288,3072	denoiser	weight
transformer-2	transformer_blocks.47.norm1_context.linear_1.bias	BF16	1536	identity_bytes	denoiser.transformer_blocks.47.norm1_context.linear_1.bias	BF16	1536	denoiser	weight
transformer-2	transformer_blocks.47.norm1_context.linear_1.weight	BF16	1536,3072	identity_bytes	denoiser.transformer_blocks.47.norm1_context.linear_1.weight	BF16	1536,3072	denoiser	weight
transformer-1	transformer_blocks.5.attn1.add_k_proj.weight	BF16	3072,1536	identity_bytes	denoiser.transformer_blocks.5.attn1.add_k_proj.weight	BF16	3072,1536	denoiser	weight
transformer-1	transformer_blocks.5.attn1.add_q_proj.weight	BF16	3072,1536	identity_bytes	denoiser.transformer_blocks.5.attn1.add_q_proj.weight	BF16	3072,1536	denoiser	weight
transformer-1	transformer_blocks.5.attn1.add_v_proj.weight	BF16	3072,1536	identity_bytes	denoiser.transformer_blocks.5.attn1.add_v_proj.weight	BF16	3072,1536	denoiser	weight
transformer-1	transformer_blocks.5.attn1.norm_added_k.weight	BF16	128	identity_bytes	denoiser.transformer_blocks.5.attn1.norm_added_k.weight	BF16	128	denoiser	weight
transformer-1	transformer_blocks.5.attn1.norm_added_q.weight	BF16	128	identity_bytes	denoiser.transformer_blocks.5.attn1.norm_added_q.weight	BF16	128	denoiser	weight
transformer-1	transformer_blocks.5.attn1.norm_k.weight	BF16	128	identity_bytes	denoiser.transformer_blocks.5.attn1.norm_k.weight	BF16	128	denoiser	weight
transformer-1	transformer_blocks.5.attn1.norm_q.weight	BF16	128	identity_bytes	denoiser.transformer_blocks.5.attn1.norm_q.weight	BF16	128	denoiser	weight
transformer-1	transformer_blocks.5.attn1.to_add_out.bias	BF16	1536	identity_bytes	denoiser.transformer_blocks.5.attn1.to_add_out.bias	BF16	1536	denoiser	weight
transformer-1	transformer_blocks.5.attn1.to_add_out.weight	BF16	1536,3072	identity_bytes	denoiser.transformer_blocks.5.attn1.to_add_out.weight	BF16	1536,3072	denoiser	weight
transformer-1	transformer_blocks.5.attn1.to_k.weight	BF16	3072,3072	identity_bytes	denoiser.transformer_blocks.5.attn1.to_k.weight	BF16	3072,3072	denoiser	weight
transformer-1	transformer_blocks.5.attn1.to_out.0.bias	BF16	3072	identity_bytes	denoiser.transformer_blocks.5.attn1.to_out.0.bias	BF16	3072	denoiser	weight
transformer-1	transformer_blocks.5.attn1.to_out.0.weight	BF16	3072,3072	identity_bytes	denoiser.transformer_blocks.5.attn1.to_out.0.weight	BF16	3072,3072	denoiser	weight
transformer-1	transformer_blocks.5.attn1.to_q.weight	BF16	3072,3072	identity_bytes	denoiser.transformer_blocks.5.attn1.to_q.weight	BF16	3072,3072	denoiser	weight
transformer-1	transformer_blocks.5.attn1.to_v.weight	BF16	3072,3072	identity_bytes	denoiser.transformer_blocks.5.attn1.to_v.weight	BF16	3072,3072	denoiser	weight
transformer-1	transformer_blocks.5.ff.net.0.proj.weight	BF16	16384,3072	identity_bytes	denoiser.transformer_blocks.5.ff.net.0.proj.weight	BF16	16384,3072	denoiser	weight
transformer-1	transformer_blocks.5.ff.net.2.weight	BF16	3072,8192	identity_bytes	denoiser.transformer_blocks.5.ff.net.2.weight	BF16	3072,8192	denoiser	weight
transformer-1	transformer_blocks.5.ff_context.net.0.proj.weight	BF16	8192,1536	identity_bytes	denoiser.transformer_blocks.5.ff_context.net.0.proj.weight	BF16	8192,1536	denoiser	weight
transformer-1	transformer_blocks.5.ff_context.net.2.weight	BF16	1536,4096	identity_bytes	denoiser.transformer_blocks.5.ff_context.net.2.weight	BF16	1536,4096	denoiser	weight
transformer-1	transformer_blocks.5.norm1.linear.bias	BF16	12288	identity_bytes	denoiser.transformer_blocks.5.norm1.linear.bias	BF16	12288	denoiser	weight
transformer-1	transformer_blocks.5.norm1.linear.weight	BF16	12288,3072	identity_bytes	denoiser.transformer_blocks.5.norm1.linear.weight	BF16	12288,3072	denoiser	weight
transformer-1	transformer_blocks.5.norm1_context.linear.bias	BF16	6144	identity_bytes	denoiser.transformer_blocks.5.norm1_context.linear.bias	BF16	6144	denoiser	weight
transformer-1	transformer_blocks.5.norm1_context.linear.weight	BF16	6144,3072	identity_bytes	denoiser.transformer_blocks.5.norm1_context.linear.weight	BF16	6144,3072	denoiser	weight
transformer-1	transformer_blocks.6.attn1.add_k_proj.weight	BF16	3072,1536	identity_bytes	denoiser.transformer_blocks.6.attn1.add_k_proj.weight	BF16	3072,1536	denoiser	weight
transformer-1	transformer_blocks.6.attn1.add_q_proj.weight	BF16	3072,1536	identity_bytes	denoiser.transformer_blocks.6.attn1.add_q_proj.weight	BF16	3072,1536	denoiser	weight
transformer-1	transformer_blocks.6.attn1.add_v_proj.weight	BF16	3072,1536	identity_bytes	denoiser.transformer_blocks.6.attn1.add_v_proj.weight	BF16	3072,1536	denoiser	weight
transformer-1	transformer_blocks.6.attn1.norm_added_k.weight	BF16	128	identity_bytes	denoiser.transformer_blocks.6.attn1.norm_added_k.weight	BF16	128	denoiser	weight
transformer-1	transformer_blocks.6.attn1.norm_added_q.weight	BF16	128	identity_bytes	denoiser.transformer_blocks.6.attn1.norm_added_q.weight	BF16	128	denoiser	weight
transformer-1	transformer_blocks.6.attn1.norm_k.weight	BF16	128	identity_bytes	denoiser.transformer_blocks.6.attn1.norm_k.weight	BF16	128	denoiser	weight
transformer-1	transformer_blocks.6.attn1.norm_q.weight	BF16	128	identity_bytes	denoiser.transformer_blocks.6.attn1.norm_q.weight	BF16	128	denoiser	weight
transformer-1	transformer_blocks.6.attn1.to_add_out.bias	BF16	1536	identity_bytes	denoiser.transformer_blocks.6.attn1.to_add_out.bias	BF16	1536	denoiser	weight
transformer-1	transformer_blocks.6.attn1.to_add_out.weight	BF16	1536,3072	identity_bytes	denoiser.transformer_blocks.6.attn1.to_add_out.weight	BF16	1536,3072	denoiser	weight
transformer-1	transformer_blocks.6.attn1.to_k.weight	BF16	3072,3072	identity_bytes	denoiser.transformer_blocks.6.attn1.to_k.weight	BF16	3072,3072	denoiser	weight
transformer-1	transformer_blocks.6.attn1.to_out.0.bias	BF16	3072	identity_bytes	denoiser.transformer_blocks.6.attn1.to_out.0.bias	BF16	3072	denoiser	weight
transformer-1	transformer_blocks.6.attn1.to_out.0.weight	BF16	3072,3072	identity_bytes	denoiser.transformer_blocks.6.attn1.to_out.0.weight	BF16	3072,3072	denoiser	weight
transformer-1	transformer_blocks.6.attn1.to_q.weight	BF16	3072,3072	identity_bytes	denoiser.transformer_blocks.6.attn1.to_q.weight	BF16	3072,3072	denoiser	weight
transformer-1	transformer_blocks.6.attn1.to_v.weight	BF16	3072,3072	identity_bytes	denoiser.transformer_blocks.6.attn1.to_v.weight	BF16	3072,3072	denoiser	weight
transformer-1	transformer_blocks.6.ff.net.0.proj.weight	BF16	16384,3072	identity_bytes	denoiser.transformer_blocks.6.ff.net.0.proj.weight	BF16	16384,3072	denoiser	weight
transformer-1	transformer_blocks.6.ff.net.2.weight	BF16	3072,8192	identity_bytes	denoiser.transformer_blocks.6.ff.net.2.weight	BF16	3072,8192	denoiser	weight
transformer-1	transformer_blocks.6.ff_context.net.0.proj.weight	BF16	8192,1536	identity_bytes	denoiser.transformer_blocks.6.ff_context.net.0.proj.weight	BF16	8192,1536	denoiser	weight
transformer-1	transformer_blocks.6.ff_context.net.2.weight	BF16	1536,4096	identity_bytes	denoiser.transformer_blocks.6.ff_context.net.2.weight	BF16	1536,4096	denoiser	weight
transformer-1	transformer_blocks.6.norm1.linear.bias	BF16	12288	identity_bytes	denoiser.transformer_blocks.6.norm1.linear.bias	BF16	12288	denoiser	weight
transformer-1	transformer_blocks.6.norm1.linear.weight	BF16	12288,3072	identity_bytes	denoiser.transformer_blocks.6.norm1.linear.weight	BF16	12288,3072	denoiser	weight
transformer-1	transformer_blocks.6.norm1_context.linear.bias	BF16	6144	identity_bytes	denoiser.transformer_blocks.6.norm1_context.linear.bias	BF16	6144	denoiser	weight
transformer-1	transformer_blocks.6.norm1_context.linear.weight	BF16	6144,3072	identity_bytes	denoiser.transformer_blocks.6.norm1_context.linear.weight	BF16	6144,3072	denoiser	weight
transformer-1	transformer_blocks.7.attn1.add_k_proj.weight	BF16	3072,1536	identity_bytes	denoiser.transformer_blocks.7.attn1.add_k_proj.weight	BF16	3072,1536	denoiser	weight
transformer-1	transformer_blocks.7.attn1.add_q_proj.weight	BF16	3072,1536	identity_bytes	denoiser.transformer_blocks.7.attn1.add_q_proj.weight	BF16	3072,1536	denoiser	weight
transformer-1	transformer_blocks.7.attn1.add_v_proj.weight	BF16	3072,1536	identity_bytes	denoiser.transformer_blocks.7.attn1.add_v_proj.weight	BF16	3072,1536	denoiser	weight
transformer-1	transformer_blocks.7.attn1.norm_added_k.weight	BF16	128	identity_bytes	denoiser.transformer_blocks.7.attn1.norm_added_k.weight	BF16	128	denoiser	weight
transformer-1	transformer_blocks.7.attn1.norm_added_q.weight	BF16	128	identity_bytes	denoiser.transformer_blocks.7.attn1.norm_added_q.weight	BF16	128	denoiser	weight
transformer-1	transformer_blocks.7.attn1.norm_k.weight	BF16	128	identity_bytes	denoiser.transformer_blocks.7.attn1.norm_k.weight	BF16	128	denoiser	weight
transformer-1	transformer_blocks.7.attn1.norm_q.weight	BF16	128	identity_bytes	denoiser.transformer_blocks.7.attn1.norm_q.weight	BF16	128	denoiser	weight
transformer-1	transformer_blocks.7.attn1.to_add_out.bias	BF16	1536	identity_bytes	denoiser.transformer_blocks.7.attn1.to_add_out.bias	BF16	1536	denoiser	weight
transformer-1	transformer_blocks.7.attn1.to_add_out.weight	BF16	1536,3072	identity_bytes	denoiser.transformer_blocks.7.attn1.to_add_out.weight	BF16	1536,3072	denoiser	weight
transformer-1	transformer_blocks.7.attn1.to_k.weight	BF16	3072,3072	identity_bytes	denoiser.transformer_blocks.7.attn1.to_k.weight	BF16	3072,3072	denoiser	weight
transformer-1	transformer_blocks.7.attn1.to_out.0.bias	BF16	3072	identity_bytes	denoiser.transformer_blocks.7.attn1.to_out.0.bias	BF16	3072	denoiser	weight
transformer-1	transformer_blocks.7.attn1.to_out.0.weight	BF16	3072,3072	identity_bytes	denoiser.transformer_blocks.7.attn1.to_out.0.weight	BF16	3072,3072	denoiser	weight
transformer-1	transformer_blocks.7.attn1.to_q.weight	BF16	3072,3072	identity_bytes	denoiser.transformer_blocks.7.attn1.to_q.weight	BF16	3072,3072	denoiser	weight
transformer-1	transformer_blocks.7.attn1.to_v.weight	BF16	3072,3072	identity_bytes	denoiser.transformer_blocks.7.attn1.to_v.weight	BF16	3072,3072	denoiser	weight
transformer-1	transformer_blocks.7.ff.net.0.proj.weight	BF16	16384,3072	identity_bytes	denoiser.transformer_blocks.7.ff.net.0.proj.weight	BF16	16384,3072	denoiser	weight
transformer-1	transformer_blocks.7.ff.net.2.weight	BF16	3072,8192	identity_bytes	denoiser.transformer_blocks.7.ff.net.2.weight	BF16	3072,8192	denoiser	weight
transformer-1	transformer_blocks.7.ff_context.net.0.proj.weight	BF16	8192,1536	identity_bytes	denoiser.transformer_blocks.7.ff_context.net.0.proj.weight	BF16	8192,1536	denoiser	weight
transformer-1	transformer_blocks.7.ff_context.net.2.weight	BF16	1536,4096	identity_bytes	denoiser.transformer_blocks.7.ff_context.net.2.weight	BF16	1536,4096	denoiser	weight
transformer-1	transformer_blocks.7.norm1.linear.bias	BF16	12288	identity_bytes	denoiser.transformer_blocks.7.norm1.linear.bias	BF16	12288	denoiser	weight
transformer-1	transformer_blocks.7.norm1.linear.weight	BF16	12288,3072	identity_bytes	denoiser.transformer_blocks.7.norm1.linear.weight	BF16	12288,3072	denoiser	weight
transformer-1	transformer_blocks.7.norm1_context.linear.bias	BF16	6144	identity_bytes	denoiser.transformer_blocks.7.norm1_context.linear.bias	BF16	6144	denoiser	weight
transformer-1	transformer_blocks.7.norm1_context.linear.weight	BF16	6144,3072	identity_bytes	denoiser.transformer_blocks.7.norm1_context.linear.weight	BF16	6144,3072	denoiser	weight
transformer-1	transformer_blocks.8.attn1.add_k_proj.weight	BF16	3072,1536	identity_bytes	denoiser.transformer_blocks.8.attn1.add_k_proj.weight	BF16	3072,1536	denoiser	weight
transformer-1	transformer_blocks.8.attn1.add_q_proj.weight	BF16	3072,1536	identity_bytes	denoiser.transformer_blocks.8.attn1.add_q_proj.weight	BF16	3072,1536	denoiser	weight
transformer-1	transformer_blocks.8.attn1.add_v_proj.weight	BF16	3072,1536	identity_bytes	denoiser.transformer_blocks.8.attn1.add_v_proj.weight	BF16	3072,1536	denoiser	weight
transformer-1	transformer_blocks.8.attn1.norm_added_k.weight	BF16	128	identity_bytes	denoiser.transformer_blocks.8.attn1.norm_added_k.weight	BF16	128	denoiser	weight
transformer-1	transformer_blocks.8.attn1.norm_added_q.weight	BF16	128	identity_bytes	denoiser.transformer_blocks.8.attn1.norm_added_q.weight	BF16	128	denoiser	weight
transformer-1	transformer_blocks.8.attn1.norm_k.weight	BF16	128	identity_bytes	denoiser.transformer_blocks.8.attn1.norm_k.weight	BF16	128	denoiser	weight
transformer-1	transformer_blocks.8.attn1.norm_q.weight	BF16	128	identity_bytes	denoiser.transformer_blocks.8.attn1.norm_q.weight	BF16	128	denoiser	weight
transformer-1	transformer_blocks.8.attn1.to_add_out.bias	BF16	1536	identity_bytes	denoiser.transformer_blocks.8.attn1.to_add_out.bias	BF16	1536	denoiser	weight
transformer-1	transformer_blocks.8.attn1.to_add_out.weight	BF16	1536,3072	identity_bytes	denoiser.transformer_blocks.8.attn1.to_add_out.weight	BF16	1536,3072	denoiser	weight
transformer-1	transformer_blocks.8.attn1.to_k.weight	BF16	3072,3072	identity_bytes	denoiser.transformer_blocks.8.attn1.to_k.weight	BF16	3072,3072	denoiser	weight
transformer-1	transformer_blocks.8.attn1.to_out.0.bias	BF16	3072	identity_bytes	denoiser.transformer_blocks.8.attn1.to_out.0.bias	BF16	3072	denoiser	weight
transformer-1	transformer_blocks.8.attn1.to_out.0.weight	BF16	3072,3072	identity_bytes	denoiser.transformer_blocks.8.attn1.to_out.0.weight	BF16	3072,3072	denoiser	weight
transformer-1	transformer_blocks.8.attn1.to_q.weight	BF16	3072,3072	identity_bytes	denoiser.transformer_blocks.8.attn1.to_q.weight	BF16	3072,3072	denoiser	weight
transformer-1	transformer_blocks.8.attn1.to_v.weight	BF16	3072,3072	identity_bytes	denoiser.transformer_blocks.8.attn1.to_v.weight	BF16	3072,3072	denoiser	weight
transformer-1	transformer_blocks.8.ff.net.0.proj.weight	BF16	16384,3072	identity_bytes	denoiser.transformer_blocks.8.ff.net.0.proj.weight	BF16	16384,3072	denoiser	weight
transformer-1	transformer_blocks.8.ff.net.2.weight	BF16	3072,8192	identity_bytes	denoiser.transformer_blocks.8.ff.net.2.weight	BF16	3072,8192	denoiser	weight
transformer-1	transformer_blocks.8.ff_context.net.0.proj.weight	BF16	8192,1536	identity_bytes	denoiser.transformer_blocks.8.ff_context.net.0.proj.weight	BF16	8192,1536	denoiser	weight
transformer-1	transformer_blocks.8.ff_context.net.2.weight	BF16	1536,4096	identity_bytes	denoiser.transformer_blocks.8.ff_context.net.2.weight	BF16	1536,4096	denoiser	weight
transformer-1	transformer_blocks.8.norm1.linear.bias	BF16	12288	identity_bytes	denoiser.transformer_blocks.8.norm1.linear.bias	BF16	12288	denoiser	weight
transformer-1	transformer_blocks.8.norm1.linear.weight	BF16	12288,3072	identity_bytes	denoiser.transformer_blocks.8.norm1.linear.weight	BF16	12288,3072	denoiser	weight
transformer-1	transformer_blocks.8.norm1_context.linear.bias	BF16	6144	identity_bytes	denoiser.transformer_blocks.8.norm1_context.linear.bias	BF16	6144	denoiser	weight
transformer-1	transformer_blocks.8.norm1_context.linear.weight	BF16	6144,3072	identity_bytes	denoiser.transformer_blocks.8.norm1_context.linear.weight	BF16	6144,3072	denoiser	weight
transformer-1	transformer_blocks.9.attn1.add_k_proj.weight	BF16	3072,1536	identity_bytes	denoiser.transformer_blocks.9.attn1.add_k_proj.weight	BF16	3072,1536	denoiser	weight
transformer-1	transformer_blocks.9.attn1.add_q_proj.weight	BF16	3072,1536	identity_bytes	denoiser.transformer_blocks.9.attn1.add_q_proj.weight	BF16	3072,1536	denoiser	weight
transformer-1	transformer_blocks.9.attn1.add_v_proj.weight	BF16	3072,1536	identity_bytes	denoiser.transformer_blocks.9.attn1.add_v_proj.weight	BF16	3072,1536	denoiser	weight
transformer-1	transformer_blocks.9.attn1.norm_added_k.weight	BF16	128	identity_bytes	denoiser.transformer_blocks.9.attn1.norm_added_k.weight	BF16	128	denoiser	weight
transformer-1	transformer_blocks.9.attn1.norm_added_q.weight	BF16	128	identity_bytes	denoiser.transformer_blocks.9.attn1.norm_added_q.weight	BF16	128	denoiser	weight
transformer-1	transformer_blocks.9.attn1.norm_k.weight	BF16	128	identity_bytes	denoiser.transformer_blocks.9.attn1.norm_k.weight	BF16	128	denoiser	weight
transformer-1	transformer_blocks.9.attn1.norm_q.weight	BF16	128	identity_bytes	denoiser.transformer_blocks.9.attn1.norm_q.weight	BF16	128	denoiser	weight
transformer-1	transformer_blocks.9.attn1.to_add_out.bias	BF16	1536	identity_bytes	denoiser.transformer_blocks.9.attn1.to_add_out.bias	BF16	1536	denoiser	weight
transformer-1	transformer_blocks.9.attn1.to_add_out.weight	BF16	1536,3072	identity_bytes	denoiser.transformer_blocks.9.attn1.to_add_out.weight	BF16	1536,3072	denoiser	weight
transformer-1	transformer_blocks.9.attn1.to_k.weight	BF16	3072,3072	identity_bytes	denoiser.transformer_blocks.9.attn1.to_k.weight	BF16	3072,3072	denoiser	weight
transformer-1	transformer_blocks.9.attn1.to_out.0.bias	BF16	3072	identity_bytes	denoiser.transformer_blocks.9.attn1.to_out.0.bias	BF16	3072	denoiser	weight
transformer-1	transformer_blocks.9.attn1.to_out.0.weight	BF16	3072,3072	identity_bytes	denoiser.transformer_blocks.9.attn1.to_out.0.weight	BF16	3072,3072	denoiser	weight
transformer-1	transformer_blocks.9.attn1.to_q.weight	BF16	3072,3072	identity_bytes	denoiser.transformer_blocks.9.attn1.to_q.weight	BF16	3072,3072	denoiser	weight
transformer-1	transformer_blocks.9.attn1.to_v.weight	BF16	3072,3072	identity_bytes	denoiser.transformer_blocks.9.attn1.to_v.weight	BF16	3072,3072	denoiser	weight
transformer-1	transformer_blocks.9.ff.net.0.proj.weight	BF16	16384,3072	identity_bytes	denoiser.transformer_blocks.9.ff.net.0.proj.weight	BF16	16384,3072	denoiser	weight
transformer-1	transformer_blocks.9.ff.net.2.weight	BF16	3072,8192	identity_bytes	denoiser.transformer_blocks.9.ff.net.2.weight	BF16	3072,8192	denoiser	weight
transformer-1	transformer_blocks.9.ff_context.net.0.proj.weight	BF16	8192,1536	identity_bytes	denoiser.transformer_blocks.9.ff_context.net.0.proj.weight	BF16	8192,1536	denoiser	weight
transformer-1	transformer_blocks.9.ff_context.net.2.weight	BF16	1536,4096	identity_bytes	denoiser.transformer_blocks.9.ff_context.net.2.weight	BF16	1536,4096	denoiser	weight
transformer-1	transformer_blocks.9.norm1.linear.bias	BF16	12288	identity_bytes	denoiser.transformer_blocks.9.norm1.linear.bias	BF16	12288	denoiser	weight
transformer-1	transformer_blocks.9.norm1.linear.weight	BF16	12288,3072	identity_bytes	denoiser.transformer_blocks.9.norm1.linear.weight	BF16	12288,3072	denoiser	weight
transformer-1	transformer_blocks.9.norm1_context.linear.bias	BF16	6144	identity_bytes	denoiser.transformer_blocks.9.norm1_context.linear.bias	BF16	6144	denoiser	weight
transformer-1	transformer_blocks.9.norm1_context.linear.weight	BF16	6144,3072	identity_bytes	denoiser.transformer_blocks.9.norm1_context.linear.weight	BF16	6144,3072	denoiser	weight
